modele,famille,tache,titre,metrique,nature,valeur,echelle
apertus-70b,quebec,1a,"Quebecisme : reperer un terme dans un echange, puis en donner le sens",definition_accuracy,performance,95.86,pourcentage pour les metriques exprimees en taux
apertus-70b,quebec,1a,"Quebecisme : reperer un terme dans un echange, puis en donner le sens",detection_accuracy,performance,32.52,pourcentage pour les metriques exprimees en taux
apertus-70b,quebec,1a,"Quebecisme : reperer un terme dans un echange, puis en donner le sens",num_definitions_scored,effectif,145.0,pourcentage pour les metriques exprimees en taux
apertus-70b,quebec,1a,"Quebecisme : reperer un terme dans un echange, puis en donner le sens",num_detected,effectif,173.0,pourcentage pour les metriques exprimees en taux
apertus-70b,quebec,1a,"Quebecisme : reperer un terme dans un echange, puis en donner le sens",num_items,effectif,532.0,pourcentage pour les metriques exprimees en taux
apertus-70b,quebec,1a,"Quebecisme : reperer un terme dans un echange, puis en donner le sens",num_no_term,effectif,0.0,pourcentage pour les metriques exprimees en taux
apertus-70b,quebec,1b,Terminologie parlementaire : reconnaitre le sens d'un terme de procedure,abstention_rate,performance,3.92,pourcentage pour les metriques exprimees en taux
apertus-70b,quebec,1b,Terminologie parlementaire : reconnaitre le sens d'un terme de procedure,accuracy,performance,91.98,pourcentage pour les metriques exprimees en taux
apertus-70b,quebec,1b,Terminologie parlementaire : reconnaitre le sens d'un terme de procedure,accuracy_hors_abstention,performance,95.73,pourcentage pour les metriques exprimees en taux
apertus-70b,quebec,1b,Terminologie parlementaire : reconnaitre le sens d'un terme de procedure,chance_level,repere,20.0,pourcentage pour les metriques exprimees en taux
apertus-70b,quebec,1b,Terminologie parlementaire : reconnaitre le sens d'un terme de procedure,macro_f1,performance,86.97,pourcentage pour les metriques exprimees en taux
apertus-70b,quebec,1b,Terminologie parlementaire : reconnaitre le sens d'un terme de procedure,majority_class_rate,repere,2.24,pourcentage pour les metriques exprimees en taux
apertus-70b,quebec,1b,Terminologie parlementaire : reconnaitre le sens d'un terme de procedure,num_answered,effectif,515.0,pourcentage pour les metriques exprimees en taux
apertus-70b,quebec,1b,Terminologie parlementaire : reconnaitre le sens d'un terme de procedure,num_items,effectif,536.0,pourcentage pour les metriques exprimees en taux
apertus-70b,quebec,1b,Terminologie parlementaire : reconnaitre le sens d'un terme de procedure,num_off_label,effectif,0.0,pourcentage pour les metriques exprimees en taux
apertus-70b,quebec,1c,Reference institutionnelle : produire l'expansion d'un sigle,abstention_rate,performance,45.3,pourcentage pour les metriques exprimees en taux
apertus-70b,quebec,1c,Reference institutionnelle : produire l'expansion d'un sigle,accuracy,performance,0.0,pourcentage pour les metriques exprimees en taux
apertus-70b,quebec,1c,Reference institutionnelle : produire l'expansion d'un sigle,containment_verbosity,performance,2.25,pourcentage pour les metriques exprimees en taux
apertus-70b,quebec,1c,Reference institutionnelle : produire l'expansion d'un sigle,num_items,effectif,1000.0,pourcentage pour les metriques exprimees en taux
apertus-70b,quebec,1c,Reference institutionnelle : produire l'expansion d'un sigle,span_containment,performance,41.3,pourcentage pour les metriques exprimees en taux
apertus-70b,quebec,1d,Norme lexicale : retrouver le mot employe par un locuteur quebecois,abstention_rate,performance,12.54,pourcentage pour les metriques exprimees en taux
apertus-70b,quebec,1d,Norme lexicale : retrouver le mot employe par un locuteur quebecois,accuracy,performance,43.9,pourcentage pour les metriques exprimees en taux
apertus-70b,quebec,1d,Norme lexicale : retrouver le mot employe par un locuteur quebecois,accuracy_hors_abstention,performance,50.2,pourcentage pour les metriques exprimees en taux
apertus-70b,quebec,1d,Norme lexicale : retrouver le mot employe par un locuteur quebecois,chance_level,repere,20.0,pourcentage pour les metriques exprimees en taux
apertus-70b,quebec,1d,Norme lexicale : retrouver le mot employe par un locuteur quebecois,macro_f1,performance,28.81,pourcentage pour les metriques exprimees en taux
apertus-70b,quebec,1d,Norme lexicale : retrouver le mot employe par un locuteur quebecois,majority_class_rate,repere,4.18,pourcentage pour les metriques exprimees en taux
apertus-70b,quebec,1d,Norme lexicale : retrouver le mot employe par un locuteur quebecois,num_answered,effectif,251.0,pourcentage pour les metriques exprimees en taux
apertus-70b,quebec,1d,Norme lexicale : retrouver le mot employe par un locuteur quebecois,num_items,effectif,287.0,pourcentage pour les metriques exprimees en taux
apertus-70b,quebec,1d,Norme lexicale : retrouver le mot employe par un locuteur quebecois,num_off_label,effectif,0.0,pourcentage pour les metriques exprimees en taux
apertus-70b,quebec,1e,Acceptabilite : juger si une phrase est du francais quebecois acceptable,accuracy,performance,76.5,pourcentage pour les metriques exprimees en taux
apertus-70b,quebec,1e,Acceptabilite : juger si une phrase est du francais quebecois acceptable,macro_f1,performance,62.05,pourcentage pour les metriques exprimees en taux
apertus-70b,quebec,1e,Acceptabilite : juger si une phrase est du francais quebecois acceptable,majority_class_rate,repere,69.3,pourcentage pour les metriques exprimees en taux
apertus-70b,quebec,1e,Acceptabilite : juger si une phrase est du francais quebecois acceptable,num_answered,effectif,1000.0,pourcentage pour les metriques exprimees en taux
apertus-70b,quebec,1e,Acceptabilite : juger si une phrase est du francais quebecois acceptable,num_items,effectif,1000.0,pourcentage pour les metriques exprimees en taux
apertus-70b,quebec,1e,Acceptabilite : juger si une phrase est du francais quebecois acceptable,num_off_label,effectif,0.0,pourcentage pour les metriques exprimees en taux
apertus-70b,quebec,1f,"Paire minimale : preferer la phrase grammaticale, contre un plafond humain",accuracy,performance,83.02,pourcentage pour les metriques exprimees en taux
apertus-70b,quebec,1f,"Paire minimale : preferer la phrase grammaticale, contre un plafond humain",chance_level,repere,50.0,pourcentage pour les metriques exprimees en taux
apertus-70b,quebec,1f,"Paire minimale : preferer la phrase grammaticale, contre un plafond humain",human_ceiling,repere,87.42,pourcentage pour les metriques exprimees en taux
apertus-70b,quebec,1f,"Paire minimale : preferer la phrase grammaticale, contre un plafond humain",macro_f1,performance,82.73,pourcentage pour les metriques exprimees en taux
apertus-70b,quebec,1f,"Paire minimale : preferer la phrase grammaticale, contre un plafond humain",majority_class_rate,repere,51.72,pourcentage pour les metriques exprimees en taux
apertus-70b,quebec,1f,"Paire minimale : preferer la phrase grammaticale, contre un plafond humain",num_answered,effectif,524.0,pourcentage pour les metriques exprimees en taux
apertus-70b,quebec,1f,"Paire minimale : preferer la phrase grammaticale, contre un plafond humain",num_items,effectif,524.0,pourcentage pour les metriques exprimees en taux
apertus-70b,quebec,1f,"Paire minimale : preferer la phrase grammaticale, contre un plafond humain",num_items_with_ceiling,effectif,524.0,pourcentage pour les metriques exprimees en taux
apertus-70b,quebec,1f,"Paire minimale : preferer la phrase grammaticale, contre un plafond humain",num_off_label,effectif,0.0,pourcentage pour les metriques exprimees en taux
apertus-70b,quebec,1h,"Expression quebecoise : reconnaitre le sens d'une expression, hors contexte",abstention_rate,performance,11.1,pourcentage pour les metriques exprimees en taux
apertus-70b,quebec,1h,"Expression quebecoise : reconnaitre le sens d'une expression, hors contexte",accuracy,performance,70.0,pourcentage pour les metriques exprimees en taux
apertus-70b,quebec,1h,"Expression quebecoise : reconnaitre le sens d'une expression, hors contexte",accuracy_hors_abstention,performance,78.74,pourcentage pour les metriques exprimees en taux
apertus-70b,quebec,1h,"Expression quebecoise : reconnaitre le sens d'une expression, hors contexte",chance_level,repere,20.0,pourcentage pour les metriques exprimees en taux
apertus-70b,quebec,1h,"Expression quebecoise : reconnaitre le sens d'une expression, hors contexte",macro_f1,performance,60.53,pourcentage pour les metriques exprimees en taux
apertus-70b,quebec,1h,"Expression quebecoise : reconnaitre le sens d'une expression, hors contexte",majority_class_rate,repere,0.3,pourcentage pour les metriques exprimees en taux
apertus-70b,quebec,1h,"Expression quebecoise : reconnaitre le sens d'une expression, hors contexte",num_answered,effectif,889.0,pourcentage pour les metriques exprimees en taux
apertus-70b,quebec,1h,"Expression quebecoise : reconnaitre le sens d'une expression, hors contexte",num_items,effectif,1000.0,pourcentage pour les metriques exprimees en taux
apertus-70b,quebec,1h,"Expression quebecoise : reconnaitre le sens d'une expression, hors contexte",num_off_label,effectif,0.0,pourcentage pour les metriques exprimees en taux
apertus-70b,quebec,1i,"Terme quebecois : reconnaitre le sens d'un terme, hors contexte",abstention_rate,performance,7.6,pourcentage pour les metriques exprimees en taux
apertus-70b,quebec,1i,"Terme quebecois : reconnaitre le sens d'un terme, hors contexte",accuracy,performance,74.85,pourcentage pour les metriques exprimees en taux
apertus-70b,quebec,1i,"Terme quebecois : reconnaitre le sens d'un terme, hors contexte",accuracy_hors_abstention,performance,81.01,pourcentage pour les metriques exprimees en taux
apertus-70b,quebec,1i,"Terme quebecois : reconnaitre le sens d'un terme, hors contexte",chance_level,repere,20.0,pourcentage pour les metriques exprimees en taux
apertus-70b,quebec,1i,"Terme quebecois : reconnaitre le sens d'un terme, hors contexte",macro_f1,performance,70.13,pourcentage pour les metriques exprimees en taux
apertus-70b,quebec,1i,"Terme quebecois : reconnaitre le sens d'un terme, hors contexte",majority_class_rate,repere,0.58,pourcentage pour les metriques exprimees en taux
apertus-70b,quebec,1i,"Terme quebecois : reconnaitre le sens d'un terme, hors contexte",num_answered,effectif,158.0,pourcentage pour les metriques exprimees en taux
apertus-70b,quebec,1i,"Terme quebecois : reconnaitre le sens d'un terme, hors contexte",num_items,effectif,171.0,pourcentage pour les metriques exprimees en taux
apertus-70b,quebec,1i,"Terme quebecois : reconnaitre le sens d'un terme, hors contexte",num_off_label,effectif,0.0,pourcentage pour les metriques exprimees en taux
apertus-70b,quebec,1j,"Provenance : designer la phrase ecrite par une personne, contre une machine",accuracy,performance,40.4,pourcentage pour les metriques exprimees en taux
apertus-70b,quebec,1j,"Provenance : designer la phrase ecrite par une personne, contre une machine",chance_level,repere,50.0,pourcentage pour les metriques exprimees en taux
apertus-70b,quebec,1j,"Provenance : designer la phrase ecrite par une personne, contre une machine",macro_f1,performance,33.12,pourcentage pour les metriques exprimees en taux
apertus-70b,quebec,1j,"Provenance : designer la phrase ecrite par une personne, contre une machine",majority_class_rate,repere,52.4,pourcentage pour les metriques exprimees en taux
apertus-70b,quebec,1j,"Provenance : designer la phrase ecrite par une personne, contre une machine",num_answered,effectif,1000.0,pourcentage pour les metriques exprimees en taux
apertus-70b,quebec,1j,"Provenance : designer la phrase ecrite par une personne, contre une machine",num_items,effectif,1000.0,pourcentage pour les metriques exprimees en taux
apertus-70b,quebec,1j,"Provenance : designer la phrase ecrite par une personne, contre une machine",num_items_with_rules_choice,effectif,957.0,pourcentage pour les metriques exprimees en taux
apertus-70b,quebec,1j,"Provenance : designer la phrase ecrite par une personne, contre une machine",num_off_label,effectif,0.0,pourcentage pour les metriques exprimees en taux
apertus-70b,quebec,1j,"Provenance : designer la phrase ecrite par une personne, contre une machine",rules_baseline_accuracy,repere,50.26,pourcentage pour les metriques exprimees en taux
apertus-70b,quebec,2a,Camp : gouvernement ou opposition,accuracy,performance,73.5,pourcentage pour les metriques exprimees en taux
apertus-70b,quebec,2a,Camp : gouvernement ou opposition,attribution_verified_share,repere,0.0,pourcentage pour les metriques exprimees en taux
apertus-70b,quebec,2a,Camp : gouvernement ou opposition,chance_level,repere,50.0,pourcentage pour les metriques exprimees en taux
apertus-70b,quebec,2a,Camp : gouvernement ou opposition,macro_f1,performance,73.39,pourcentage pour les metriques exprimees en taux
apertus-70b,quebec,2a,Camp : gouvernement ou opposition,majority_class_rate,repere,50.0,pourcentage pour les metriques exprimees en taux
apertus-70b,quebec,2a,Camp : gouvernement ou opposition,num_items,effectif,1000.0,pourcentage pour les metriques exprimees en taux
apertus-70b,quebec,2a,Camp : gouvernement ou opposition,num_off_label,effectif,0.0,pourcentage pour les metriques exprimees en taux
apertus-70b,quebec,2a,Camp : gouvernement ou opposition,question_period_share,repere,2.6,pourcentage pour les metriques exprimees en taux
apertus-70b,quebec,2b,"Parti : lequel, parmi ceux qui siegeaient a cette legislature",accuracy,performance,23.8,pourcentage pour les metriques exprimees en taux
apertus-70b,quebec,2b,"Parti : lequel, parmi ceux qui siegeaient a cette legislature",attribution_verified_share,repere,100.0,pourcentage pour les metriques exprimees en taux
apertus-70b,quebec,2b,"Parti : lequel, parmi ceux qui siegeaient a cette legislature",macro_f1,performance,16.03,pourcentage pour les metriques exprimees en taux
apertus-70b,quebec,2b,"Parti : lequel, parmi ceux qui siegeaient a cette legislature",majority_class_rate,repere,20.0,pourcentage pour les metriques exprimees en taux
apertus-70b,quebec,2b,"Parti : lequel, parmi ceux qui siegeaient a cette legislature",mean_options,effectif,4.884,pourcentage pour les metriques exprimees en taux
apertus-70b,quebec,2b,"Parti : lequel, parmi ceux qui siegeaient a cette legislature",num_items,effectif,1000.0,pourcentage pour les metriques exprimees en taux
apertus-70b,quebec,2b,"Parti : lequel, parmi ceux qui siegeaient a cette legislature",num_off_label,effectif,0.0,pourcentage pour les metriques exprimees en taux
apertus-70b,quebec,2b,"Parti : lequel, parmi ceux qui siegeaient a cette legislature",question_period_share,repere,1.1,pourcentage pour les metriques exprimees en taux
apertus-8b,quebec,1a,"Quebecisme : reperer un terme dans un echange, puis en donner le sens",definition_accuracy,performance,71.43,pourcentage pour les metriques exprimees en taux
apertus-8b,quebec,1a,"Quebecisme : reperer un terme dans un echange, puis en donner le sens",detection_accuracy,performance,17.86,pourcentage pour les metriques exprimees en taux
apertus-8b,quebec,1a,"Quebecisme : reperer un terme dans un echange, puis en donner le sens",num_definitions_scored,effectif,84.0,pourcentage pour les metriques exprimees en taux
apertus-8b,quebec,1a,"Quebecisme : reperer un terme dans un echange, puis en donner le sens",num_detected,effectif,95.0,pourcentage pour les metriques exprimees en taux
apertus-8b,quebec,1a,"Quebecisme : reperer un terme dans un echange, puis en donner le sens",num_items,effectif,532.0,pourcentage pour les metriques exprimees en taux
apertus-8b,quebec,1a,"Quebecisme : reperer un terme dans un echange, puis en donner le sens",num_no_term,effectif,0.0,pourcentage pour les metriques exprimees en taux
apertus-8b,quebec,1b,Terminologie parlementaire : reconnaitre le sens d'un terme de procedure,abstention_rate,performance,3.36,pourcentage pour les metriques exprimees en taux
apertus-8b,quebec,1b,Terminologie parlementaire : reconnaitre le sens d'un terme de procedure,accuracy,performance,89.93,pourcentage pour les metriques exprimees en taux
apertus-8b,quebec,1b,Terminologie parlementaire : reconnaitre le sens d'un terme de procedure,accuracy_hors_abstention,performance,93.05,pourcentage pour les metriques exprimees en taux
apertus-8b,quebec,1b,Terminologie parlementaire : reconnaitre le sens d'un terme de procedure,chance_level,repere,20.0,pourcentage pour les metriques exprimees en taux
apertus-8b,quebec,1b,Terminologie parlementaire : reconnaitre le sens d'un terme de procedure,macro_f1,performance,83.47,pourcentage pour les metriques exprimees en taux
apertus-8b,quebec,1b,Terminologie parlementaire : reconnaitre le sens d'un terme de procedure,majority_class_rate,repere,2.24,pourcentage pour les metriques exprimees en taux
apertus-8b,quebec,1b,Terminologie parlementaire : reconnaitre le sens d'un terme de procedure,num_answered,effectif,518.0,pourcentage pour les metriques exprimees en taux
apertus-8b,quebec,1b,Terminologie parlementaire : reconnaitre le sens d'un terme de procedure,num_items,effectif,536.0,pourcentage pour les metriques exprimees en taux
apertus-8b,quebec,1b,Terminologie parlementaire : reconnaitre le sens d'un terme de procedure,num_off_label,effectif,0.0,pourcentage pour les metriques exprimees en taux
apertus-8b,quebec,1c,Reference institutionnelle : produire l'expansion d'un sigle,abstention_rate,performance,10.1,pourcentage pour les metriques exprimees en taux
apertus-8b,quebec,1c,Reference institutionnelle : produire l'expansion d'un sigle,accuracy,performance,0.7,pourcentage pour les metriques exprimees en taux
apertus-8b,quebec,1c,Reference institutionnelle : produire l'expansion d'un sigle,containment_verbosity,performance,1.6666666666666667,pourcentage pour les metriques exprimees en taux
apertus-8b,quebec,1c,Reference institutionnelle : produire l'expansion d'un sigle,num_items,effectif,1000.0,pourcentage pour les metriques exprimees en taux
apertus-8b,quebec,1c,Reference institutionnelle : produire l'expansion d'un sigle,span_containment,performance,60.8,pourcentage pour les metriques exprimees en taux
apertus-8b,quebec,1d,Norme lexicale : retrouver le mot employe par un locuteur quebecois,abstention_rate,performance,36.93,pourcentage pour les metriques exprimees en taux
apertus-8b,quebec,1d,Norme lexicale : retrouver le mot employe par un locuteur quebecois,accuracy,performance,32.75,pourcentage pour les metriques exprimees en taux
apertus-8b,quebec,1d,Norme lexicale : retrouver le mot employe par un locuteur quebecois,accuracy_hors_abstention,performance,51.93,pourcentage pour les metriques exprimees en taux
apertus-8b,quebec,1d,Norme lexicale : retrouver le mot employe par un locuteur quebecois,chance_level,repere,20.0,pourcentage pour les metriques exprimees en taux
apertus-8b,quebec,1d,Norme lexicale : retrouver le mot employe par un locuteur quebecois,macro_f1,performance,22.93,pourcentage pour les metriques exprimees en taux
apertus-8b,quebec,1d,Norme lexicale : retrouver le mot employe par un locuteur quebecois,majority_class_rate,repere,4.18,pourcentage pour les metriques exprimees en taux
apertus-8b,quebec,1d,Norme lexicale : retrouver le mot employe par un locuteur quebecois,num_answered,effectif,181.0,pourcentage pour les metriques exprimees en taux
apertus-8b,quebec,1d,Norme lexicale : retrouver le mot employe par un locuteur quebecois,num_items,effectif,287.0,pourcentage pour les metriques exprimees en taux
apertus-8b,quebec,1d,Norme lexicale : retrouver le mot employe par un locuteur quebecois,num_off_label,effectif,0.0,pourcentage pour les metriques exprimees en taux
apertus-8b,quebec,1e,Acceptabilite : juger si une phrase est du francais quebecois acceptable,accuracy,performance,75.2,pourcentage pour les metriques exprimees en taux
apertus-8b,quebec,1e,Acceptabilite : juger si une phrase est du francais quebecois acceptable,macro_f1,performance,59.88,pourcentage pour les metriques exprimees en taux
apertus-8b,quebec,1e,Acceptabilite : juger si une phrase est du francais quebecois acceptable,majority_class_rate,repere,69.3,pourcentage pour les metriques exprimees en taux
apertus-8b,quebec,1e,Acceptabilite : juger si une phrase est du francais quebecois acceptable,num_answered,effectif,1000.0,pourcentage pour les metriques exprimees en taux
apertus-8b,quebec,1e,Acceptabilite : juger si une phrase est du francais quebecois acceptable,num_items,effectif,1000.0,pourcentage pour les metriques exprimees en taux
apertus-8b,quebec,1e,Acceptabilite : juger si une phrase est du francais quebecois acceptable,num_off_label,effectif,0.0,pourcentage pour les metriques exprimees en taux
apertus-8b,quebec,1f,"Paire minimale : preferer la phrase grammaticale, contre un plafond humain",accuracy,performance,69.85,pourcentage pour les metriques exprimees en taux
apertus-8b,quebec,1f,"Paire minimale : preferer la phrase grammaticale, contre un plafond humain",chance_level,repere,50.0,pourcentage pour les metriques exprimees en taux
apertus-8b,quebec,1f,"Paire minimale : preferer la phrase grammaticale, contre un plafond humain",human_ceiling,repere,87.42,pourcentage pour les metriques exprimees en taux
apertus-8b,quebec,1f,"Paire minimale : preferer la phrase grammaticale, contre un plafond humain",macro_f1,performance,68.18,pourcentage pour les metriques exprimees en taux
apertus-8b,quebec,1f,"Paire minimale : preferer la phrase grammaticale, contre un plafond humain",majority_class_rate,repere,51.72,pourcentage pour les metriques exprimees en taux
apertus-8b,quebec,1f,"Paire minimale : preferer la phrase grammaticale, contre un plafond humain",num_answered,effectif,524.0,pourcentage pour les metriques exprimees en taux
apertus-8b,quebec,1f,"Paire minimale : preferer la phrase grammaticale, contre un plafond humain",num_items,effectif,524.0,pourcentage pour les metriques exprimees en taux
apertus-8b,quebec,1f,"Paire minimale : preferer la phrase grammaticale, contre un plafond humain",num_items_with_ceiling,effectif,524.0,pourcentage pour les metriques exprimees en taux
apertus-8b,quebec,1f,"Paire minimale : preferer la phrase grammaticale, contre un plafond humain",num_off_label,effectif,0.0,pourcentage pour les metriques exprimees en taux
apertus-8b,quebec,1h,"Expression quebecoise : reconnaitre le sens d'une expression, hors contexte",abstention_rate,performance,7.0,pourcentage pour les metriques exprimees en taux
apertus-8b,quebec,1h,"Expression quebecoise : reconnaitre le sens d'une expression, hors contexte",accuracy,performance,57.8,pourcentage pour les metriques exprimees en taux
apertus-8b,quebec,1h,"Expression quebecoise : reconnaitre le sens d'une expression, hors contexte",accuracy_hors_abstention,performance,62.15,pourcentage pour les metriques exprimees en taux
apertus-8b,quebec,1h,"Expression quebecoise : reconnaitre le sens d'une expression, hors contexte",chance_level,repere,20.0,pourcentage pour les metriques exprimees en taux
apertus-8b,quebec,1h,"Expression quebecoise : reconnaitre le sens d'une expression, hors contexte",macro_f1,performance,45.0,pourcentage pour les metriques exprimees en taux
apertus-8b,quebec,1h,"Expression quebecoise : reconnaitre le sens d'une expression, hors contexte",majority_class_rate,repere,0.3,pourcentage pour les metriques exprimees en taux
apertus-8b,quebec,1h,"Expression quebecoise : reconnaitre le sens d'une expression, hors contexte",num_answered,effectif,930.0,pourcentage pour les metriques exprimees en taux
apertus-8b,quebec,1h,"Expression quebecoise : reconnaitre le sens d'une expression, hors contexte",num_items,effectif,1000.0,pourcentage pour les metriques exprimees en taux
apertus-8b,quebec,1h,"Expression quebecoise : reconnaitre le sens d'une expression, hors contexte",num_off_label,effectif,0.0,pourcentage pour les metriques exprimees en taux
apertus-8b,quebec,1i,"Terme quebecois : reconnaitre le sens d'un terme, hors contexte",abstention_rate,performance,16.96,pourcentage pour les metriques exprimees en taux
apertus-8b,quebec,1i,"Terme quebecois : reconnaitre le sens d'un terme, hors contexte",accuracy,performance,59.65,pourcentage pour les metriques exprimees en taux
apertus-8b,quebec,1i,"Terme quebecois : reconnaitre le sens d'un terme, hors contexte",accuracy_hors_abstention,performance,71.83,pourcentage pour les metriques exprimees en taux
apertus-8b,quebec,1i,"Terme quebecois : reconnaitre le sens d'un terme, hors contexte",chance_level,repere,20.0,pourcentage pour les metriques exprimees en taux
apertus-8b,quebec,1i,"Terme quebecois : reconnaitre le sens d'un terme, hors contexte",macro_f1,performance,55.31,pourcentage pour les metriques exprimees en taux
apertus-8b,quebec,1i,"Terme quebecois : reconnaitre le sens d'un terme, hors contexte",majority_class_rate,repere,0.58,pourcentage pour les metriques exprimees en taux
apertus-8b,quebec,1i,"Terme quebecois : reconnaitre le sens d'un terme, hors contexte",num_answered,effectif,142.0,pourcentage pour les metriques exprimees en taux
apertus-8b,quebec,1i,"Terme quebecois : reconnaitre le sens d'un terme, hors contexte",num_items,effectif,171.0,pourcentage pour les metriques exprimees en taux
apertus-8b,quebec,1i,"Terme quebecois : reconnaitre le sens d'un terme, hors contexte",num_off_label,effectif,0.0,pourcentage pour les metriques exprimees en taux
apertus-8b,quebec,1j,"Provenance : designer la phrase ecrite par une personne, contre une machine",accuracy,performance,40.9,pourcentage pour les metriques exprimees en taux
apertus-8b,quebec,1j,"Provenance : designer la phrase ecrite par une personne, contre une machine",chance_level,repere,50.0,pourcentage pour les metriques exprimees en taux
apertus-8b,quebec,1j,"Provenance : designer la phrase ecrite par une personne, contre une machine",macro_f1,performance,29.58,pourcentage pour les metriques exprimees en taux
apertus-8b,quebec,1j,"Provenance : designer la phrase ecrite par une personne, contre une machine",majority_class_rate,repere,52.4,pourcentage pour les metriques exprimees en taux
apertus-8b,quebec,1j,"Provenance : designer la phrase ecrite par une personne, contre une machine",num_answered,effectif,1000.0,pourcentage pour les metriques exprimees en taux
apertus-8b,quebec,1j,"Provenance : designer la phrase ecrite par une personne, contre une machine",num_items,effectif,1000.0,pourcentage pour les metriques exprimees en taux
apertus-8b,quebec,1j,"Provenance : designer la phrase ecrite par une personne, contre une machine",num_items_with_rules_choice,effectif,957.0,pourcentage pour les metriques exprimees en taux
apertus-8b,quebec,1j,"Provenance : designer la phrase ecrite par une personne, contre une machine",num_off_label,effectif,0.0,pourcentage pour les metriques exprimees en taux
apertus-8b,quebec,1j,"Provenance : designer la phrase ecrite par une personne, contre une machine",rules_baseline_accuracy,repere,50.26,pourcentage pour les metriques exprimees en taux
apertus-8b,quebec,2a,Camp : gouvernement ou opposition,accuracy,performance,51.6,pourcentage pour les metriques exprimees en taux
apertus-8b,quebec,2a,Camp : gouvernement ou opposition,attribution_verified_share,repere,0.0,pourcentage pour les metriques exprimees en taux
apertus-8b,quebec,2a,Camp : gouvernement ou opposition,chance_level,repere,50.0,pourcentage pour les metriques exprimees en taux
apertus-8b,quebec,2a,Camp : gouvernement ou opposition,macro_f1,performance,37.27,pourcentage pour les metriques exprimees en taux
apertus-8b,quebec,2a,Camp : gouvernement ou opposition,majority_class_rate,repere,50.0,pourcentage pour les metriques exprimees en taux
apertus-8b,quebec,2a,Camp : gouvernement ou opposition,num_items,effectif,1000.0,pourcentage pour les metriques exprimees en taux
apertus-8b,quebec,2a,Camp : gouvernement ou opposition,num_off_label,effectif,0.0,pourcentage pour les metriques exprimees en taux
apertus-8b,quebec,2a,Camp : gouvernement ou opposition,question_period_share,repere,2.6,pourcentage pour les metriques exprimees en taux
apertus-8b,quebec,2b,"Parti : lequel, parmi ceux qui siegeaient a cette legislature",accuracy,performance,26.4,pourcentage pour les metriques exprimees en taux
apertus-8b,quebec,2b,"Parti : lequel, parmi ceux qui siegeaient a cette legislature",attribution_verified_share,repere,100.0,pourcentage pour les metriques exprimees en taux
apertus-8b,quebec,2b,"Parti : lequel, parmi ceux qui siegeaient a cette legislature",macro_f1,performance,17.55,pourcentage pour les metriques exprimees en taux
apertus-8b,quebec,2b,"Parti : lequel, parmi ceux qui siegeaient a cette legislature",majority_class_rate,repere,20.0,pourcentage pour les metriques exprimees en taux
apertus-8b,quebec,2b,"Parti : lequel, parmi ceux qui siegeaient a cette legislature",mean_options,effectif,4.884,pourcentage pour les metriques exprimees en taux
apertus-8b,quebec,2b,"Parti : lequel, parmi ceux qui siegeaient a cette legislature",num_items,effectif,1000.0,pourcentage pour les metriques exprimees en taux
apertus-8b,quebec,2b,"Parti : lequel, parmi ceux qui siegeaient a cette legislature",num_off_label,effectif,1.0,pourcentage pour les metriques exprimees en taux
apertus-8b,quebec,2b,"Parti : lequel, parmi ceux qui siegeaient a cette legislature",question_period_share,repere,1.1,pourcentage pour les metriques exprimees en taux
baseline-chevauchement-lexical,quebec,1b,Terminologie parlementaire : reconnaitre le sens d'un terme de procedure,abstention_rate,performance,0.0,pourcentage pour les metriques exprimees en taux
baseline-chevauchement-lexical,quebec,1b,Terminologie parlementaire : reconnaitre le sens d'un terme de procedure,accuracy,performance,36.38,pourcentage pour les metriques exprimees en taux
baseline-chevauchement-lexical,quebec,1b,Terminologie parlementaire : reconnaitre le sens d'un terme de procedure,accuracy_hors_abstention,performance,36.38,pourcentage pour les metriques exprimees en taux
baseline-chevauchement-lexical,quebec,1b,Terminologie parlementaire : reconnaitre le sens d'un terme de procedure,chance_level,repere,20.0,pourcentage pour les metriques exprimees en taux
baseline-chevauchement-lexical,quebec,1b,Terminologie parlementaire : reconnaitre le sens d'un terme de procedure,macro_f1,performance,28.13,pourcentage pour les metriques exprimees en taux
baseline-chevauchement-lexical,quebec,1b,Terminologie parlementaire : reconnaitre le sens d'un terme de procedure,majority_class_rate,repere,2.24,pourcentage pour les metriques exprimees en taux
baseline-chevauchement-lexical,quebec,1b,Terminologie parlementaire : reconnaitre le sens d'un terme de procedure,num_answered,effectif,536.0,pourcentage pour les metriques exprimees en taux
baseline-chevauchement-lexical,quebec,1b,Terminologie parlementaire : reconnaitre le sens d'un terme de procedure,num_items,effectif,536.0,pourcentage pour les metriques exprimees en taux
baseline-chevauchement-lexical,quebec,1b,Terminologie parlementaire : reconnaitre le sens d'un terme de procedure,num_off_label,effectif,0.0,pourcentage pour les metriques exprimees en taux
baseline-chevauchement-lexical,quebec,1d,Norme lexicale : retrouver le mot employe par un locuteur quebecois,abstention_rate,performance,0.0,pourcentage pour les metriques exprimees en taux
baseline-chevauchement-lexical,quebec,1d,Norme lexicale : retrouver le mot employe par un locuteur quebecois,accuracy,performance,20.21,pourcentage pour les metriques exprimees en taux
baseline-chevauchement-lexical,quebec,1d,Norme lexicale : retrouver le mot employe par un locuteur quebecois,accuracy_hors_abstention,performance,20.21,pourcentage pour les metriques exprimees en taux
baseline-chevauchement-lexical,quebec,1d,Norme lexicale : retrouver le mot employe par un locuteur quebecois,chance_level,repere,20.0,pourcentage pour les metriques exprimees en taux
baseline-chevauchement-lexical,quebec,1d,Norme lexicale : retrouver le mot employe par un locuteur quebecois,macro_f1,performance,16.05,pourcentage pour les metriques exprimees en taux
baseline-chevauchement-lexical,quebec,1d,Norme lexicale : retrouver le mot employe par un locuteur quebecois,majority_class_rate,repere,4.18,pourcentage pour les metriques exprimees en taux
baseline-chevauchement-lexical,quebec,1d,Norme lexicale : retrouver le mot employe par un locuteur quebecois,num_answered,effectif,287.0,pourcentage pour les metriques exprimees en taux
baseline-chevauchement-lexical,quebec,1d,Norme lexicale : retrouver le mot employe par un locuteur quebecois,num_items,effectif,287.0,pourcentage pour les metriques exprimees en taux
baseline-chevauchement-lexical,quebec,1d,Norme lexicale : retrouver le mot employe par un locuteur quebecois,num_off_label,effectif,0.0,pourcentage pour les metriques exprimees en taux
baseline-chevauchement-lexical,quebec,1h,"Expression quebecoise : reconnaitre le sens d'une expression, hors contexte",abstention_rate,performance,0.0,pourcentage pour les metriques exprimees en taux
baseline-chevauchement-lexical,quebec,1h,"Expression quebecoise : reconnaitre le sens d'une expression, hors contexte",accuracy,performance,19.1,pourcentage pour les metriques exprimees en taux
baseline-chevauchement-lexical,quebec,1h,"Expression quebecoise : reconnaitre le sens d'une expression, hors contexte",accuracy_hors_abstention,performance,19.27,pourcentage pour les metriques exprimees en taux
baseline-chevauchement-lexical,quebec,1h,"Expression quebecoise : reconnaitre le sens d'une expression, hors contexte",chance_level,repere,20.0,pourcentage pour les metriques exprimees en taux
baseline-chevauchement-lexical,quebec,1h,"Expression quebecoise : reconnaitre le sens d'une expression, hors contexte",macro_f1,performance,11.37,pourcentage pour les metriques exprimees en taux
baseline-chevauchement-lexical,quebec,1h,"Expression quebecoise : reconnaitre le sens d'une expression, hors contexte",majority_class_rate,repere,0.3,pourcentage pour les metriques exprimees en taux
baseline-chevauchement-lexical,quebec,1h,"Expression quebecoise : reconnaitre le sens d'une expression, hors contexte",num_answered,effectif,991.0,pourcentage pour les metriques exprimees en taux
baseline-chevauchement-lexical,quebec,1h,"Expression quebecoise : reconnaitre le sens d'une expression, hors contexte",num_items,effectif,1000.0,pourcentage pour les metriques exprimees en taux
baseline-chevauchement-lexical,quebec,1h,"Expression quebecoise : reconnaitre le sens d'une expression, hors contexte",num_off_label,effectif,9.0,pourcentage pour les metriques exprimees en taux
baseline-chevauchement-lexical,quebec,1i,"Terme quebecois : reconnaitre le sens d'un terme, hors contexte",abstention_rate,performance,0.0,pourcentage pour les metriques exprimees en taux
baseline-chevauchement-lexical,quebec,1i,"Terme quebecois : reconnaitre le sens d'un terme, hors contexte",accuracy,performance,19.3,pourcentage pour les metriques exprimees en taux
baseline-chevauchement-lexical,quebec,1i,"Terme quebecois : reconnaitre le sens d'un terme, hors contexte",accuracy_hors_abstention,performance,19.3,pourcentage pour les metriques exprimees en taux
baseline-chevauchement-lexical,quebec,1i,"Terme quebecois : reconnaitre le sens d'un terme, hors contexte",chance_level,repere,20.0,pourcentage pour les metriques exprimees en taux
baseline-chevauchement-lexical,quebec,1i,"Terme quebecois : reconnaitre le sens d'un terme, hors contexte",macro_f1,performance,14.67,pourcentage pour les metriques exprimees en taux
baseline-chevauchement-lexical,quebec,1i,"Terme quebecois : reconnaitre le sens d'un terme, hors contexte",majority_class_rate,repere,0.58,pourcentage pour les metriques exprimees en taux
baseline-chevauchement-lexical,quebec,1i,"Terme quebecois : reconnaitre le sens d'un terme, hors contexte",num_answered,effectif,171.0,pourcentage pour les metriques exprimees en taux
baseline-chevauchement-lexical,quebec,1i,"Terme quebecois : reconnaitre le sens d'un terme, hors contexte",num_items,effectif,171.0,pourcentage pour les metriques exprimees en taux
baseline-chevauchement-lexical,quebec,1i,"Terme quebecois : reconnaitre le sens d'un terme, hors contexte",num_off_label,effectif,0.0,pourcentage pour les metriques exprimees en taux
baseline-hasard,quebec,1b,Terminologie parlementaire : reconnaitre le sens d'un terme de procedure,abstention_rate,performance,0.0,pourcentage pour les metriques exprimees en taux
baseline-hasard,quebec,1b,Terminologie parlementaire : reconnaitre le sens d'un terme de procedure,accuracy,performance,19.78,pourcentage pour les metriques exprimees en taux
baseline-hasard,quebec,1b,Terminologie parlementaire : reconnaitre le sens d'un terme de procedure,accuracy_hors_abstention,performance,19.78,pourcentage pour les metriques exprimees en taux
baseline-hasard,quebec,1b,Terminologie parlementaire : reconnaitre le sens d'un terme de procedure,chance_level,repere,20.0,pourcentage pour les metriques exprimees en taux
baseline-hasard,quebec,1b,Terminologie parlementaire : reconnaitre le sens d'un terme de procedure,macro_f1,performance,17.83,pourcentage pour les metriques exprimees en taux
baseline-hasard,quebec,1b,Terminologie parlementaire : reconnaitre le sens d'un terme de procedure,majority_class_rate,repere,2.24,pourcentage pour les metriques exprimees en taux
baseline-hasard,quebec,1b,Terminologie parlementaire : reconnaitre le sens d'un terme de procedure,num_answered,effectif,536.0,pourcentage pour les metriques exprimees en taux
baseline-hasard,quebec,1b,Terminologie parlementaire : reconnaitre le sens d'un terme de procedure,num_items,effectif,536.0,pourcentage pour les metriques exprimees en taux
baseline-hasard,quebec,1b,Terminologie parlementaire : reconnaitre le sens d'un terme de procedure,num_off_label,effectif,0.0,pourcentage pour les metriques exprimees en taux
baseline-hasard,quebec,1d,Norme lexicale : retrouver le mot employe par un locuteur quebecois,abstention_rate,performance,0.0,pourcentage pour les metriques exprimees en taux
baseline-hasard,quebec,1d,Norme lexicale : retrouver le mot employe par un locuteur quebecois,accuracy,performance,22.3,pourcentage pour les metriques exprimees en taux
baseline-hasard,quebec,1d,Norme lexicale : retrouver le mot employe par un locuteur quebecois,accuracy_hors_abstention,performance,22.3,pourcentage pour les metriques exprimees en taux
baseline-hasard,quebec,1d,Norme lexicale : retrouver le mot employe par un locuteur quebecois,chance_level,repere,20.0,pourcentage pour les metriques exprimees en taux
baseline-hasard,quebec,1d,Norme lexicale : retrouver le mot employe par un locuteur quebecois,macro_f1,performance,16.17,pourcentage pour les metriques exprimees en taux
baseline-hasard,quebec,1d,Norme lexicale : retrouver le mot employe par un locuteur quebecois,majority_class_rate,repere,4.18,pourcentage pour les metriques exprimees en taux
baseline-hasard,quebec,1d,Norme lexicale : retrouver le mot employe par un locuteur quebecois,num_answered,effectif,287.0,pourcentage pour les metriques exprimees en taux
baseline-hasard,quebec,1d,Norme lexicale : retrouver le mot employe par un locuteur quebecois,num_items,effectif,287.0,pourcentage pour les metriques exprimees en taux
baseline-hasard,quebec,1d,Norme lexicale : retrouver le mot employe par un locuteur quebecois,num_off_label,effectif,0.0,pourcentage pour les metriques exprimees en taux
baseline-hasard,quebec,1h,"Expression quebecoise : reconnaitre le sens d'une expression, hors contexte",abstention_rate,performance,0.0,pourcentage pour les metriques exprimees en taux
baseline-hasard,quebec,1h,"Expression quebecoise : reconnaitre le sens d'une expression, hors contexte",accuracy,performance,18.9,pourcentage pour les metriques exprimees en taux
baseline-hasard,quebec,1h,"Expression quebecoise : reconnaitre le sens d'une expression, hors contexte",accuracy_hors_abstention,performance,18.99,pourcentage pour les metriques exprimees en taux
baseline-hasard,quebec,1h,"Expression quebecoise : reconnaitre le sens d'une expression, hors contexte",chance_level,repere,20.0,pourcentage pour les metriques exprimees en taux
baseline-hasard,quebec,1h,"Expression quebecoise : reconnaitre le sens d'une expression, hors contexte",macro_f1,performance,11.33,pourcentage pour les metriques exprimees en taux
baseline-hasard,quebec,1h,"Expression quebecoise : reconnaitre le sens d'une expression, hors contexte",majority_class_rate,repere,0.3,pourcentage pour les metriques exprimees en taux
baseline-hasard,quebec,1h,"Expression quebecoise : reconnaitre le sens d'une expression, hors contexte",num_answered,effectif,995.0,pourcentage pour les metriques exprimees en taux
baseline-hasard,quebec,1h,"Expression quebecoise : reconnaitre le sens d'une expression, hors contexte",num_items,effectif,1000.0,pourcentage pour les metriques exprimees en taux
baseline-hasard,quebec,1h,"Expression quebecoise : reconnaitre le sens d'une expression, hors contexte",num_off_label,effectif,5.0,pourcentage pour les metriques exprimees en taux
baseline-hasard,quebec,1i,"Terme quebecois : reconnaitre le sens d'un terme, hors contexte",abstention_rate,performance,0.0,pourcentage pour les metriques exprimees en taux
baseline-hasard,quebec,1i,"Terme quebecois : reconnaitre le sens d'un terme, hors contexte",accuracy,performance,16.96,pourcentage pour les metriques exprimees en taux
baseline-hasard,quebec,1i,"Terme quebecois : reconnaitre le sens d'un terme, hors contexte",accuracy_hors_abstention,performance,16.96,pourcentage pour les metriques exprimees en taux
baseline-hasard,quebec,1i,"Terme quebecois : reconnaitre le sens d'un terme, hors contexte",chance_level,repere,20.0,pourcentage pour les metriques exprimees en taux
baseline-hasard,quebec,1i,"Terme quebecois : reconnaitre le sens d'un terme, hors contexte",macro_f1,performance,12.83,pourcentage pour les metriques exprimees en taux
baseline-hasard,quebec,1i,"Terme quebecois : reconnaitre le sens d'un terme, hors contexte",majority_class_rate,repere,0.58,pourcentage pour les metriques exprimees en taux
baseline-hasard,quebec,1i,"Terme quebecois : reconnaitre le sens d'un terme, hors contexte",num_answered,effectif,171.0,pourcentage pour les metriques exprimees en taux
baseline-hasard,quebec,1i,"Terme quebecois : reconnaitre le sens d'un terme, hors contexte",num_items,effectif,171.0,pourcentage pour les metriques exprimees en taux
baseline-hasard,quebec,1i,"Terme quebecois : reconnaitre le sens d'un terme, hors contexte",num_off_label,effectif,0.0,pourcentage pour les metriques exprimees en taux
baseline-hasard,quebec,2a,Camp : gouvernement ou opposition,accuracy,performance,54.3,pourcentage pour les metriques exprimees en taux
baseline-hasard,quebec,2a,Camp : gouvernement ou opposition,attribution_verified_share,repere,0.0,pourcentage pour les metriques exprimees en taux
baseline-hasard,quebec,2a,Camp : gouvernement ou opposition,chance_level,repere,50.0,pourcentage pour les metriques exprimees en taux
baseline-hasard,quebec,2a,Camp : gouvernement ou opposition,macro_f1,performance,54.26,pourcentage pour les metriques exprimees en taux
baseline-hasard,quebec,2a,Camp : gouvernement ou opposition,majority_class_rate,repere,50.0,pourcentage pour les metriques exprimees en taux
baseline-hasard,quebec,2a,Camp : gouvernement ou opposition,num_items,effectif,1000.0,pourcentage pour les metriques exprimees en taux
baseline-hasard,quebec,2a,Camp : gouvernement ou opposition,num_off_label,effectif,0.0,pourcentage pour les metriques exprimees en taux
baseline-hasard,quebec,2a,Camp : gouvernement ou opposition,question_period_share,repere,2.6,pourcentage pour les metriques exprimees en taux
baseline-mention-de-parti,quebec,2a,Camp : gouvernement ou opposition,accuracy,performance,49.8,pourcentage pour les metriques exprimees en taux
baseline-mention-de-parti,quebec,2a,Camp : gouvernement ou opposition,attribution_verified_share,repere,0.0,pourcentage pour les metriques exprimees en taux
baseline-mention-de-parti,quebec,2a,Camp : gouvernement ou opposition,chance_level,repere,50.0,pourcentage pour les metriques exprimees en taux
baseline-mention-de-parti,quebec,2a,Camp : gouvernement ou opposition,macro_f1,performance,41.84,pourcentage pour les metriques exprimees en taux
baseline-mention-de-parti,quebec,2a,Camp : gouvernement ou opposition,majority_class_rate,repere,50.0,pourcentage pour les metriques exprimees en taux
baseline-mention-de-parti,quebec,2a,Camp : gouvernement ou opposition,num_items,effectif,1000.0,pourcentage pour les metriques exprimees en taux
baseline-mention-de-parti,quebec,2a,Camp : gouvernement ou opposition,num_off_label,effectif,0.0,pourcentage pour les metriques exprimees en taux
baseline-mention-de-parti,quebec,2a,Camp : gouvernement ou opposition,question_period_share,repere,2.6,pourcentage pour les metriques exprimees en taux
baseline-oracle,quebec,1a,"Quebecisme : reperer un terme dans un echange, puis en donner le sens",definition_accuracy,performance,0.0,pourcentage pour les metriques exprimees en taux
baseline-oracle,quebec,1a,"Quebecisme : reperer un terme dans un echange, puis en donner le sens",detection_accuracy,performance,100.0,pourcentage pour les metriques exprimees en taux
baseline-oracle,quebec,1a,"Quebecisme : reperer un terme dans un echange, puis en donner le sens",num_definitions_scored,effectif,14.0,pourcentage pour les metriques exprimees en taux
baseline-oracle,quebec,1a,"Quebecisme : reperer un terme dans un echange, puis en donner le sens",num_detected,effectif,532.0,pourcentage pour les metriques exprimees en taux
baseline-oracle,quebec,1a,"Quebecisme : reperer un terme dans un echange, puis en donner le sens",num_items,effectif,532.0,pourcentage pour les metriques exprimees en taux
baseline-oracle,quebec,1a,"Quebecisme : reperer un terme dans un echange, puis en donner le sens",num_no_term,effectif,0.0,pourcentage pour les metriques exprimees en taux
baseline-oracle,quebec,1b,Terminologie parlementaire : reconnaitre le sens d'un terme de procedure,abstention_rate,performance,0.0,pourcentage pour les metriques exprimees en taux
baseline-oracle,quebec,1b,Terminologie parlementaire : reconnaitre le sens d'un terme de procedure,accuracy,performance,100.0,pourcentage pour les metriques exprimees en taux
baseline-oracle,quebec,1b,Terminologie parlementaire : reconnaitre le sens d'un terme de procedure,accuracy_hors_abstention,performance,100.0,pourcentage pour les metriques exprimees en taux
baseline-oracle,quebec,1b,Terminologie parlementaire : reconnaitre le sens d'un terme de procedure,chance_level,repere,20.0,pourcentage pour les metriques exprimees en taux
baseline-oracle,quebec,1b,Terminologie parlementaire : reconnaitre le sens d'un terme de procedure,macro_f1,performance,100.0,pourcentage pour les metriques exprimees en taux
baseline-oracle,quebec,1b,Terminologie parlementaire : reconnaitre le sens d'un terme de procedure,majority_class_rate,repere,2.24,pourcentage pour les metriques exprimees en taux
baseline-oracle,quebec,1b,Terminologie parlementaire : reconnaitre le sens d'un terme de procedure,num_answered,effectif,536.0,pourcentage pour les metriques exprimees en taux
baseline-oracle,quebec,1b,Terminologie parlementaire : reconnaitre le sens d'un terme de procedure,num_items,effectif,536.0,pourcentage pour les metriques exprimees en taux
baseline-oracle,quebec,1b,Terminologie parlementaire : reconnaitre le sens d'un terme de procedure,num_off_label,effectif,0.0,pourcentage pour les metriques exprimees en taux
baseline-oracle,quebec,1c,Reference institutionnelle : produire l'expansion d'un sigle,abstention_rate,performance,0.0,pourcentage pour les metriques exprimees en taux
baseline-oracle,quebec,1c,Reference institutionnelle : produire l'expansion d'un sigle,accuracy,performance,100.0,pourcentage pour les metriques exprimees en taux
baseline-oracle,quebec,1c,Reference institutionnelle : produire l'expansion d'un sigle,num_items,effectif,1000.0,pourcentage pour les metriques exprimees en taux
baseline-oracle,quebec,1c,Reference institutionnelle : produire l'expansion d'un sigle,span_containment,performance,100.0,pourcentage pour les metriques exprimees en taux
baseline-oracle,quebec,1d,Norme lexicale : retrouver le mot employe par un locuteur quebecois,abstention_rate,performance,0.0,pourcentage pour les metriques exprimees en taux
baseline-oracle,quebec,1d,Norme lexicale : retrouver le mot employe par un locuteur quebecois,accuracy,performance,100.0,pourcentage pour les metriques exprimees en taux
baseline-oracle,quebec,1d,Norme lexicale : retrouver le mot employe par un locuteur quebecois,accuracy_hors_abstention,performance,100.0,pourcentage pour les metriques exprimees en taux
baseline-oracle,quebec,1d,Norme lexicale : retrouver le mot employe par un locuteur quebecois,chance_level,repere,20.0,pourcentage pour les metriques exprimees en taux
baseline-oracle,quebec,1d,Norme lexicale : retrouver le mot employe par un locuteur quebecois,macro_f1,performance,100.0,pourcentage pour les metriques exprimees en taux
baseline-oracle,quebec,1d,Norme lexicale : retrouver le mot employe par un locuteur quebecois,majority_class_rate,repere,4.18,pourcentage pour les metriques exprimees en taux
baseline-oracle,quebec,1d,Norme lexicale : retrouver le mot employe par un locuteur quebecois,num_answered,effectif,287.0,pourcentage pour les metriques exprimees en taux
baseline-oracle,quebec,1d,Norme lexicale : retrouver le mot employe par un locuteur quebecois,num_items,effectif,287.0,pourcentage pour les metriques exprimees en taux
baseline-oracle,quebec,1d,Norme lexicale : retrouver le mot employe par un locuteur quebecois,num_off_label,effectif,0.0,pourcentage pour les metriques exprimees en taux
baseline-oracle,quebec,1e,Acceptabilite : juger si une phrase est du francais quebecois acceptable,accuracy,performance,100.0,pourcentage pour les metriques exprimees en taux
baseline-oracle,quebec,1e,Acceptabilite : juger si une phrase est du francais quebecois acceptable,macro_f1,performance,100.0,pourcentage pour les metriques exprimees en taux
baseline-oracle,quebec,1e,Acceptabilite : juger si une phrase est du francais quebecois acceptable,majority_class_rate,repere,69.3,pourcentage pour les metriques exprimees en taux
baseline-oracle,quebec,1e,Acceptabilite : juger si une phrase est du francais quebecois acceptable,num_answered,effectif,1000.0,pourcentage pour les metriques exprimees en taux
baseline-oracle,quebec,1e,Acceptabilite : juger si une phrase est du francais quebecois acceptable,num_items,effectif,1000.0,pourcentage pour les metriques exprimees en taux
baseline-oracle,quebec,1e,Acceptabilite : juger si une phrase est du francais quebecois acceptable,num_off_label,effectif,0.0,pourcentage pour les metriques exprimees en taux
baseline-oracle,quebec,1f,"Paire minimale : preferer la phrase grammaticale, contre un plafond humain",accuracy,performance,100.0,pourcentage pour les metriques exprimees en taux
baseline-oracle,quebec,1f,"Paire minimale : preferer la phrase grammaticale, contre un plafond humain",chance_level,repere,50.0,pourcentage pour les metriques exprimees en taux
baseline-oracle,quebec,1f,"Paire minimale : preferer la phrase grammaticale, contre un plafond humain",human_ceiling,repere,87.42,pourcentage pour les metriques exprimees en taux
baseline-oracle,quebec,1f,"Paire minimale : preferer la phrase grammaticale, contre un plafond humain",macro_f1,performance,100.0,pourcentage pour les metriques exprimees en taux
baseline-oracle,quebec,1f,"Paire minimale : preferer la phrase grammaticale, contre un plafond humain",majority_class_rate,repere,51.72,pourcentage pour les metriques exprimees en taux
baseline-oracle,quebec,1f,"Paire minimale : preferer la phrase grammaticale, contre un plafond humain",num_answered,effectif,524.0,pourcentage pour les metriques exprimees en taux
baseline-oracle,quebec,1f,"Paire minimale : preferer la phrase grammaticale, contre un plafond humain",num_items,effectif,524.0,pourcentage pour les metriques exprimees en taux
baseline-oracle,quebec,1f,"Paire minimale : preferer la phrase grammaticale, contre un plafond humain",num_items_with_ceiling,effectif,524.0,pourcentage pour les metriques exprimees en taux
baseline-oracle,quebec,1f,"Paire minimale : preferer la phrase grammaticale, contre un plafond humain",num_off_label,effectif,0.0,pourcentage pour les metriques exprimees en taux
baseline-oracle,quebec,1h,"Expression quebecoise : reconnaitre le sens d'une expression, hors contexte",abstention_rate,performance,0.0,pourcentage pour les metriques exprimees en taux
baseline-oracle,quebec,1h,"Expression quebecoise : reconnaitre le sens d'une expression, hors contexte",accuracy,performance,99.8,pourcentage pour les metriques exprimees en taux
baseline-oracle,quebec,1h,"Expression quebecoise : reconnaitre le sens d'une expression, hors contexte",accuracy_hors_abstention,performance,100.0,pourcentage pour les metriques exprimees en taux
baseline-oracle,quebec,1h,"Expression quebecoise : reconnaitre le sens d'une expression, hors contexte",chance_level,repere,20.0,pourcentage pour les metriques exprimees en taux
baseline-oracle,quebec,1h,"Expression quebecoise : reconnaitre le sens d'une expression, hors contexte",macro_f1,performance,99.79,pourcentage pour les metriques exprimees en taux
baseline-oracle,quebec,1h,"Expression quebecoise : reconnaitre le sens d'une expression, hors contexte",majority_class_rate,repere,0.3,pourcentage pour les metriques exprimees en taux
baseline-oracle,quebec,1h,"Expression quebecoise : reconnaitre le sens d'une expression, hors contexte",num_answered,effectif,998.0,pourcentage pour les metriques exprimees en taux
baseline-oracle,quebec,1h,"Expression quebecoise : reconnaitre le sens d'une expression, hors contexte",num_items,effectif,1000.0,pourcentage pour les metriques exprimees en taux
baseline-oracle,quebec,1h,"Expression quebecoise : reconnaitre le sens d'une expression, hors contexte",num_off_label,effectif,2.0,pourcentage pour les metriques exprimees en taux
baseline-oracle,quebec,1i,"Terme quebecois : reconnaitre le sens d'un terme, hors contexte",abstention_rate,performance,0.0,pourcentage pour les metriques exprimees en taux
baseline-oracle,quebec,1i,"Terme quebecois : reconnaitre le sens d'un terme, hors contexte",accuracy,performance,100.0,pourcentage pour les metriques exprimees en taux
baseline-oracle,quebec,1i,"Terme quebecois : reconnaitre le sens d'un terme, hors contexte",accuracy_hors_abstention,performance,100.0,pourcentage pour les metriques exprimees en taux
baseline-oracle,quebec,1i,"Terme quebecois : reconnaitre le sens d'un terme, hors contexte",chance_level,repere,20.0,pourcentage pour les metriques exprimees en taux
baseline-oracle,quebec,1i,"Terme quebecois : reconnaitre le sens d'un terme, hors contexte",macro_f1,performance,100.0,pourcentage pour les metriques exprimees en taux
baseline-oracle,quebec,1i,"Terme quebecois : reconnaitre le sens d'un terme, hors contexte",majority_class_rate,repere,0.58,pourcentage pour les metriques exprimees en taux
baseline-oracle,quebec,1i,"Terme quebecois : reconnaitre le sens d'un terme, hors contexte",num_answered,effectif,171.0,pourcentage pour les metriques exprimees en taux
baseline-oracle,quebec,1i,"Terme quebecois : reconnaitre le sens d'un terme, hors contexte",num_items,effectif,171.0,pourcentage pour les metriques exprimees en taux
baseline-oracle,quebec,1i,"Terme quebecois : reconnaitre le sens d'un terme, hors contexte",num_off_label,effectif,0.0,pourcentage pour les metriques exprimees en taux
baseline-oracle,quebec,1j,"Provenance : designer la phrase ecrite par une personne, contre une machine",accuracy,performance,100.0,pourcentage pour les metriques exprimees en taux
baseline-oracle,quebec,1j,"Provenance : designer la phrase ecrite par une personne, contre une machine",chance_level,repere,50.0,pourcentage pour les metriques exprimees en taux
baseline-oracle,quebec,1j,"Provenance : designer la phrase ecrite par une personne, contre une machine",macro_f1,performance,100.0,pourcentage pour les metriques exprimees en taux
baseline-oracle,quebec,1j,"Provenance : designer la phrase ecrite par une personne, contre une machine",majority_class_rate,repere,52.4,pourcentage pour les metriques exprimees en taux
baseline-oracle,quebec,1j,"Provenance : designer la phrase ecrite par une personne, contre une machine",num_answered,effectif,1000.0,pourcentage pour les metriques exprimees en taux
baseline-oracle,quebec,1j,"Provenance : designer la phrase ecrite par une personne, contre une machine",num_items,effectif,1000.0,pourcentage pour les metriques exprimees en taux
baseline-oracle,quebec,1j,"Provenance : designer la phrase ecrite par une personne, contre une machine",num_items_with_rules_choice,effectif,957.0,pourcentage pour les metriques exprimees en taux
baseline-oracle,quebec,1j,"Provenance : designer la phrase ecrite par une personne, contre une machine",num_off_label,effectif,0.0,pourcentage pour les metriques exprimees en taux
baseline-oracle,quebec,1j,"Provenance : designer la phrase ecrite par une personne, contre une machine",rules_baseline_accuracy,repere,50.26,pourcentage pour les metriques exprimees en taux
baseline-oracle,quebec,2a,Camp : gouvernement ou opposition,accuracy,performance,100.0,pourcentage pour les metriques exprimees en taux
baseline-oracle,quebec,2a,Camp : gouvernement ou opposition,attribution_verified_share,repere,0.0,pourcentage pour les metriques exprimees en taux
baseline-oracle,quebec,2a,Camp : gouvernement ou opposition,chance_level,repere,50.0,pourcentage pour les metriques exprimees en taux
baseline-oracle,quebec,2a,Camp : gouvernement ou opposition,macro_f1,performance,100.0,pourcentage pour les metriques exprimees en taux
baseline-oracle,quebec,2a,Camp : gouvernement ou opposition,majority_class_rate,repere,50.0,pourcentage pour les metriques exprimees en taux
baseline-oracle,quebec,2a,Camp : gouvernement ou opposition,num_items,effectif,1000.0,pourcentage pour les metriques exprimees en taux
baseline-oracle,quebec,2a,Camp : gouvernement ou opposition,num_off_label,effectif,0.0,pourcentage pour les metriques exprimees en taux
baseline-oracle,quebec,2a,Camp : gouvernement ou opposition,question_period_share,repere,2.6,pourcentage pour les metriques exprimees en taux
baseline-oracle,quebec,2b,"Parti : lequel, parmi ceux qui siegeaient a cette legislature",accuracy,performance,100.0,pourcentage pour les metriques exprimees en taux
baseline-oracle,quebec,2b,"Parti : lequel, parmi ceux qui siegeaient a cette legislature",attribution_verified_share,repere,100.0,pourcentage pour les metriques exprimees en taux
baseline-oracle,quebec,2b,"Parti : lequel, parmi ceux qui siegeaient a cette legislature",macro_f1,performance,100.0,pourcentage pour les metriques exprimees en taux
baseline-oracle,quebec,2b,"Parti : lequel, parmi ceux qui siegeaient a cette legislature",majority_class_rate,repere,20.0,pourcentage pour les metriques exprimees en taux
baseline-oracle,quebec,2b,"Parti : lequel, parmi ceux qui siegeaient a cette legislature",mean_options,effectif,4.884,pourcentage pour les metriques exprimees en taux
baseline-oracle,quebec,2b,"Parti : lequel, parmi ceux qui siegeaient a cette legislature",num_items,effectif,1000.0,pourcentage pour les metriques exprimees en taux
baseline-oracle,quebec,2b,"Parti : lequel, parmi ceux qui siegeaient a cette legislature",num_off_label,effectif,0.0,pourcentage pour les metriques exprimees en taux
baseline-oracle,quebec,2b,"Parti : lequel, parmi ceux qui siegeaient a cette legislature",question_period_share,repere,1.1,pourcentage pour les metriques exprimees en taux
baseline-toujours-abstention,quebec,1a,"Quebecisme : reperer un terme dans un echange, puis en donner le sens",detection_accuracy,performance,0.0,pourcentage pour les metriques exprimees en taux
baseline-toujours-abstention,quebec,1a,"Quebecisme : reperer un terme dans un echange, puis en donner le sens",num_definitions_scored,effectif,0.0,pourcentage pour les metriques exprimees en taux
baseline-toujours-abstention,quebec,1a,"Quebecisme : reperer un terme dans un echange, puis en donner le sens",num_detected,effectif,0.0,pourcentage pour les metriques exprimees en taux
baseline-toujours-abstention,quebec,1a,"Quebecisme : reperer un terme dans un echange, puis en donner le sens",num_items,effectif,532.0,pourcentage pour les metriques exprimees en taux
baseline-toujours-abstention,quebec,1a,"Quebecisme : reperer un terme dans un echange, puis en donner le sens",num_no_term,effectif,0.0,pourcentage pour les metriques exprimees en taux
baseline-toujours-abstention,quebec,1b,Terminologie parlementaire : reconnaitre le sens d'un terme de procedure,abstention_rate,performance,100.0,pourcentage pour les metriques exprimees en taux
baseline-toujours-abstention,quebec,1b,Terminologie parlementaire : reconnaitre le sens d'un terme de procedure,accuracy,performance,0.0,pourcentage pour les metriques exprimees en taux
baseline-toujours-abstention,quebec,1b,Terminologie parlementaire : reconnaitre le sens d'un terme de procedure,chance_level,repere,20.0,pourcentage pour les metriques exprimees en taux
baseline-toujours-abstention,quebec,1b,Terminologie parlementaire : reconnaitre le sens d'un terme de procedure,macro_f1,performance,0.0,pourcentage pour les metriques exprimees en taux
baseline-toujours-abstention,quebec,1b,Terminologie parlementaire : reconnaitre le sens d'un terme de procedure,majority_class_rate,repere,2.24,pourcentage pour les metriques exprimees en taux
baseline-toujours-abstention,quebec,1b,Terminologie parlementaire : reconnaitre le sens d'un terme de procedure,num_answered,effectif,0.0,pourcentage pour les metriques exprimees en taux
baseline-toujours-abstention,quebec,1b,Terminologie parlementaire : reconnaitre le sens d'un terme de procedure,num_items,effectif,536.0,pourcentage pour les metriques exprimees en taux
baseline-toujours-abstention,quebec,1b,Terminologie parlementaire : reconnaitre le sens d'un terme de procedure,num_off_label,effectif,0.0,pourcentage pour les metriques exprimees en taux
baseline-toujours-abstention,quebec,1c,Reference institutionnelle : produire l'expansion d'un sigle,abstention_rate,performance,100.0,pourcentage pour les metriques exprimees en taux
baseline-toujours-abstention,quebec,1c,Reference institutionnelle : produire l'expansion d'un sigle,accuracy,performance,0.0,pourcentage pour les metriques exprimees en taux
baseline-toujours-abstention,quebec,1c,Reference institutionnelle : produire l'expansion d'un sigle,num_items,effectif,1000.0,pourcentage pour les metriques exprimees en taux
baseline-toujours-abstention,quebec,1c,Reference institutionnelle : produire l'expansion d'un sigle,span_containment,performance,0.0,pourcentage pour les metriques exprimees en taux
baseline-toujours-abstention,quebec,1d,Norme lexicale : retrouver le mot employe par un locuteur quebecois,abstention_rate,performance,100.0,pourcentage pour les metriques exprimees en taux
baseline-toujours-abstention,quebec,1d,Norme lexicale : retrouver le mot employe par un locuteur quebecois,accuracy,performance,0.0,pourcentage pour les metriques exprimees en taux
baseline-toujours-abstention,quebec,1d,Norme lexicale : retrouver le mot employe par un locuteur quebecois,chance_level,repere,20.0,pourcentage pour les metriques exprimees en taux
baseline-toujours-abstention,quebec,1d,Norme lexicale : retrouver le mot employe par un locuteur quebecois,macro_f1,performance,0.0,pourcentage pour les metriques exprimees en taux
baseline-toujours-abstention,quebec,1d,Norme lexicale : retrouver le mot employe par un locuteur quebecois,majority_class_rate,repere,4.18,pourcentage pour les metriques exprimees en taux
baseline-toujours-abstention,quebec,1d,Norme lexicale : retrouver le mot employe par un locuteur quebecois,num_answered,effectif,0.0,pourcentage pour les metriques exprimees en taux
baseline-toujours-abstention,quebec,1d,Norme lexicale : retrouver le mot employe par un locuteur quebecois,num_items,effectif,287.0,pourcentage pour les metriques exprimees en taux
baseline-toujours-abstention,quebec,1d,Norme lexicale : retrouver le mot employe par un locuteur quebecois,num_off_label,effectif,0.0,pourcentage pour les metriques exprimees en taux
baseline-toujours-abstention,quebec,1h,"Expression quebecoise : reconnaitre le sens d'une expression, hors contexte",abstention_rate,performance,100.0,pourcentage pour les metriques exprimees en taux
baseline-toujours-abstention,quebec,1h,"Expression quebecoise : reconnaitre le sens d'une expression, hors contexte",accuracy,performance,0.0,pourcentage pour les metriques exprimees en taux
baseline-toujours-abstention,quebec,1h,"Expression quebecoise : reconnaitre le sens d'une expression, hors contexte",chance_level,repere,20.0,pourcentage pour les metriques exprimees en taux
baseline-toujours-abstention,quebec,1h,"Expression quebecoise : reconnaitre le sens d'une expression, hors contexte",macro_f1,performance,0.0,pourcentage pour les metriques exprimees en taux
baseline-toujours-abstention,quebec,1h,"Expression quebecoise : reconnaitre le sens d'une expression, hors contexte",majority_class_rate,repere,0.3,pourcentage pour les metriques exprimees en taux
baseline-toujours-abstention,quebec,1h,"Expression quebecoise : reconnaitre le sens d'une expression, hors contexte",num_answered,effectif,0.0,pourcentage pour les metriques exprimees en taux
baseline-toujours-abstention,quebec,1h,"Expression quebecoise : reconnaitre le sens d'une expression, hors contexte",num_items,effectif,1000.0,pourcentage pour les metriques exprimees en taux
baseline-toujours-abstention,quebec,1h,"Expression quebecoise : reconnaitre le sens d'une expression, hors contexte",num_off_label,effectif,0.0,pourcentage pour les metriques exprimees en taux
baseline-toujours-abstention,quebec,1i,"Terme quebecois : reconnaitre le sens d'un terme, hors contexte",abstention_rate,performance,100.0,pourcentage pour les metriques exprimees en taux
baseline-toujours-abstention,quebec,1i,"Terme quebecois : reconnaitre le sens d'un terme, hors contexte",accuracy,performance,0.0,pourcentage pour les metriques exprimees en taux
baseline-toujours-abstention,quebec,1i,"Terme quebecois : reconnaitre le sens d'un terme, hors contexte",chance_level,repere,20.0,pourcentage pour les metriques exprimees en taux
baseline-toujours-abstention,quebec,1i,"Terme quebecois : reconnaitre le sens d'un terme, hors contexte",macro_f1,performance,0.0,pourcentage pour les metriques exprimees en taux
baseline-toujours-abstention,quebec,1i,"Terme quebecois : reconnaitre le sens d'un terme, hors contexte",majority_class_rate,repere,0.58,pourcentage pour les metriques exprimees en taux
baseline-toujours-abstention,quebec,1i,"Terme quebecois : reconnaitre le sens d'un terme, hors contexte",num_answered,effectif,0.0,pourcentage pour les metriques exprimees en taux
baseline-toujours-abstention,quebec,1i,"Terme quebecois : reconnaitre le sens d'un terme, hors contexte",num_items,effectif,171.0,pourcentage pour les metriques exprimees en taux
baseline-toujours-abstention,quebec,1i,"Terme quebecois : reconnaitre le sens d'un terme, hors contexte",num_off_label,effectif,0.0,pourcentage pour les metriques exprimees en taux
chocolatine-14b,quebec,1a,"Quebecisme : reperer un terme dans un echange, puis en donner le sens",definition_accuracy,performance,88.41,pourcentage pour les metriques exprimees en taux
chocolatine-14b,quebec,1a,"Quebecisme : reperer un terme dans un echange, puis en donner le sens",detection_accuracy,performance,15.6,pourcentage pour les metriques exprimees en taux
chocolatine-14b,quebec,1a,"Quebecisme : reperer un terme dans un echange, puis en donner le sens",num_definitions_scored,effectif,69.0,pourcentage pour les metriques exprimees en taux
chocolatine-14b,quebec,1a,"Quebecisme : reperer un terme dans un echange, puis en donner le sens",num_detected,effectif,83.0,pourcentage pour les metriques exprimees en taux
chocolatine-14b,quebec,1a,"Quebecisme : reperer un terme dans un echange, puis en donner le sens",num_items,effectif,532.0,pourcentage pour les metriques exprimees en taux
chocolatine-14b,quebec,1a,"Quebecisme : reperer un terme dans un echange, puis en donner le sens",num_no_term,effectif,1.0,pourcentage pour les metriques exprimees en taux
chocolatine-14b,quebec,1b,Terminologie parlementaire : reconnaitre le sens d'un terme de procedure,abstention_rate,performance,17.72,pourcentage pour les metriques exprimees en taux
chocolatine-14b,quebec,1b,Terminologie parlementaire : reconnaitre le sens d'un terme de procedure,accuracy,performance,80.6,pourcentage pour les metriques exprimees en taux
chocolatine-14b,quebec,1b,Terminologie parlementaire : reconnaitre le sens d'un terme de procedure,accuracy_hors_abstention,performance,97.96,pourcentage pour les metriques exprimees en taux
chocolatine-14b,quebec,1b,Terminologie parlementaire : reconnaitre le sens d'un terme de procedure,chance_level,repere,20.0,pourcentage pour les metriques exprimees en taux
chocolatine-14b,quebec,1b,Terminologie parlementaire : reconnaitre le sens d'un terme de procedure,macro_f1,performance,79.66,pourcentage pour les metriques exprimees en taux
chocolatine-14b,quebec,1b,Terminologie parlementaire : reconnaitre le sens d'un terme de procedure,majority_class_rate,repere,2.24,pourcentage pour les metriques exprimees en taux
chocolatine-14b,quebec,1b,Terminologie parlementaire : reconnaitre le sens d'un terme de procedure,num_answered,effectif,441.0,pourcentage pour les metriques exprimees en taux
chocolatine-14b,quebec,1b,Terminologie parlementaire : reconnaitre le sens d'un terme de procedure,num_items,effectif,536.0,pourcentage pour les metriques exprimees en taux
chocolatine-14b,quebec,1b,Terminologie parlementaire : reconnaitre le sens d'un terme de procedure,num_off_label,effectif,0.0,pourcentage pour les metriques exprimees en taux
chocolatine-14b,quebec,1c,Reference institutionnelle : produire l'expansion d'un sigle,abstention_rate,performance,11.5,pourcentage pour les metriques exprimees en taux
chocolatine-14b,quebec,1c,Reference institutionnelle : produire l'expansion d'un sigle,accuracy,performance,58.0,pourcentage pour les metriques exprimees en taux
chocolatine-14b,quebec,1c,Reference institutionnelle : produire l'expansion d'un sigle,containment_verbosity,performance,1.7619047619047619,pourcentage pour les metriques exprimees en taux
chocolatine-14b,quebec,1c,Reference institutionnelle : produire l'expansion d'un sigle,num_items,effectif,1000.0,pourcentage pour les metriques exprimees en taux
chocolatine-14b,quebec,1c,Reference institutionnelle : produire l'expansion d'un sigle,span_containment,performance,59.2,pourcentage pour les metriques exprimees en taux
chocolatine-14b,quebec,1d,Norme lexicale : retrouver le mot employe par un locuteur quebecois,abstention_rate,performance,16.72,pourcentage pour les metriques exprimees en taux
chocolatine-14b,quebec,1d,Norme lexicale : retrouver le mot employe par un locuteur quebecois,accuracy,performance,62.37,pourcentage pour les metriques exprimees en taux
chocolatine-14b,quebec,1d,Norme lexicale : retrouver le mot employe par un locuteur quebecois,accuracy_hors_abstention,performance,74.9,pourcentage pour les metriques exprimees en taux
chocolatine-14b,quebec,1d,Norme lexicale : retrouver le mot employe par un locuteur quebecois,chance_level,repere,20.0,pourcentage pour les metriques exprimees en taux
chocolatine-14b,quebec,1d,Norme lexicale : retrouver le mot employe par un locuteur quebecois,macro_f1,performance,39.94,pourcentage pour les metriques exprimees en taux
chocolatine-14b,quebec,1d,Norme lexicale : retrouver le mot employe par un locuteur quebecois,majority_class_rate,repere,4.18,pourcentage pour les metriques exprimees en taux
chocolatine-14b,quebec,1d,Norme lexicale : retrouver le mot employe par un locuteur quebecois,num_answered,effectif,239.0,pourcentage pour les metriques exprimees en taux
chocolatine-14b,quebec,1d,Norme lexicale : retrouver le mot employe par un locuteur quebecois,num_items,effectif,287.0,pourcentage pour les metriques exprimees en taux
chocolatine-14b,quebec,1d,Norme lexicale : retrouver le mot employe par un locuteur quebecois,num_off_label,effectif,0.0,pourcentage pour les metriques exprimees en taux
chocolatine-14b,quebec,1e,Acceptabilite : juger si une phrase est du francais quebecois acceptable,accuracy,performance,81.6,pourcentage pour les metriques exprimees en taux
chocolatine-14b,quebec,1e,Acceptabilite : juger si une phrase est du francais quebecois acceptable,macro_f1,performance,76.5,pourcentage pour les metriques exprimees en taux
chocolatine-14b,quebec,1e,Acceptabilite : juger si une phrase est du francais quebecois acceptable,majority_class_rate,repere,69.3,pourcentage pour les metriques exprimees en taux
chocolatine-14b,quebec,1e,Acceptabilite : juger si une phrase est du francais quebecois acceptable,num_answered,effectif,1000.0,pourcentage pour les metriques exprimees en taux
chocolatine-14b,quebec,1e,Acceptabilite : juger si une phrase est du francais quebecois acceptable,num_items,effectif,1000.0,pourcentage pour les metriques exprimees en taux
chocolatine-14b,quebec,1e,Acceptabilite : juger si une phrase est du francais quebecois acceptable,num_off_label,effectif,0.0,pourcentage pour les metriques exprimees en taux
chocolatine-14b,quebec,1f,"Paire minimale : preferer la phrase grammaticale, contre un plafond humain",accuracy,performance,87.21,pourcentage pour les metriques exprimees en taux
chocolatine-14b,quebec,1f,"Paire minimale : preferer la phrase grammaticale, contre un plafond humain",chance_level,repere,50.0,pourcentage pour les metriques exprimees en taux
chocolatine-14b,quebec,1f,"Paire minimale : preferer la phrase grammaticale, contre un plafond humain",human_ceiling,repere,87.42,pourcentage pour les metriques exprimees en taux
chocolatine-14b,quebec,1f,"Paire minimale : preferer la phrase grammaticale, contre un plafond humain",macro_f1,performance,87.04,pourcentage pour les metriques exprimees en taux
chocolatine-14b,quebec,1f,"Paire minimale : preferer la phrase grammaticale, contre un plafond humain",majority_class_rate,repere,51.72,pourcentage pour les metriques exprimees en taux
chocolatine-14b,quebec,1f,"Paire minimale : preferer la phrase grammaticale, contre un plafond humain",num_answered,effectif,524.0,pourcentage pour les metriques exprimees en taux
chocolatine-14b,quebec,1f,"Paire minimale : preferer la phrase grammaticale, contre un plafond humain",num_items,effectif,524.0,pourcentage pour les metriques exprimees en taux
chocolatine-14b,quebec,1f,"Paire minimale : preferer la phrase grammaticale, contre un plafond humain",num_items_with_ceiling,effectif,524.0,pourcentage pour les metriques exprimees en taux
chocolatine-14b,quebec,1f,"Paire minimale : preferer la phrase grammaticale, contre un plafond humain",num_off_label,effectif,0.0,pourcentage pour les metriques exprimees en taux
chocolatine-14b,quebec,1h,"Expression quebecoise : reconnaitre le sens d'une expression, hors contexte",abstention_rate,performance,36.2,pourcentage pour les metriques exprimees en taux
chocolatine-14b,quebec,1h,"Expression quebecoise : reconnaitre le sens d'une expression, hors contexte",accuracy,performance,56.0,pourcentage pour les metriques exprimees en taux
chocolatine-14b,quebec,1h,"Expression quebecoise : reconnaitre le sens d'une expression, hors contexte",accuracy_hors_abstention,performance,87.77,pourcentage pour les metriques exprimees en taux
chocolatine-14b,quebec,1h,"Expression quebecoise : reconnaitre le sens d'une expression, hors contexte",chance_level,repere,20.0,pourcentage pour les metriques exprimees en taux
chocolatine-14b,quebec,1h,"Expression quebecoise : reconnaitre le sens d'une expression, hors contexte",macro_f1,performance,52.77,pourcentage pour les metriques exprimees en taux
chocolatine-14b,quebec,1h,"Expression quebecoise : reconnaitre le sens d'une expression, hors contexte",majority_class_rate,repere,0.3,pourcentage pour les metriques exprimees en taux
chocolatine-14b,quebec,1h,"Expression quebecoise : reconnaitre le sens d'une expression, hors contexte",num_answered,effectif,638.0,pourcentage pour les metriques exprimees en taux
chocolatine-14b,quebec,1h,"Expression quebecoise : reconnaitre le sens d'une expression, hors contexte",num_items,effectif,1000.0,pourcentage pour les metriques exprimees en taux
chocolatine-14b,quebec,1h,"Expression quebecoise : reconnaitre le sens d'une expression, hors contexte",num_off_label,effectif,0.0,pourcentage pour les metriques exprimees en taux
chocolatine-14b,quebec,1i,"Terme quebecois : reconnaitre le sens d'un terme, hors contexte",abstention_rate,performance,36.84,pourcentage pour les metriques exprimees en taux
chocolatine-14b,quebec,1i,"Terme quebecois : reconnaitre le sens d'un terme, hors contexte",accuracy,performance,57.31,pourcentage pour les metriques exprimees en taux
chocolatine-14b,quebec,1i,"Terme quebecois : reconnaitre le sens d'un terme, hors contexte",accuracy_hors_abstention,performance,90.74,pourcentage pour les metriques exprimees en taux
chocolatine-14b,quebec,1i,"Terme quebecois : reconnaitre le sens d'un terme, hors contexte",chance_level,repere,20.0,pourcentage pour les metriques exprimees en taux
chocolatine-14b,quebec,1i,"Terme quebecois : reconnaitre le sens d'un terme, hors contexte",macro_f1,performance,55.49,pourcentage pour les metriques exprimees en taux
chocolatine-14b,quebec,1i,"Terme quebecois : reconnaitre le sens d'un terme, hors contexte",majority_class_rate,repere,0.58,pourcentage pour les metriques exprimees en taux
chocolatine-14b,quebec,1i,"Terme quebecois : reconnaitre le sens d'un terme, hors contexte",num_answered,effectif,108.0,pourcentage pour les metriques exprimees en taux
chocolatine-14b,quebec,1i,"Terme quebecois : reconnaitre le sens d'un terme, hors contexte",num_items,effectif,171.0,pourcentage pour les metriques exprimees en taux
chocolatine-14b,quebec,1i,"Terme quebecois : reconnaitre le sens d'un terme, hors contexte",num_off_label,effectif,0.0,pourcentage pour les metriques exprimees en taux
chocolatine-14b,quebec,1j,"Provenance : designer la phrase ecrite par une personne, contre une machine",accuracy,performance,34.7,pourcentage pour les metriques exprimees en taux
chocolatine-14b,quebec,1j,"Provenance : designer la phrase ecrite par une personne, contre une machine",chance_level,repere,50.0,pourcentage pour les metriques exprimees en taux
chocolatine-14b,quebec,1j,"Provenance : designer la phrase ecrite par une personne, contre une machine",macro_f1,performance,33.91,pourcentage pour les metriques exprimees en taux
chocolatine-14b,quebec,1j,"Provenance : designer la phrase ecrite par une personne, contre une machine",majority_class_rate,repere,52.4,pourcentage pour les metriques exprimees en taux
chocolatine-14b,quebec,1j,"Provenance : designer la phrase ecrite par une personne, contre une machine",num_answered,effectif,1000.0,pourcentage pour les metriques exprimees en taux
chocolatine-14b,quebec,1j,"Provenance : designer la phrase ecrite par une personne, contre une machine",num_items,effectif,1000.0,pourcentage pour les metriques exprimees en taux
chocolatine-14b,quebec,1j,"Provenance : designer la phrase ecrite par une personne, contre une machine",num_items_with_rules_choice,effectif,957.0,pourcentage pour les metriques exprimees en taux
chocolatine-14b,quebec,1j,"Provenance : designer la phrase ecrite par une personne, contre une machine",num_off_label,effectif,0.0,pourcentage pour les metriques exprimees en taux
chocolatine-14b,quebec,1j,"Provenance : designer la phrase ecrite par une personne, contre une machine",rules_baseline_accuracy,repere,50.26,pourcentage pour les metriques exprimees en taux
chocolatine-14b,quebec,2a,Camp : gouvernement ou opposition,accuracy,performance,80.5,pourcentage pour les metriques exprimees en taux
chocolatine-14b,quebec,2a,Camp : gouvernement ou opposition,attribution_verified_share,repere,0.0,pourcentage pour les metriques exprimees en taux
chocolatine-14b,quebec,2a,Camp : gouvernement ou opposition,chance_level,repere,50.0,pourcentage pour les metriques exprimees en taux
chocolatine-14b,quebec,2a,Camp : gouvernement ou opposition,macro_f1,performance,80.5,pourcentage pour les metriques exprimees en taux
chocolatine-14b,quebec,2a,Camp : gouvernement ou opposition,majority_class_rate,repere,50.0,pourcentage pour les metriques exprimees en taux
chocolatine-14b,quebec,2a,Camp : gouvernement ou opposition,num_items,effectif,1000.0,pourcentage pour les metriques exprimees en taux
chocolatine-14b,quebec,2a,Camp : gouvernement ou opposition,num_off_label,effectif,0.0,pourcentage pour les metriques exprimees en taux
chocolatine-14b,quebec,2a,Camp : gouvernement ou opposition,question_period_share,repere,2.6,pourcentage pour les metriques exprimees en taux
chocolatine-14b,quebec,2b,"Parti : lequel, parmi ceux qui siegeaient a cette legislature",accuracy,performance,33.2,pourcentage pour les metriques exprimees en taux
chocolatine-14b,quebec,2b,"Parti : lequel, parmi ceux qui siegeaient a cette legislature",attribution_verified_share,repere,100.0,pourcentage pour les metriques exprimees en taux
chocolatine-14b,quebec,2b,"Parti : lequel, parmi ceux qui siegeaient a cette legislature",macro_f1,performance,22.14,pourcentage pour les metriques exprimees en taux
chocolatine-14b,quebec,2b,"Parti : lequel, parmi ceux qui siegeaient a cette legislature",majority_class_rate,repere,20.0,pourcentage pour les metriques exprimees en taux
chocolatine-14b,quebec,2b,"Parti : lequel, parmi ceux qui siegeaient a cette legislature",mean_options,effectif,4.884,pourcentage pour les metriques exprimees en taux
chocolatine-14b,quebec,2b,"Parti : lequel, parmi ceux qui siegeaient a cette legislature",num_items,effectif,1000.0,pourcentage pour les metriques exprimees en taux
chocolatine-14b,quebec,2b,"Parti : lequel, parmi ceux qui siegeaient a cette legislature",num_off_label,effectif,0.0,pourcentage pour les metriques exprimees en taux
chocolatine-14b,quebec,2b,"Parti : lequel, parmi ceux qui siegeaient a cette legislature",question_period_share,repere,1.1,pourcentage pour les metriques exprimees en taux
chocolatine-2.1-4b,quebec,1a,"Quebecisme : reperer un terme dans un echange, puis en donner le sens",definition_accuracy,performance,71.01,pourcentage pour les metriques exprimees en taux
chocolatine-2.1-4b,quebec,1a,"Quebecisme : reperer un terme dans un echange, puis en donner le sens",detection_accuracy,performance,14.85,pourcentage pour les metriques exprimees en taux
chocolatine-2.1-4b,quebec,1a,"Quebecisme : reperer un terme dans un echange, puis en donner le sens",num_definitions_scored,effectif,69.0,pourcentage pour les metriques exprimees en taux
chocolatine-2.1-4b,quebec,1a,"Quebecisme : reperer un terme dans un echange, puis en donner le sens",num_detected,effectif,79.0,pourcentage pour les metriques exprimees en taux
chocolatine-2.1-4b,quebec,1a,"Quebecisme : reperer un terme dans un echange, puis en donner le sens",num_items,effectif,532.0,pourcentage pour les metriques exprimees en taux
chocolatine-2.1-4b,quebec,1a,"Quebecisme : reperer un terme dans un echange, puis en donner le sens",num_no_term,effectif,0.0,pourcentage pour les metriques exprimees en taux
chocolatine-2.1-4b,quebec,1b,Terminologie parlementaire : reconnaitre le sens d'un terme de procedure,abstention_rate,performance,3.54,pourcentage pour les metriques exprimees en taux
chocolatine-2.1-4b,quebec,1b,Terminologie parlementaire : reconnaitre le sens d'un terme de procedure,accuracy,performance,91.04,pourcentage pour les metriques exprimees en taux
chocolatine-2.1-4b,quebec,1b,Terminologie parlementaire : reconnaitre le sens d'un terme de procedure,accuracy_hors_abstention,performance,94.76,pourcentage pour les metriques exprimees en taux
chocolatine-2.1-4b,quebec,1b,Terminologie parlementaire : reconnaitre le sens d'un terme de procedure,chance_level,repere,20.0,pourcentage pour les metriques exprimees en taux
chocolatine-2.1-4b,quebec,1b,Terminologie parlementaire : reconnaitre le sens d'un terme de procedure,macro_f1,performance,84.62,pourcentage pour les metriques exprimees en taux
chocolatine-2.1-4b,quebec,1b,Terminologie parlementaire : reconnaitre le sens d'un terme de procedure,majority_class_rate,repere,2.24,pourcentage pour les metriques exprimees en taux
chocolatine-2.1-4b,quebec,1b,Terminologie parlementaire : reconnaitre le sens d'un terme de procedure,num_answered,effectif,515.0,pourcentage pour les metriques exprimees en taux
chocolatine-2.1-4b,quebec,1b,Terminologie parlementaire : reconnaitre le sens d'un terme de procedure,num_items,effectif,536.0,pourcentage pour les metriques exprimees en taux
chocolatine-2.1-4b,quebec,1b,Terminologie parlementaire : reconnaitre le sens d'un terme de procedure,num_off_label,effectif,2.0,pourcentage pour les metriques exprimees en taux
chocolatine-2.1-4b,quebec,1c,Reference institutionnelle : produire l'expansion d'un sigle,abstention_rate,performance,2.8,pourcentage pour les metriques exprimees en taux
chocolatine-2.1-4b,quebec,1c,Reference institutionnelle : produire l'expansion d'un sigle,accuracy,performance,22.7,pourcentage pour les metriques exprimees en taux
chocolatine-2.1-4b,quebec,1c,Reference institutionnelle : produire l'expansion d'un sigle,containment_verbosity,performance,1.3333333333333333,pourcentage pour les metriques exprimees en taux
chocolatine-2.1-4b,quebec,1c,Reference institutionnelle : produire l'expansion d'un sigle,num_items,effectif,1000.0,pourcentage pour les metriques exprimees en taux
chocolatine-2.1-4b,quebec,1c,Reference institutionnelle : produire l'expansion d'un sigle,span_containment,performance,24.1,pourcentage pour les metriques exprimees en taux
chocolatine-2.1-4b,quebec,1d,Norme lexicale : retrouver le mot employe par un locuteur quebecois,abstention_rate,performance,1.39,pourcentage pour les metriques exprimees en taux
chocolatine-2.1-4b,quebec,1d,Norme lexicale : retrouver le mot employe par un locuteur quebecois,accuracy,performance,48.43,pourcentage pour les metriques exprimees en taux
chocolatine-2.1-4b,quebec,1d,Norme lexicale : retrouver le mot employe par un locuteur quebecois,accuracy_hors_abstention,performance,49.29,pourcentage pour les metriques exprimees en taux
chocolatine-2.1-4b,quebec,1d,Norme lexicale : retrouver le mot employe par un locuteur quebecois,chance_level,repere,20.0,pourcentage pour les metriques exprimees en taux
chocolatine-2.1-4b,quebec,1d,Norme lexicale : retrouver le mot employe par un locuteur quebecois,macro_f1,performance,30.33,pourcentage pour les metriques exprimees en taux
chocolatine-2.1-4b,quebec,1d,Norme lexicale : retrouver le mot employe par un locuteur quebecois,majority_class_rate,repere,4.18,pourcentage pour les metriques exprimees en taux
chocolatine-2.1-4b,quebec,1d,Norme lexicale : retrouver le mot employe par un locuteur quebecois,num_answered,effectif,282.0,pourcentage pour les metriques exprimees en taux
chocolatine-2.1-4b,quebec,1d,Norme lexicale : retrouver le mot employe par un locuteur quebecois,num_items,effectif,287.0,pourcentage pour les metriques exprimees en taux
chocolatine-2.1-4b,quebec,1d,Norme lexicale : retrouver le mot employe par un locuteur quebecois,num_off_label,effectif,1.0,pourcentage pour les metriques exprimees en taux
chocolatine-2.1-4b,quebec,1e,Acceptabilite : juger si une phrase est du francais quebecois acceptable,accuracy,performance,75.7,pourcentage pour les metriques exprimees en taux
chocolatine-2.1-4b,quebec,1e,Acceptabilite : juger si une phrase est du francais quebecois acceptable,macro_f1,performance,71.15,pourcentage pour les metriques exprimees en taux
chocolatine-2.1-4b,quebec,1e,Acceptabilite : juger si une phrase est du francais quebecois acceptable,majority_class_rate,repere,69.3,pourcentage pour les metriques exprimees en taux
chocolatine-2.1-4b,quebec,1e,Acceptabilite : juger si une phrase est du francais quebecois acceptable,num_answered,effectif,1000.0,pourcentage pour les metriques exprimees en taux
chocolatine-2.1-4b,quebec,1e,Acceptabilite : juger si une phrase est du francais quebecois acceptable,num_items,effectif,1000.0,pourcentage pour les metriques exprimees en taux
chocolatine-2.1-4b,quebec,1e,Acceptabilite : juger si une phrase est du francais quebecois acceptable,num_off_label,effectif,0.0,pourcentage pour les metriques exprimees en taux
chocolatine-2.1-4b,quebec,1f,"Paire minimale : preferer la phrase grammaticale, contre un plafond humain",accuracy,performance,74.81,pourcentage pour les metriques exprimees en taux
chocolatine-2.1-4b,quebec,1f,"Paire minimale : preferer la phrase grammaticale, contre un plafond humain",chance_level,repere,50.0,pourcentage pour les metriques exprimees en taux
chocolatine-2.1-4b,quebec,1f,"Paire minimale : preferer la phrase grammaticale, contre un plafond humain",human_ceiling,repere,87.42,pourcentage pour les metriques exprimees en taux
chocolatine-2.1-4b,quebec,1f,"Paire minimale : preferer la phrase grammaticale, contre un plafond humain",macro_f1,performance,73.26,pourcentage pour les metriques exprimees en taux
chocolatine-2.1-4b,quebec,1f,"Paire minimale : preferer la phrase grammaticale, contre un plafond humain",majority_class_rate,repere,51.72,pourcentage pour les metriques exprimees en taux
chocolatine-2.1-4b,quebec,1f,"Paire minimale : preferer la phrase grammaticale, contre un plafond humain",num_answered,effectif,524.0,pourcentage pour les metriques exprimees en taux
chocolatine-2.1-4b,quebec,1f,"Paire minimale : preferer la phrase grammaticale, contre un plafond humain",num_items,effectif,524.0,pourcentage pour les metriques exprimees en taux
chocolatine-2.1-4b,quebec,1f,"Paire minimale : preferer la phrase grammaticale, contre un plafond humain",num_items_with_ceiling,effectif,524.0,pourcentage pour les metriques exprimees en taux
chocolatine-2.1-4b,quebec,1f,"Paire minimale : preferer la phrase grammaticale, contre un plafond humain",num_off_label,effectif,0.0,pourcentage pour les metriques exprimees en taux
chocolatine-2.1-4b,quebec,1h,"Expression quebecoise : reconnaitre le sens d'une expression, hors contexte",abstention_rate,performance,12.7,pourcentage pour les metriques exprimees en taux
chocolatine-2.1-4b,quebec,1h,"Expression quebecoise : reconnaitre le sens d'une expression, hors contexte",accuracy,performance,60.5,pourcentage pour les metriques exprimees en taux
chocolatine-2.1-4b,quebec,1h,"Expression quebecoise : reconnaitre le sens d'une expression, hors contexte",accuracy_hors_abstention,performance,69.38,pourcentage pour les metriques exprimees en taux
chocolatine-2.1-4b,quebec,1h,"Expression quebecoise : reconnaitre le sens d'une expression, hors contexte",chance_level,repere,20.0,pourcentage pour les metriques exprimees en taux
chocolatine-2.1-4b,quebec,1h,"Expression quebecoise : reconnaitre le sens d'une expression, hors contexte",macro_f1,performance,49.65,pourcentage pour les metriques exprimees en taux
chocolatine-2.1-4b,quebec,1h,"Expression quebecoise : reconnaitre le sens d'une expression, hors contexte",majority_class_rate,repere,0.3,pourcentage pour les metriques exprimees en taux
chocolatine-2.1-4b,quebec,1h,"Expression quebecoise : reconnaitre le sens d'une expression, hors contexte",num_answered,effectif,872.0,pourcentage pour les metriques exprimees en taux
chocolatine-2.1-4b,quebec,1h,"Expression quebecoise : reconnaitre le sens d'une expression, hors contexte",num_items,effectif,1000.0,pourcentage pour les metriques exprimees en taux
chocolatine-2.1-4b,quebec,1h,"Expression quebecoise : reconnaitre le sens d'une expression, hors contexte",num_off_label,effectif,1.0,pourcentage pour les metriques exprimees en taux
chocolatine-2.1-4b,quebec,1i,"Terme quebecois : reconnaitre le sens d'un terme, hors contexte",abstention_rate,performance,16.37,pourcentage pour les metriques exprimees en taux
chocolatine-2.1-4b,quebec,1i,"Terme quebecois : reconnaitre le sens d'un terme, hors contexte",accuracy,performance,59.06,pourcentage pour les metriques exprimees en taux
chocolatine-2.1-4b,quebec,1i,"Terme quebecois : reconnaitre le sens d'un terme, hors contexte",accuracy_hors_abstention,performance,71.13,pourcentage pour les metriques exprimees en taux
chocolatine-2.1-4b,quebec,1i,"Terme quebecois : reconnaitre le sens d'un terme, hors contexte",chance_level,repere,20.0,pourcentage pour les metriques exprimees en taux
chocolatine-2.1-4b,quebec,1i,"Terme quebecois : reconnaitre le sens d'un terme, hors contexte",macro_f1,performance,53.7,pourcentage pour les metriques exprimees en taux
chocolatine-2.1-4b,quebec,1i,"Terme quebecois : reconnaitre le sens d'un terme, hors contexte",majority_class_rate,repere,0.58,pourcentage pour les metriques exprimees en taux
chocolatine-2.1-4b,quebec,1i,"Terme quebecois : reconnaitre le sens d'un terme, hors contexte",num_answered,effectif,142.0,pourcentage pour les metriques exprimees en taux
chocolatine-2.1-4b,quebec,1i,"Terme quebecois : reconnaitre le sens d'un terme, hors contexte",num_items,effectif,171.0,pourcentage pour les metriques exprimees en taux
chocolatine-2.1-4b,quebec,1i,"Terme quebecois : reconnaitre le sens d'un terme, hors contexte",num_off_label,effectif,1.0,pourcentage pour les metriques exprimees en taux
chocolatine-2.1-4b,quebec,1j,"Provenance : designer la phrase ecrite par une personne, contre une machine",accuracy,performance,53.9,pourcentage pour les metriques exprimees en taux
chocolatine-2.1-4b,quebec,1j,"Provenance : designer la phrase ecrite par une personne, contre une machine",chance_level,repere,50.0,pourcentage pour les metriques exprimees en taux
chocolatine-2.1-4b,quebec,1j,"Provenance : designer la phrase ecrite par une personne, contre une machine",macro_f1,performance,45.68,pourcentage pour les metriques exprimees en taux
chocolatine-2.1-4b,quebec,1j,"Provenance : designer la phrase ecrite par une personne, contre une machine",majority_class_rate,repere,52.4,pourcentage pour les metriques exprimees en taux
chocolatine-2.1-4b,quebec,1j,"Provenance : designer la phrase ecrite par une personne, contre une machine",num_answered,effectif,1000.0,pourcentage pour les metriques exprimees en taux
chocolatine-2.1-4b,quebec,1j,"Provenance : designer la phrase ecrite par une personne, contre une machine",num_items,effectif,1000.0,pourcentage pour les metriques exprimees en taux
chocolatine-2.1-4b,quebec,1j,"Provenance : designer la phrase ecrite par une personne, contre une machine",num_items_with_rules_choice,effectif,957.0,pourcentage pour les metriques exprimees en taux
chocolatine-2.1-4b,quebec,1j,"Provenance : designer la phrase ecrite par une personne, contre une machine",num_off_label,effectif,0.0,pourcentage pour les metriques exprimees en taux
chocolatine-2.1-4b,quebec,1j,"Provenance : designer la phrase ecrite par une personne, contre une machine",rules_baseline_accuracy,repere,50.26,pourcentage pour les metriques exprimees en taux
chocolatine-2.1-4b,quebec,2a,Camp : gouvernement ou opposition,accuracy,performance,75.9,pourcentage pour les metriques exprimees en taux
chocolatine-2.1-4b,quebec,2a,Camp : gouvernement ou opposition,attribution_verified_share,repere,0.0,pourcentage pour les metriques exprimees en taux
chocolatine-2.1-4b,quebec,2a,Camp : gouvernement ou opposition,chance_level,repere,50.0,pourcentage pour les metriques exprimees en taux
chocolatine-2.1-4b,quebec,2a,Camp : gouvernement ou opposition,macro_f1,performance,75.27,pourcentage pour les metriques exprimees en taux
chocolatine-2.1-4b,quebec,2a,Camp : gouvernement ou opposition,majority_class_rate,repere,50.0,pourcentage pour les metriques exprimees en taux
chocolatine-2.1-4b,quebec,2a,Camp : gouvernement ou opposition,num_items,effectif,1000.0,pourcentage pour les metriques exprimees en taux
chocolatine-2.1-4b,quebec,2a,Camp : gouvernement ou opposition,num_off_label,effectif,0.0,pourcentage pour les metriques exprimees en taux
chocolatine-2.1-4b,quebec,2a,Camp : gouvernement ou opposition,question_period_share,repere,2.6,pourcentage pour les metriques exprimees en taux
chocolatine-2.1-4b,quebec,2b,"Parti : lequel, parmi ceux qui siegeaient a cette legislature",accuracy,performance,24.6,pourcentage pour les metriques exprimees en taux
chocolatine-2.1-4b,quebec,2b,"Parti : lequel, parmi ceux qui siegeaient a cette legislature",attribution_verified_share,repere,100.0,pourcentage pour les metriques exprimees en taux
chocolatine-2.1-4b,quebec,2b,"Parti : lequel, parmi ceux qui siegeaient a cette legislature",macro_f1,performance,22.16,pourcentage pour les metriques exprimees en taux
chocolatine-2.1-4b,quebec,2b,"Parti : lequel, parmi ceux qui siegeaient a cette legislature",majority_class_rate,repere,20.0,pourcentage pour les metriques exprimees en taux
chocolatine-2.1-4b,quebec,2b,"Parti : lequel, parmi ceux qui siegeaient a cette legislature",mean_options,effectif,4.884,pourcentage pour les metriques exprimees en taux
chocolatine-2.1-4b,quebec,2b,"Parti : lequel, parmi ceux qui siegeaient a cette legislature",num_items,effectif,1000.0,pourcentage pour les metriques exprimees en taux
chocolatine-2.1-4b,quebec,2b,"Parti : lequel, parmi ceux qui siegeaient a cette legislature",num_off_label,effectif,0.0,pourcentage pour les metriques exprimees en taux
chocolatine-2.1-4b,quebec,2b,"Parti : lequel, parmi ceux qui siegeaient a cette legislature",question_period_share,repere,1.1,pourcentage pour les metriques exprimees en taux
cohere-aya-35b,quebec,1a,"Quebecisme : reperer un terme dans un echange, puis en donner le sens",definition_accuracy,performance,80.46,pourcentage pour les metriques exprimees en taux
cohere-aya-35b,quebec,1a,"Quebecisme : reperer un terme dans un echange, puis en donner le sens",detection_accuracy,performance,18.98,pourcentage pour les metriques exprimees en taux
cohere-aya-35b,quebec,1a,"Quebecisme : reperer un terme dans un echange, puis en donner le sens",num_definitions_scored,effectif,87.0,pourcentage pour les metriques exprimees en taux
cohere-aya-35b,quebec,1a,"Quebecisme : reperer un terme dans un echange, puis en donner le sens",num_detected,effectif,101.0,pourcentage pour les metriques exprimees en taux
cohere-aya-35b,quebec,1a,"Quebecisme : reperer un terme dans un echange, puis en donner le sens",num_items,effectif,532.0,pourcentage pour les metriques exprimees en taux
cohere-aya-35b,quebec,1a,"Quebecisme : reperer un terme dans un echange, puis en donner le sens",num_no_term,effectif,0.0,pourcentage pour les metriques exprimees en taux
cohere-aya-35b,quebec,1b,Terminologie parlementaire : reconnaitre le sens d'un terme de procedure,abstention_rate,performance,2.43,pourcentage pour les metriques exprimees en taux
cohere-aya-35b,quebec,1b,Terminologie parlementaire : reconnaitre le sens d'un terme de procedure,accuracy,performance,92.35,pourcentage pour les metriques exprimees en taux
cohere-aya-35b,quebec,1b,Terminologie parlementaire : reconnaitre le sens d'un terme de procedure,accuracy_hors_abstention,performance,94.65,pourcentage pour les metriques exprimees en taux
cohere-aya-35b,quebec,1b,Terminologie parlementaire : reconnaitre le sens d'un terme de procedure,chance_level,repere,20.0,pourcentage pour les metriques exprimees en taux
cohere-aya-35b,quebec,1b,Terminologie parlementaire : reconnaitre le sens d'un terme de procedure,macro_f1,performance,88.84,pourcentage pour les metriques exprimees en taux
cohere-aya-35b,quebec,1b,Terminologie parlementaire : reconnaitre le sens d'un terme de procedure,majority_class_rate,repere,2.24,pourcentage pour les metriques exprimees en taux
cohere-aya-35b,quebec,1b,Terminologie parlementaire : reconnaitre le sens d'un terme de procedure,num_answered,effectif,523.0,pourcentage pour les metriques exprimees en taux
cohere-aya-35b,quebec,1b,Terminologie parlementaire : reconnaitre le sens d'un terme de procedure,num_items,effectif,536.0,pourcentage pour les metriques exprimees en taux
cohere-aya-35b,quebec,1b,Terminologie parlementaire : reconnaitre le sens d'un terme de procedure,num_off_label,effectif,0.0,pourcentage pour les metriques exprimees en taux
cohere-aya-35b,quebec,1c,Reference institutionnelle : produire l'expansion d'un sigle,abstention_rate,performance,44.9,pourcentage pour les metriques exprimees en taux
cohere-aya-35b,quebec,1c,Reference institutionnelle : produire l'expansion d'un sigle,accuracy,performance,49.2,pourcentage pour les metriques exprimees en taux
cohere-aya-35b,quebec,1c,Reference institutionnelle : produire l'expansion d'un sigle,containment_verbosity,performance,2.0,pourcentage pour les metriques exprimees en taux
cohere-aya-35b,quebec,1c,Reference institutionnelle : produire l'expansion d'un sigle,num_items,effectif,1000.0,pourcentage pour les metriques exprimees en taux
cohere-aya-35b,quebec,1c,Reference institutionnelle : produire l'expansion d'un sigle,span_containment,performance,51.4,pourcentage pour les metriques exprimees en taux
cohere-aya-35b,quebec,1d,Norme lexicale : retrouver le mot employe par un locuteur quebecois,abstention_rate,performance,29.97,pourcentage pour les metriques exprimees en taux
cohere-aya-35b,quebec,1d,Norme lexicale : retrouver le mot employe par un locuteur quebecois,accuracy,performance,46.34,pourcentage pour les metriques exprimees en taux
cohere-aya-35b,quebec,1d,Norme lexicale : retrouver le mot employe par un locuteur quebecois,accuracy_hors_abstention,performance,66.17,pourcentage pour les metriques exprimees en taux
cohere-aya-35b,quebec,1d,Norme lexicale : retrouver le mot employe par un locuteur quebecois,chance_level,repere,20.0,pourcentage pour les metriques exprimees en taux
cohere-aya-35b,quebec,1d,Norme lexicale : retrouver le mot employe par un locuteur quebecois,macro_f1,performance,33.08,pourcentage pour les metriques exprimees en taux
cohere-aya-35b,quebec,1d,Norme lexicale : retrouver le mot employe par un locuteur quebecois,majority_class_rate,repere,4.18,pourcentage pour les metriques exprimees en taux
cohere-aya-35b,quebec,1d,Norme lexicale : retrouver le mot employe par un locuteur quebecois,num_answered,effectif,201.0,pourcentage pour les metriques exprimees en taux
cohere-aya-35b,quebec,1d,Norme lexicale : retrouver le mot employe par un locuteur quebecois,num_items,effectif,287.0,pourcentage pour les metriques exprimees en taux
cohere-aya-35b,quebec,1d,Norme lexicale : retrouver le mot employe par un locuteur quebecois,num_off_label,effectif,0.0,pourcentage pour les metriques exprimees en taux
cohere-aya-35b,quebec,1e,Acceptabilite : juger si une phrase est du francais quebecois acceptable,accuracy,performance,79.8,pourcentage pour les metriques exprimees en taux
cohere-aya-35b,quebec,1e,Acceptabilite : juger si une phrase est du francais quebecois acceptable,macro_f1,performance,74.26,pourcentage pour les metriques exprimees en taux
cohere-aya-35b,quebec,1e,Acceptabilite : juger si une phrase est du francais quebecois acceptable,majority_class_rate,repere,69.3,pourcentage pour les metriques exprimees en taux
cohere-aya-35b,quebec,1e,Acceptabilite : juger si une phrase est du francais quebecois acceptable,num_answered,effectif,1000.0,pourcentage pour les metriques exprimees en taux
cohere-aya-35b,quebec,1e,Acceptabilite : juger si une phrase est du francais quebecois acceptable,num_items,effectif,1000.0,pourcentage pour les metriques exprimees en taux
cohere-aya-35b,quebec,1e,Acceptabilite : juger si une phrase est du francais quebecois acceptable,num_off_label,effectif,0.0,pourcentage pour les metriques exprimees en taux
cohere-aya-35b,quebec,1f,"Paire minimale : preferer la phrase grammaticale, contre un plafond humain",accuracy,performance,79.39,pourcentage pour les metriques exprimees en taux
cohere-aya-35b,quebec,1f,"Paire minimale : preferer la phrase grammaticale, contre un plafond humain",chance_level,repere,50.0,pourcentage pour les metriques exprimees en taux
cohere-aya-35b,quebec,1f,"Paire minimale : preferer la phrase grammaticale, contre un plafond humain",human_ceiling,repere,87.42,pourcentage pour les metriques exprimees en taux
cohere-aya-35b,quebec,1f,"Paire minimale : preferer la phrase grammaticale, contre un plafond humain",macro_f1,performance,78.58,pourcentage pour les metriques exprimees en taux
cohere-aya-35b,quebec,1f,"Paire minimale : preferer la phrase grammaticale, contre un plafond humain",majority_class_rate,repere,51.72,pourcentage pour les metriques exprimees en taux
cohere-aya-35b,quebec,1f,"Paire minimale : preferer la phrase grammaticale, contre un plafond humain",num_answered,effectif,524.0,pourcentage pour les metriques exprimees en taux
cohere-aya-35b,quebec,1f,"Paire minimale : preferer la phrase grammaticale, contre un plafond humain",num_items,effectif,524.0,pourcentage pour les metriques exprimees en taux
cohere-aya-35b,quebec,1f,"Paire minimale : preferer la phrase grammaticale, contre un plafond humain",num_items_with_ceiling,effectif,524.0,pourcentage pour les metriques exprimees en taux
cohere-aya-35b,quebec,1f,"Paire minimale : preferer la phrase grammaticale, contre un plafond humain",num_off_label,effectif,0.0,pourcentage pour les metriques exprimees en taux
cohere-aya-35b,quebec,1h,"Expression quebecoise : reconnaitre le sens d'une expression, hors contexte",abstention_rate,performance,1.8,pourcentage pour les metriques exprimees en taux
cohere-aya-35b,quebec,1h,"Expression quebecoise : reconnaitre le sens d'une expression, hors contexte",accuracy,performance,74.3,pourcentage pour les metriques exprimees en taux
cohere-aya-35b,quebec,1h,"Expression quebecoise : reconnaitre le sens d'une expression, hors contexte",accuracy_hors_abstention,performance,75.66,pourcentage pour les metriques exprimees en taux
cohere-aya-35b,quebec,1h,"Expression quebecoise : reconnaitre le sens d'une expression, hors contexte",chance_level,repere,20.0,pourcentage pour les metriques exprimees en taux
cohere-aya-35b,quebec,1h,"Expression quebecoise : reconnaitre le sens d'une expression, hors contexte",macro_f1,performance,62.21,pourcentage pour les metriques exprimees en taux
cohere-aya-35b,quebec,1h,"Expression quebecoise : reconnaitre le sens d'une expression, hors contexte",majority_class_rate,repere,0.3,pourcentage pour les metriques exprimees en taux
cohere-aya-35b,quebec,1h,"Expression quebecoise : reconnaitre le sens d'une expression, hors contexte",num_answered,effectif,982.0,pourcentage pour les metriques exprimees en taux
cohere-aya-35b,quebec,1h,"Expression quebecoise : reconnaitre le sens d'une expression, hors contexte",num_items,effectif,1000.0,pourcentage pour les metriques exprimees en taux
cohere-aya-35b,quebec,1h,"Expression quebecoise : reconnaitre le sens d'une expression, hors contexte",num_off_label,effectif,0.0,pourcentage pour les metriques exprimees en taux
cohere-aya-35b,quebec,1i,"Terme quebecois : reconnaitre le sens d'un terme, hors contexte",abstention_rate,performance,2.92,pourcentage pour les metriques exprimees en taux
cohere-aya-35b,quebec,1i,"Terme quebecois : reconnaitre le sens d'un terme, hors contexte",accuracy,performance,80.12,pourcentage pour les metriques exprimees en taux
cohere-aya-35b,quebec,1i,"Terme quebecois : reconnaitre le sens d'un terme, hors contexte",accuracy_hors_abstention,performance,82.53,pourcentage pour les metriques exprimees en taux
cohere-aya-35b,quebec,1i,"Terme quebecois : reconnaitre le sens d'un terme, hors contexte",chance_level,repere,20.0,pourcentage pour les metriques exprimees en taux
cohere-aya-35b,quebec,1i,"Terme quebecois : reconnaitre le sens d'un terme, hors contexte",macro_f1,performance,75.05,pourcentage pour les metriques exprimees en taux
cohere-aya-35b,quebec,1i,"Terme quebecois : reconnaitre le sens d'un terme, hors contexte",majority_class_rate,repere,0.58,pourcentage pour les metriques exprimees en taux
cohere-aya-35b,quebec,1i,"Terme quebecois : reconnaitre le sens d'un terme, hors contexte",num_answered,effectif,166.0,pourcentage pour les metriques exprimees en taux
cohere-aya-35b,quebec,1i,"Terme quebecois : reconnaitre le sens d'un terme, hors contexte",num_items,effectif,171.0,pourcentage pour les metriques exprimees en taux
cohere-aya-35b,quebec,1i,"Terme quebecois : reconnaitre le sens d'un terme, hors contexte",num_off_label,effectif,0.0,pourcentage pour les metriques exprimees en taux
cohere-aya-35b,quebec,1j,"Provenance : designer la phrase ecrite par une personne, contre une machine",accuracy,performance,40.0,pourcentage pour les metriques exprimees en taux
cohere-aya-35b,quebec,1j,"Provenance : designer la phrase ecrite par une personne, contre une machine",chance_level,repere,50.0,pourcentage pour les metriques exprimees en taux
cohere-aya-35b,quebec,1j,"Provenance : designer la phrase ecrite par une personne, contre une machine",macro_f1,performance,36.4,pourcentage pour les metriques exprimees en taux
cohere-aya-35b,quebec,1j,"Provenance : designer la phrase ecrite par une personne, contre une machine",majority_class_rate,repere,52.4,pourcentage pour les metriques exprimees en taux
cohere-aya-35b,quebec,1j,"Provenance : designer la phrase ecrite par une personne, contre une machine",num_answered,effectif,1000.0,pourcentage pour les metriques exprimees en taux
cohere-aya-35b,quebec,1j,"Provenance : designer la phrase ecrite par une personne, contre une machine",num_items,effectif,1000.0,pourcentage pour les metriques exprimees en taux
cohere-aya-35b,quebec,1j,"Provenance : designer la phrase ecrite par une personne, contre une machine",num_items_with_rules_choice,effectif,957.0,pourcentage pour les metriques exprimees en taux
cohere-aya-35b,quebec,1j,"Provenance : designer la phrase ecrite par une personne, contre une machine",num_off_label,effectif,0.0,pourcentage pour les metriques exprimees en taux
cohere-aya-35b,quebec,1j,"Provenance : designer la phrase ecrite par une personne, contre une machine",rules_baseline_accuracy,repere,50.26,pourcentage pour les metriques exprimees en taux
cohere-aya-35b,quebec,2a,Camp : gouvernement ou opposition,accuracy,performance,80.2,pourcentage pour les metriques exprimees en taux
cohere-aya-35b,quebec,2a,Camp : gouvernement ou opposition,attribution_verified_share,repere,0.0,pourcentage pour les metriques exprimees en taux
cohere-aya-35b,quebec,2a,Camp : gouvernement ou opposition,chance_level,repere,50.0,pourcentage pour les metriques exprimees en taux
cohere-aya-35b,quebec,2a,Camp : gouvernement ou opposition,macro_f1,performance,79.96,pourcentage pour les metriques exprimees en taux
cohere-aya-35b,quebec,2a,Camp : gouvernement ou opposition,majority_class_rate,repere,50.0,pourcentage pour les metriques exprimees en taux
cohere-aya-35b,quebec,2a,Camp : gouvernement ou opposition,num_items,effectif,1000.0,pourcentage pour les metriques exprimees en taux
cohere-aya-35b,quebec,2a,Camp : gouvernement ou opposition,num_off_label,effectif,0.0,pourcentage pour les metriques exprimees en taux
cohere-aya-35b,quebec,2a,Camp : gouvernement ou opposition,question_period_share,repere,2.6,pourcentage pour les metriques exprimees en taux
cohere-aya-35b,quebec,2b,"Parti : lequel, parmi ceux qui siegeaient a cette legislature",accuracy,performance,27.7,pourcentage pour les metriques exprimees en taux
cohere-aya-35b,quebec,2b,"Parti : lequel, parmi ceux qui siegeaient a cette legislature",attribution_verified_share,repere,100.0,pourcentage pour les metriques exprimees en taux
cohere-aya-35b,quebec,2b,"Parti : lequel, parmi ceux qui siegeaient a cette legislature",macro_f1,performance,20.42,pourcentage pour les metriques exprimees en taux
cohere-aya-35b,quebec,2b,"Parti : lequel, parmi ceux qui siegeaient a cette legislature",majority_class_rate,repere,20.0,pourcentage pour les metriques exprimees en taux
cohere-aya-35b,quebec,2b,"Parti : lequel, parmi ceux qui siegeaient a cette legislature",mean_options,effectif,4.884,pourcentage pour les metriques exprimees en taux
cohere-aya-35b,quebec,2b,"Parti : lequel, parmi ceux qui siegeaient a cette legislature",num_items,effectif,1000.0,pourcentage pour les metriques exprimees en taux
cohere-aya-35b,quebec,2b,"Parti : lequel, parmi ceux qui siegeaient a cette legislature",num_off_label,effectif,0.0,pourcentage pour les metriques exprimees en taux
cohere-aya-35b,quebec,2b,"Parti : lequel, parmi ceux qui siegeaient a cette legislature",question_period_share,repere,1.1,pourcentage pour les metriques exprimees en taux
cohere-aya-8b,quebec,1a,"Quebecisme : reperer un terme dans un echange, puis en donner le sens",definition_accuracy,performance,47.3,pourcentage pour les metriques exprimees en taux
cohere-aya-8b,quebec,1a,"Quebecisme : reperer un terme dans un echange, puis en donner le sens",detection_accuracy,performance,17.48,pourcentage pour les metriques exprimees en taux
cohere-aya-8b,quebec,1a,"Quebecisme : reperer un terme dans un echange, puis en donner le sens",num_definitions_scored,effectif,74.0,pourcentage pour les metriques exprimees en taux
cohere-aya-8b,quebec,1a,"Quebecisme : reperer un terme dans un echange, puis en donner le sens",num_detected,effectif,93.0,pourcentage pour les metriques exprimees en taux
cohere-aya-8b,quebec,1a,"Quebecisme : reperer un terme dans un echange, puis en donner le sens",num_items,effectif,532.0,pourcentage pour les metriques exprimees en taux
cohere-aya-8b,quebec,1a,"Quebecisme : reperer un terme dans un echange, puis en donner le sens",num_no_term,effectif,0.0,pourcentage pour les metriques exprimees en taux
cohere-aya-8b,quebec,1b,Terminologie parlementaire : reconnaitre le sens d'un terme de procedure,abstention_rate,performance,0.37,pourcentage pour les metriques exprimees en taux
cohere-aya-8b,quebec,1b,Terminologie parlementaire : reconnaitre le sens d'un terme de procedure,accuracy,performance,88.99,pourcentage pour les metriques exprimees en taux
cohere-aya-8b,quebec,1b,Terminologie parlementaire : reconnaitre le sens d'un terme de procedure,accuracy_hors_abstention,performance,89.33,pourcentage pour les metriques exprimees en taux
cohere-aya-8b,quebec,1b,Terminologie parlementaire : reconnaitre le sens d'un terme de procedure,chance_level,repere,20.0,pourcentage pour les metriques exprimees en taux
cohere-aya-8b,quebec,1b,Terminologie parlementaire : reconnaitre le sens d'un terme de procedure,macro_f1,performance,79.37,pourcentage pour les metriques exprimees en taux
cohere-aya-8b,quebec,1b,Terminologie parlementaire : reconnaitre le sens d'un terme de procedure,majority_class_rate,repere,2.24,pourcentage pour les metriques exprimees en taux
cohere-aya-8b,quebec,1b,Terminologie parlementaire : reconnaitre le sens d'un terme de procedure,num_answered,effectif,534.0,pourcentage pour les metriques exprimees en taux
cohere-aya-8b,quebec,1b,Terminologie parlementaire : reconnaitre le sens d'un terme de procedure,num_items,effectif,536.0,pourcentage pour les metriques exprimees en taux
cohere-aya-8b,quebec,1b,Terminologie parlementaire : reconnaitre le sens d'un terme de procedure,num_off_label,effectif,0.0,pourcentage pour les metriques exprimees en taux
cohere-aya-8b,quebec,1c,Reference institutionnelle : produire l'expansion d'un sigle,abstention_rate,performance,81.8,pourcentage pour les metriques exprimees en taux
cohere-aya-8b,quebec,1c,Reference institutionnelle : produire l'expansion d'un sigle,accuracy,performance,5.2,pourcentage pour les metriques exprimees en taux
cohere-aya-8b,quebec,1c,Reference institutionnelle : produire l'expansion d'un sigle,containment_verbosity,performance,1.25,pourcentage pour les metriques exprimees en taux
cohere-aya-8b,quebec,1c,Reference institutionnelle : produire l'expansion d'un sigle,num_items,effectif,1000.0,pourcentage pour les metriques exprimees en taux
cohere-aya-8b,quebec,1c,Reference institutionnelle : produire l'expansion d'un sigle,span_containment,performance,5.5,pourcentage pour les metriques exprimees en taux
cohere-aya-8b,quebec,1d,Norme lexicale : retrouver le mot employe par un locuteur quebecois,abstention_rate,performance,12.89,pourcentage pour les metriques exprimees en taux
cohere-aya-8b,quebec,1d,Norme lexicale : retrouver le mot employe par un locuteur quebecois,accuracy,performance,42.86,pourcentage pour les metriques exprimees en taux
cohere-aya-8b,quebec,1d,Norme lexicale : retrouver le mot employe par un locuteur quebecois,accuracy_hors_abstention,performance,49.2,pourcentage pour les metriques exprimees en taux
cohere-aya-8b,quebec,1d,Norme lexicale : retrouver le mot employe par un locuteur quebecois,chance_level,repere,20.0,pourcentage pour les metriques exprimees en taux
cohere-aya-8b,quebec,1d,Norme lexicale : retrouver le mot employe par un locuteur quebecois,macro_f1,performance,28.0,pourcentage pour les metriques exprimees en taux
cohere-aya-8b,quebec,1d,Norme lexicale : retrouver le mot employe par un locuteur quebecois,majority_class_rate,repere,4.18,pourcentage pour les metriques exprimees en taux
cohere-aya-8b,quebec,1d,Norme lexicale : retrouver le mot employe par un locuteur quebecois,num_answered,effectif,250.0,pourcentage pour les metriques exprimees en taux
cohere-aya-8b,quebec,1d,Norme lexicale : retrouver le mot employe par un locuteur quebecois,num_items,effectif,287.0,pourcentage pour les metriques exprimees en taux
cohere-aya-8b,quebec,1d,Norme lexicale : retrouver le mot employe par un locuteur quebecois,num_off_label,effectif,0.0,pourcentage pour les metriques exprimees en taux
cohere-aya-8b,quebec,1e,Acceptabilite : juger si une phrase est du francais quebecois acceptable,accuracy,performance,74.6,pourcentage pour les metriques exprimees en taux
cohere-aya-8b,quebec,1e,Acceptabilite : juger si une phrase est du francais quebecois acceptable,macro_f1,performance,59.7,pourcentage pour les metriques exprimees en taux
cohere-aya-8b,quebec,1e,Acceptabilite : juger si une phrase est du francais quebecois acceptable,majority_class_rate,repere,69.3,pourcentage pour les metriques exprimees en taux
cohere-aya-8b,quebec,1e,Acceptabilite : juger si une phrase est du francais quebecois acceptable,num_answered,effectif,1000.0,pourcentage pour les metriques exprimees en taux
cohere-aya-8b,quebec,1e,Acceptabilite : juger si une phrase est du francais quebecois acceptable,num_items,effectif,1000.0,pourcentage pour les metriques exprimees en taux
cohere-aya-8b,quebec,1e,Acceptabilite : juger si une phrase est du francais quebecois acceptable,num_off_label,effectif,0.0,pourcentage pour les metriques exprimees en taux
cohere-aya-8b,quebec,1f,"Paire minimale : preferer la phrase grammaticale, contre un plafond humain",accuracy,performance,60.88,pourcentage pour les metriques exprimees en taux
cohere-aya-8b,quebec,1f,"Paire minimale : preferer la phrase grammaticale, contre un plafond humain",chance_level,repere,50.0,pourcentage pour les metriques exprimees en taux
cohere-aya-8b,quebec,1f,"Paire minimale : preferer la phrase grammaticale, contre un plafond humain",human_ceiling,repere,87.42,pourcentage pour les metriques exprimees en taux
cohere-aya-8b,quebec,1f,"Paire minimale : preferer la phrase grammaticale, contre un plafond humain",macro_f1,performance,56.09,pourcentage pour les metriques exprimees en taux
cohere-aya-8b,quebec,1f,"Paire minimale : preferer la phrase grammaticale, contre un plafond humain",majority_class_rate,repere,51.72,pourcentage pour les metriques exprimees en taux
cohere-aya-8b,quebec,1f,"Paire minimale : preferer la phrase grammaticale, contre un plafond humain",num_answered,effectif,524.0,pourcentage pour les metriques exprimees en taux
cohere-aya-8b,quebec,1f,"Paire minimale : preferer la phrase grammaticale, contre un plafond humain",num_items,effectif,524.0,pourcentage pour les metriques exprimees en taux
cohere-aya-8b,quebec,1f,"Paire minimale : preferer la phrase grammaticale, contre un plafond humain",num_items_with_ceiling,effectif,524.0,pourcentage pour les metriques exprimees en taux
cohere-aya-8b,quebec,1f,"Paire minimale : preferer la phrase grammaticale, contre un plafond humain",num_off_label,effectif,0.0,pourcentage pour les metriques exprimees en taux
cohere-aya-8b,quebec,1h,"Expression quebecoise : reconnaitre le sens d'une expression, hors contexte",abstention_rate,performance,4.7,pourcentage pour les metriques exprimees en taux
cohere-aya-8b,quebec,1h,"Expression quebecoise : reconnaitre le sens d'une expression, hors contexte",accuracy,performance,53.6,pourcentage pour les metriques exprimees en taux
cohere-aya-8b,quebec,1h,"Expression quebecoise : reconnaitre le sens d'une expression, hors contexte",accuracy_hors_abstention,performance,56.24,pourcentage pour les metriques exprimees en taux
cohere-aya-8b,quebec,1h,"Expression quebecoise : reconnaitre le sens d'une expression, hors contexte",chance_level,repere,20.0,pourcentage pour les metriques exprimees en taux
cohere-aya-8b,quebec,1h,"Expression quebecoise : reconnaitre le sens d'une expression, hors contexte",macro_f1,performance,40.48,pourcentage pour les metriques exprimees en taux
cohere-aya-8b,quebec,1h,"Expression quebecoise : reconnaitre le sens d'une expression, hors contexte",majority_class_rate,repere,0.3,pourcentage pour les metriques exprimees en taux
cohere-aya-8b,quebec,1h,"Expression quebecoise : reconnaitre le sens d'une expression, hors contexte",num_answered,effectif,953.0,pourcentage pour les metriques exprimees en taux
cohere-aya-8b,quebec,1h,"Expression quebecoise : reconnaitre le sens d'une expression, hors contexte",num_items,effectif,1000.0,pourcentage pour les metriques exprimees en taux
cohere-aya-8b,quebec,1h,"Expression quebecoise : reconnaitre le sens d'une expression, hors contexte",num_off_label,effectif,0.0,pourcentage pour les metriques exprimees en taux
cohere-aya-8b,quebec,1i,"Terme quebecois : reconnaitre le sens d'un terme, hors contexte",abstention_rate,performance,15.2,pourcentage pour les metriques exprimees en taux
cohere-aya-8b,quebec,1i,"Terme quebecois : reconnaitre le sens d'un terme, hors contexte",accuracy,performance,51.46,pourcentage pour les metriques exprimees en taux
cohere-aya-8b,quebec,1i,"Terme quebecois : reconnaitre le sens d'un terme, hors contexte",accuracy_hors_abstention,performance,60.69,pourcentage pour les metriques exprimees en taux
cohere-aya-8b,quebec,1i,"Terme quebecois : reconnaitre le sens d'un terme, hors contexte",chance_level,repere,20.0,pourcentage pour les metriques exprimees en taux
cohere-aya-8b,quebec,1i,"Terme quebecois : reconnaitre le sens d'un terme, hors contexte",macro_f1,performance,46.2,pourcentage pour les metriques exprimees en taux
cohere-aya-8b,quebec,1i,"Terme quebecois : reconnaitre le sens d'un terme, hors contexte",majority_class_rate,repere,0.58,pourcentage pour les metriques exprimees en taux
cohere-aya-8b,quebec,1i,"Terme quebecois : reconnaitre le sens d'un terme, hors contexte",num_answered,effectif,145.0,pourcentage pour les metriques exprimees en taux
cohere-aya-8b,quebec,1i,"Terme quebecois : reconnaitre le sens d'un terme, hors contexte",num_items,effectif,171.0,pourcentage pour les metriques exprimees en taux
cohere-aya-8b,quebec,1i,"Terme quebecois : reconnaitre le sens d'un terme, hors contexte",num_off_label,effectif,0.0,pourcentage pour les metriques exprimees en taux
cohere-aya-8b,quebec,1j,"Provenance : designer la phrase ecrite par une personne, contre une machine",accuracy,performance,53.1,pourcentage pour les metriques exprimees en taux
cohere-aya-8b,quebec,1j,"Provenance : designer la phrase ecrite par une personne, contre une machine",chance_level,repere,50.0,pourcentage pour les metriques exprimees en taux
cohere-aya-8b,quebec,1j,"Provenance : designer la phrase ecrite par une personne, contre une machine",macro_f1,performance,49.89,pourcentage pour les metriques exprimees en taux
cohere-aya-8b,quebec,1j,"Provenance : designer la phrase ecrite par une personne, contre une machine",majority_class_rate,repere,52.4,pourcentage pour les metriques exprimees en taux
cohere-aya-8b,quebec,1j,"Provenance : designer la phrase ecrite par une personne, contre une machine",num_answered,effectif,1000.0,pourcentage pour les metriques exprimees en taux
cohere-aya-8b,quebec,1j,"Provenance : designer la phrase ecrite par une personne, contre une machine",num_items,effectif,1000.0,pourcentage pour les metriques exprimees en taux
cohere-aya-8b,quebec,1j,"Provenance : designer la phrase ecrite par une personne, contre une machine",num_items_with_rules_choice,effectif,957.0,pourcentage pour les metriques exprimees en taux
cohere-aya-8b,quebec,1j,"Provenance : designer la phrase ecrite par une personne, contre une machine",num_off_label,effectif,0.0,pourcentage pour les metriques exprimees en taux
cohere-aya-8b,quebec,1j,"Provenance : designer la phrase ecrite par une personne, contre une machine",rules_baseline_accuracy,repere,50.26,pourcentage pour les metriques exprimees en taux
cohere-aya-8b,quebec,2a,Camp : gouvernement ou opposition,accuracy,performance,52.5,pourcentage pour les metriques exprimees en taux
cohere-aya-8b,quebec,2a,Camp : gouvernement ou opposition,attribution_verified_share,repere,0.0,pourcentage pour les metriques exprimees en taux
cohere-aya-8b,quebec,2a,Camp : gouvernement ou opposition,chance_level,repere,50.0,pourcentage pour les metriques exprimees en taux
cohere-aya-8b,quebec,2a,Camp : gouvernement ou opposition,macro_f1,performance,39.54,pourcentage pour les metriques exprimees en taux
cohere-aya-8b,quebec,2a,Camp : gouvernement ou opposition,majority_class_rate,repere,50.0,pourcentage pour les metriques exprimees en taux
cohere-aya-8b,quebec,2a,Camp : gouvernement ou opposition,num_items,effectif,1000.0,pourcentage pour les metriques exprimees en taux
cohere-aya-8b,quebec,2a,Camp : gouvernement ou opposition,num_off_label,effectif,0.0,pourcentage pour les metriques exprimees en taux
cohere-aya-8b,quebec,2a,Camp : gouvernement ou opposition,question_period_share,repere,2.6,pourcentage pour les metriques exprimees en taux
cohere-aya-8b,quebec,2b,"Parti : lequel, parmi ceux qui siegeaient a cette legislature",accuracy,performance,23.5,pourcentage pour les metriques exprimees en taux
cohere-aya-8b,quebec,2b,"Parti : lequel, parmi ceux qui siegeaient a cette legislature",attribution_verified_share,repere,100.0,pourcentage pour les metriques exprimees en taux
cohere-aya-8b,quebec,2b,"Parti : lequel, parmi ceux qui siegeaient a cette legislature",macro_f1,performance,13.81,pourcentage pour les metriques exprimees en taux
cohere-aya-8b,quebec,2b,"Parti : lequel, parmi ceux qui siegeaient a cette legislature",majority_class_rate,repere,20.0,pourcentage pour les metriques exprimees en taux
cohere-aya-8b,quebec,2b,"Parti : lequel, parmi ceux qui siegeaient a cette legislature",mean_options,effectif,4.884,pourcentage pour les metriques exprimees en taux
cohere-aya-8b,quebec,2b,"Parti : lequel, parmi ceux qui siegeaient a cette legislature",num_items,effectif,1000.0,pourcentage pour les metriques exprimees en taux
cohere-aya-8b,quebec,2b,"Parti : lequel, parmi ceux qui siegeaient a cette legislature",num_off_label,effectif,0.0,pourcentage pour les metriques exprimees en taux
cohere-aya-8b,quebec,2b,"Parti : lequel, parmi ceux qui siegeaient a cette legislature",question_period_share,repere,1.1,pourcentage pour les metriques exprimees en taux
cohere-aya-expanse-32b,quebec,1a,"Quebecisme : reperer un terme dans un echange, puis en donner le sens",definition_accuracy,performance,92.66,pourcentage pour les metriques exprimees en taux
cohere-aya-expanse-32b,quebec,1a,"Quebecisme : reperer un terme dans un echange, puis en donner le sens",detection_accuracy,performance,25.94,pourcentage pour les metriques exprimees en taux
cohere-aya-expanse-32b,quebec,1a,"Quebecisme : reperer un terme dans un echange, puis en donner le sens",num_definitions_scored,effectif,109.0,pourcentage pour les metriques exprimees en taux
cohere-aya-expanse-32b,quebec,1a,"Quebecisme : reperer un terme dans un echange, puis en donner le sens",num_detected,effectif,138.0,pourcentage pour les metriques exprimees en taux
cohere-aya-expanse-32b,quebec,1a,"Quebecisme : reperer un terme dans un echange, puis en donner le sens",num_items,effectif,532.0,pourcentage pour les metriques exprimees en taux
cohere-aya-expanse-32b,quebec,1a,"Quebecisme : reperer un terme dans un echange, puis en donner le sens",num_no_term,effectif,0.0,pourcentage pour les metriques exprimees en taux
cohere-aya-expanse-32b,quebec,1b,Terminologie parlementaire : reconnaitre le sens d'un terme de procedure,abstention_rate,performance,2.8,pourcentage pour les metriques exprimees en taux
cohere-aya-expanse-32b,quebec,1b,Terminologie parlementaire : reconnaitre le sens d'un terme de procedure,accuracy,performance,93.66,pourcentage pour les metriques exprimees en taux
cohere-aya-expanse-32b,quebec,1b,Terminologie parlementaire : reconnaitre le sens d'un terme de procedure,accuracy_hors_abstention,performance,96.35,pourcentage pour les metriques exprimees en taux
cohere-aya-expanse-32b,quebec,1b,Terminologie parlementaire : reconnaitre le sens d'un terme de procedure,chance_level,repere,20.0,pourcentage pour les metriques exprimees en taux
cohere-aya-expanse-32b,quebec,1b,Terminologie parlementaire : reconnaitre le sens d'un terme de procedure,macro_f1,performance,88.35,pourcentage pour les metriques exprimees en taux
cohere-aya-expanse-32b,quebec,1b,Terminologie parlementaire : reconnaitre le sens d'un terme de procedure,majority_class_rate,repere,2.24,pourcentage pour les metriques exprimees en taux
cohere-aya-expanse-32b,quebec,1b,Terminologie parlementaire : reconnaitre le sens d'un terme de procedure,num_answered,effectif,521.0,pourcentage pour les metriques exprimees en taux
cohere-aya-expanse-32b,quebec,1b,Terminologie parlementaire : reconnaitre le sens d'un terme de procedure,num_items,effectif,536.0,pourcentage pour les metriques exprimees en taux
cohere-aya-expanse-32b,quebec,1b,Terminologie parlementaire : reconnaitre le sens d'un terme de procedure,num_off_label,effectif,0.0,pourcentage pour les metriques exprimees en taux
cohere-aya-expanse-32b,quebec,1c,Reference institutionnelle : produire l'expansion d'un sigle,abstention_rate,performance,6.8,pourcentage pour les metriques exprimees en taux
cohere-aya-expanse-32b,quebec,1c,Reference institutionnelle : produire l'expansion d'un sigle,accuracy,performance,51.4,pourcentage pour les metriques exprimees en taux
cohere-aya-expanse-32b,quebec,1c,Reference institutionnelle : produire l'expansion d'un sigle,containment_verbosity,performance,1.3333333333333333,pourcentage pour les metriques exprimees en taux
cohere-aya-expanse-32b,quebec,1c,Reference institutionnelle : produire l'expansion d'un sigle,num_items,effectif,1000.0,pourcentage pour les metriques exprimees en taux
cohere-aya-expanse-32b,quebec,1c,Reference institutionnelle : produire l'expansion d'un sigle,span_containment,performance,83.9,pourcentage pour les metriques exprimees en taux
cohere-aya-expanse-32b,quebec,1d,Norme lexicale : retrouver le mot employe par un locuteur quebecois,abstention_rate,performance,19.51,pourcentage pour les metriques exprimees en taux
cohere-aya-expanse-32b,quebec,1d,Norme lexicale : retrouver le mot employe par un locuteur quebecois,accuracy,performance,63.07,pourcentage pour les metriques exprimees en taux
cohere-aya-expanse-32b,quebec,1d,Norme lexicale : retrouver le mot employe par un locuteur quebecois,accuracy_hors_abstention,performance,78.35,pourcentage pour les metriques exprimees en taux
cohere-aya-expanse-32b,quebec,1d,Norme lexicale : retrouver le mot employe par un locuteur quebecois,chance_level,repere,20.0,pourcentage pour les metriques exprimees en taux
cohere-aya-expanse-32b,quebec,1d,Norme lexicale : retrouver le mot employe par un locuteur quebecois,macro_f1,performance,40.04,pourcentage pour les metriques exprimees en taux
cohere-aya-expanse-32b,quebec,1d,Norme lexicale : retrouver le mot employe par un locuteur quebecois,majority_class_rate,repere,4.18,pourcentage pour les metriques exprimees en taux
cohere-aya-expanse-32b,quebec,1d,Norme lexicale : retrouver le mot employe par un locuteur quebecois,num_answered,effectif,231.0,pourcentage pour les metriques exprimees en taux
cohere-aya-expanse-32b,quebec,1d,Norme lexicale : retrouver le mot employe par un locuteur quebecois,num_items,effectif,287.0,pourcentage pour les metriques exprimees en taux
cohere-aya-expanse-32b,quebec,1d,Norme lexicale : retrouver le mot employe par un locuteur quebecois,num_off_label,effectif,0.0,pourcentage pour les metriques exprimees en taux
cohere-aya-expanse-32b,quebec,1e,Acceptabilite : juger si une phrase est du francais quebecois acceptable,accuracy,performance,81.5,pourcentage pour les metriques exprimees en taux
cohere-aya-expanse-32b,quebec,1e,Acceptabilite : juger si une phrase est du francais quebecois acceptable,macro_f1,performance,75.81,pourcentage pour les metriques exprimees en taux
cohere-aya-expanse-32b,quebec,1e,Acceptabilite : juger si une phrase est du francais quebecois acceptable,majority_class_rate,repere,69.3,pourcentage pour les metriques exprimees en taux
cohere-aya-expanse-32b,quebec,1e,Acceptabilite : juger si une phrase est du francais quebecois acceptable,num_answered,effectif,1000.0,pourcentage pour les metriques exprimees en taux
cohere-aya-expanse-32b,quebec,1e,Acceptabilite : juger si une phrase est du francais quebecois acceptable,num_items,effectif,1000.0,pourcentage pour les metriques exprimees en taux
cohere-aya-expanse-32b,quebec,1e,Acceptabilite : juger si une phrase est du francais quebecois acceptable,num_off_label,effectif,0.0,pourcentage pour les metriques exprimees en taux
cohere-aya-expanse-32b,quebec,1f,"Paire minimale : preferer la phrase grammaticale, contre un plafond humain",accuracy,performance,88.93,pourcentage pour les metriques exprimees en taux
cohere-aya-expanse-32b,quebec,1f,"Paire minimale : preferer la phrase grammaticale, contre un plafond humain",chance_level,repere,50.0,pourcentage pour les metriques exprimees en taux
cohere-aya-expanse-32b,quebec,1f,"Paire minimale : preferer la phrase grammaticale, contre un plafond humain",human_ceiling,repere,87.42,pourcentage pour les metriques exprimees en taux
cohere-aya-expanse-32b,quebec,1f,"Paire minimale : preferer la phrase grammaticale, contre un plafond humain",macro_f1,performance,88.9,pourcentage pour les metriques exprimees en taux
cohere-aya-expanse-32b,quebec,1f,"Paire minimale : preferer la phrase grammaticale, contre un plafond humain",majority_class_rate,repere,51.72,pourcentage pour les metriques exprimees en taux
cohere-aya-expanse-32b,quebec,1f,"Paire minimale : preferer la phrase grammaticale, contre un plafond humain",num_answered,effectif,524.0,pourcentage pour les metriques exprimees en taux
cohere-aya-expanse-32b,quebec,1f,"Paire minimale : preferer la phrase grammaticale, contre un plafond humain",num_items,effectif,524.0,pourcentage pour les metriques exprimees en taux
cohere-aya-expanse-32b,quebec,1f,"Paire minimale : preferer la phrase grammaticale, contre un plafond humain",num_items_with_ceiling,effectif,524.0,pourcentage pour les metriques exprimees en taux
cohere-aya-expanse-32b,quebec,1f,"Paire minimale : preferer la phrase grammaticale, contre un plafond humain",num_off_label,effectif,0.0,pourcentage pour les metriques exprimees en taux
cohere-aya-expanse-32b,quebec,1h,"Expression quebecoise : reconnaitre le sens d'une expression, hors contexte",abstention_rate,performance,4.9,pourcentage pour les metriques exprimees en taux
cohere-aya-expanse-32b,quebec,1h,"Expression quebecoise : reconnaitre le sens d'une expression, hors contexte",accuracy,performance,77.0,pourcentage pour les metriques exprimees en taux
cohere-aya-expanse-32b,quebec,1h,"Expression quebecoise : reconnaitre le sens d'une expression, hors contexte",accuracy_hors_abstention,performance,80.97,pourcentage pour les metriques exprimees en taux
cohere-aya-expanse-32b,quebec,1h,"Expression quebecoise : reconnaitre le sens d'une expression, hors contexte",chance_level,repere,20.0,pourcentage pour les metriques exprimees en taux
cohere-aya-expanse-32b,quebec,1h,"Expression quebecoise : reconnaitre le sens d'une expression, hors contexte",macro_f1,performance,67.2,pourcentage pour les metriques exprimees en taux
cohere-aya-expanse-32b,quebec,1h,"Expression quebecoise : reconnaitre le sens d'une expression, hors contexte",majority_class_rate,repere,0.3,pourcentage pour les metriques exprimees en taux
cohere-aya-expanse-32b,quebec,1h,"Expression quebecoise : reconnaitre le sens d'une expression, hors contexte",num_answered,effectif,951.0,pourcentage pour les metriques exprimees en taux
cohere-aya-expanse-32b,quebec,1h,"Expression quebecoise : reconnaitre le sens d'une expression, hors contexte",num_items,effectif,1000.0,pourcentage pour les metriques exprimees en taux
cohere-aya-expanse-32b,quebec,1h,"Expression quebecoise : reconnaitre le sens d'une expression, hors contexte",num_off_label,effectif,0.0,pourcentage pour les metriques exprimees en taux
cohere-aya-expanse-32b,quebec,1i,"Terme quebecois : reconnaitre le sens d'un terme, hors contexte",abstention_rate,performance,5.26,pourcentage pour les metriques exprimees en taux
cohere-aya-expanse-32b,quebec,1i,"Terme quebecois : reconnaitre le sens d'un terme, hors contexte",accuracy,performance,84.21,pourcentage pour les metriques exprimees en taux
cohere-aya-expanse-32b,quebec,1i,"Terme quebecois : reconnaitre le sens d'un terme, hors contexte",accuracy_hors_abstention,performance,88.89,pourcentage pour les metriques exprimees en taux
cohere-aya-expanse-32b,quebec,1i,"Terme quebecois : reconnaitre le sens d'un terme, hors contexte",chance_level,repere,20.0,pourcentage pour les metriques exprimees en taux
cohere-aya-expanse-32b,quebec,1i,"Terme quebecois : reconnaitre le sens d'un terme, hors contexte",macro_f1,performance,80.73,pourcentage pour les metriques exprimees en taux
cohere-aya-expanse-32b,quebec,1i,"Terme quebecois : reconnaitre le sens d'un terme, hors contexte",majority_class_rate,repere,0.58,pourcentage pour les metriques exprimees en taux
cohere-aya-expanse-32b,quebec,1i,"Terme quebecois : reconnaitre le sens d'un terme, hors contexte",num_answered,effectif,162.0,pourcentage pour les metriques exprimees en taux
cohere-aya-expanse-32b,quebec,1i,"Terme quebecois : reconnaitre le sens d'un terme, hors contexte",num_items,effectif,171.0,pourcentage pour les metriques exprimees en taux
cohere-aya-expanse-32b,quebec,1i,"Terme quebecois : reconnaitre le sens d'un terme, hors contexte",num_off_label,effectif,0.0,pourcentage pour les metriques exprimees en taux
cohere-aya-expanse-32b,quebec,1j,"Provenance : designer la phrase ecrite par une personne, contre une machine",accuracy,performance,35.0,pourcentage pour les metriques exprimees en taux
cohere-aya-expanse-32b,quebec,1j,"Provenance : designer la phrase ecrite par une personne, contre une machine",chance_level,repere,50.0,pourcentage pour les metriques exprimees en taux
cohere-aya-expanse-32b,quebec,1j,"Provenance : designer la phrase ecrite par une personne, contre une machine",macro_f1,performance,33.7,pourcentage pour les metriques exprimees en taux
cohere-aya-expanse-32b,quebec,1j,"Provenance : designer la phrase ecrite par une personne, contre une machine",majority_class_rate,repere,52.4,pourcentage pour les metriques exprimees en taux
cohere-aya-expanse-32b,quebec,1j,"Provenance : designer la phrase ecrite par une personne, contre une machine",num_answered,effectif,1000.0,pourcentage pour les metriques exprimees en taux
cohere-aya-expanse-32b,quebec,1j,"Provenance : designer la phrase ecrite par une personne, contre une machine",num_items,effectif,1000.0,pourcentage pour les metriques exprimees en taux
cohere-aya-expanse-32b,quebec,1j,"Provenance : designer la phrase ecrite par une personne, contre une machine",num_items_with_rules_choice,effectif,957.0,pourcentage pour les metriques exprimees en taux
cohere-aya-expanse-32b,quebec,1j,"Provenance : designer la phrase ecrite par une personne, contre une machine",num_off_label,effectif,0.0,pourcentage pour les metriques exprimees en taux
cohere-aya-expanse-32b,quebec,1j,"Provenance : designer la phrase ecrite par une personne, contre une machine",rules_baseline_accuracy,repere,50.26,pourcentage pour les metriques exprimees en taux
cohere-aya-expanse-32b,quebec,2a,Camp : gouvernement ou opposition,accuracy,performance,84.2,pourcentage pour les metriques exprimees en taux
cohere-aya-expanse-32b,quebec,2a,Camp : gouvernement ou opposition,attribution_verified_share,repere,0.0,pourcentage pour les metriques exprimees en taux
cohere-aya-expanse-32b,quebec,2a,Camp : gouvernement ou opposition,chance_level,repere,50.0,pourcentage pour les metriques exprimees en taux
cohere-aya-expanse-32b,quebec,2a,Camp : gouvernement ou opposition,macro_f1,performance,84.15,pourcentage pour les metriques exprimees en taux
cohere-aya-expanse-32b,quebec,2a,Camp : gouvernement ou opposition,majority_class_rate,repere,50.0,pourcentage pour les metriques exprimees en taux
cohere-aya-expanse-32b,quebec,2a,Camp : gouvernement ou opposition,num_items,effectif,1000.0,pourcentage pour les metriques exprimees en taux
cohere-aya-expanse-32b,quebec,2a,Camp : gouvernement ou opposition,num_off_label,effectif,0.0,pourcentage pour les metriques exprimees en taux
cohere-aya-expanse-32b,quebec,2a,Camp : gouvernement ou opposition,question_period_share,repere,2.6,pourcentage pour les metriques exprimees en taux
cohere-aya-expanse-32b,quebec,2b,"Parti : lequel, parmi ceux qui siegeaient a cette legislature",accuracy,performance,35.5,pourcentage pour les metriques exprimees en taux
cohere-aya-expanse-32b,quebec,2b,"Parti : lequel, parmi ceux qui siegeaient a cette legislature",attribution_verified_share,repere,100.0,pourcentage pour les metriques exprimees en taux
cohere-aya-expanse-32b,quebec,2b,"Parti : lequel, parmi ceux qui siegeaient a cette legislature",macro_f1,performance,28.4,pourcentage pour les metriques exprimees en taux
cohere-aya-expanse-32b,quebec,2b,"Parti : lequel, parmi ceux qui siegeaient a cette legislature",majority_class_rate,repere,20.0,pourcentage pour les metriques exprimees en taux
cohere-aya-expanse-32b,quebec,2b,"Parti : lequel, parmi ceux qui siegeaient a cette legislature",mean_options,effectif,4.884,pourcentage pour les metriques exprimees en taux
cohere-aya-expanse-32b,quebec,2b,"Parti : lequel, parmi ceux qui siegeaient a cette legislature",num_items,effectif,1000.0,pourcentage pour les metriques exprimees en taux
cohere-aya-expanse-32b,quebec,2b,"Parti : lequel, parmi ceux qui siegeaient a cette legislature",num_off_label,effectif,0.0,pourcentage pour les metriques exprimees en taux
cohere-aya-expanse-32b,quebec,2b,"Parti : lequel, parmi ceux qui siegeaient a cette legislature",question_period_share,repere,1.1,pourcentage pour les metriques exprimees en taux
cohere-aya-expanse-8b,quebec,1a,"Quebecisme : reperer un terme dans un echange, puis en donner le sens",definition_accuracy,performance,88.41,pourcentage pour les metriques exprimees en taux
cohere-aya-expanse-8b,quebec,1a,"Quebecisme : reperer un terme dans un echange, puis en donner le sens",detection_accuracy,performance,14.85,pourcentage pour les metriques exprimees en taux
cohere-aya-expanse-8b,quebec,1a,"Quebecisme : reperer un terme dans un echange, puis en donner le sens",num_definitions_scored,effectif,69.0,pourcentage pour les metriques exprimees en taux
cohere-aya-expanse-8b,quebec,1a,"Quebecisme : reperer un terme dans un echange, puis en donner le sens",num_detected,effectif,79.0,pourcentage pour les metriques exprimees en taux
cohere-aya-expanse-8b,quebec,1a,"Quebecisme : reperer un terme dans un echange, puis en donner le sens",num_items,effectif,532.0,pourcentage pour les metriques exprimees en taux
cohere-aya-expanse-8b,quebec,1a,"Quebecisme : reperer un terme dans un echange, puis en donner le sens",num_no_term,effectif,0.0,pourcentage pour les metriques exprimees en taux
cohere-aya-expanse-8b,quebec,1b,Terminologie parlementaire : reconnaitre le sens d'un terme de procedure,abstention_rate,performance,2.24,pourcentage pour les metriques exprimees en taux
cohere-aya-expanse-8b,quebec,1b,Terminologie parlementaire : reconnaitre le sens d'un terme de procedure,accuracy,performance,90.11,pourcentage pour les metriques exprimees en taux
cohere-aya-expanse-8b,quebec,1b,Terminologie parlementaire : reconnaitre le sens d'un terme de procedure,accuracy_hors_abstention,performance,92.53,pourcentage pour les metriques exprimees en taux
cohere-aya-expanse-8b,quebec,1b,Terminologie parlementaire : reconnaitre le sens d'un terme de procedure,chance_level,repere,20.0,pourcentage pour les metriques exprimees en taux
cohere-aya-expanse-8b,quebec,1b,Terminologie parlementaire : reconnaitre le sens d'un terme de procedure,macro_f1,performance,81.44,pourcentage pour les metriques exprimees en taux
cohere-aya-expanse-8b,quebec,1b,Terminologie parlementaire : reconnaitre le sens d'un terme de procedure,majority_class_rate,repere,2.24,pourcentage pour les metriques exprimees en taux
cohere-aya-expanse-8b,quebec,1b,Terminologie parlementaire : reconnaitre le sens d'un terme de procedure,num_answered,effectif,522.0,pourcentage pour les metriques exprimees en taux
cohere-aya-expanse-8b,quebec,1b,Terminologie parlementaire : reconnaitre le sens d'un terme de procedure,num_items,effectif,536.0,pourcentage pour les metriques exprimees en taux
cohere-aya-expanse-8b,quebec,1b,Terminologie parlementaire : reconnaitre le sens d'un terme de procedure,num_off_label,effectif,2.0,pourcentage pour les metriques exprimees en taux
cohere-aya-expanse-8b,quebec,1c,Reference institutionnelle : produire l'expansion d'un sigle,abstention_rate,performance,0.2,pourcentage pour les metriques exprimees en taux
cohere-aya-expanse-8b,quebec,1c,Reference institutionnelle : produire l'expansion d'un sigle,accuracy,performance,19.8,pourcentage pour les metriques exprimees en taux
cohere-aya-expanse-8b,quebec,1c,Reference institutionnelle : produire l'expansion d'un sigle,containment_verbosity,performance,1.25,pourcentage pour les metriques exprimees en taux
cohere-aya-expanse-8b,quebec,1c,Reference institutionnelle : produire l'expansion d'un sigle,num_items,effectif,1000.0,pourcentage pour les metriques exprimees en taux
cohere-aya-expanse-8b,quebec,1c,Reference institutionnelle : produire l'expansion d'un sigle,span_containment,performance,37.7,pourcentage pour les metriques exprimees en taux
cohere-aya-expanse-8b,quebec,1d,Norme lexicale : retrouver le mot employe par un locuteur quebecois,abstention_rate,performance,19.86,pourcentage pour les metriques exprimees en taux
cohere-aya-expanse-8b,quebec,1d,Norme lexicale : retrouver le mot employe par un locuteur quebecois,accuracy,performance,48.08,pourcentage pour les metriques exprimees en taux
cohere-aya-expanse-8b,quebec,1d,Norme lexicale : retrouver le mot employe par un locuteur quebecois,accuracy_hors_abstention,performance,60.0,pourcentage pour les metriques exprimees en taux
cohere-aya-expanse-8b,quebec,1d,Norme lexicale : retrouver le mot employe par un locuteur quebecois,chance_level,repere,20.0,pourcentage pour les metriques exprimees en taux
cohere-aya-expanse-8b,quebec,1d,Norme lexicale : retrouver le mot employe par un locuteur quebecois,macro_f1,performance,30.57,pourcentage pour les metriques exprimees en taux
cohere-aya-expanse-8b,quebec,1d,Norme lexicale : retrouver le mot employe par un locuteur quebecois,majority_class_rate,repere,4.18,pourcentage pour les metriques exprimees en taux
cohere-aya-expanse-8b,quebec,1d,Norme lexicale : retrouver le mot employe par un locuteur quebecois,num_answered,effectif,230.0,pourcentage pour les metriques exprimees en taux
cohere-aya-expanse-8b,quebec,1d,Norme lexicale : retrouver le mot employe par un locuteur quebecois,num_items,effectif,287.0,pourcentage pour les metriques exprimees en taux
cohere-aya-expanse-8b,quebec,1d,Norme lexicale : retrouver le mot employe par un locuteur quebecois,num_off_label,effectif,0.0,pourcentage pour les metriques exprimees en taux
cohere-aya-expanse-8b,quebec,1e,Acceptabilite : juger si une phrase est du francais quebecois acceptable,accuracy,performance,73.2,pourcentage pour les metriques exprimees en taux
cohere-aya-expanse-8b,quebec,1e,Acceptabilite : juger si une phrase est du francais quebecois acceptable,macro_f1,performance,55.38,pourcentage pour les metriques exprimees en taux
cohere-aya-expanse-8b,quebec,1e,Acceptabilite : juger si une phrase est du francais quebecois acceptable,majority_class_rate,repere,69.3,pourcentage pour les metriques exprimees en taux
cohere-aya-expanse-8b,quebec,1e,Acceptabilite : juger si une phrase est du francais quebecois acceptable,num_answered,effectif,1000.0,pourcentage pour les metriques exprimees en taux
cohere-aya-expanse-8b,quebec,1e,Acceptabilite : juger si une phrase est du francais quebecois acceptable,num_items,effectif,1000.0,pourcentage pour les metriques exprimees en taux
cohere-aya-expanse-8b,quebec,1e,Acceptabilite : juger si une phrase est du francais quebecois acceptable,num_off_label,effectif,0.0,pourcentage pour les metriques exprimees en taux
cohere-aya-expanse-8b,quebec,1f,"Paire minimale : preferer la phrase grammaticale, contre un plafond humain",accuracy,performance,76.15,pourcentage pour les metriques exprimees en taux
cohere-aya-expanse-8b,quebec,1f,"Paire minimale : preferer la phrase grammaticale, contre un plafond humain",chance_level,repere,50.0,pourcentage pour les metriques exprimees en taux
cohere-aya-expanse-8b,quebec,1f,"Paire minimale : preferer la phrase grammaticale, contre un plafond humain",human_ceiling,repere,87.42,pourcentage pour les metriques exprimees en taux
cohere-aya-expanse-8b,quebec,1f,"Paire minimale : preferer la phrase grammaticale, contre un plafond humain",macro_f1,performance,76.0,pourcentage pour les metriques exprimees en taux
cohere-aya-expanse-8b,quebec,1f,"Paire minimale : preferer la phrase grammaticale, contre un plafond humain",majority_class_rate,repere,51.72,pourcentage pour les metriques exprimees en taux
cohere-aya-expanse-8b,quebec,1f,"Paire minimale : preferer la phrase grammaticale, contre un plafond humain",num_answered,effectif,524.0,pourcentage pour les metriques exprimees en taux
cohere-aya-expanse-8b,quebec,1f,"Paire minimale : preferer la phrase grammaticale, contre un plafond humain",num_items,effectif,524.0,pourcentage pour les metriques exprimees en taux
cohere-aya-expanse-8b,quebec,1f,"Paire minimale : preferer la phrase grammaticale, contre un plafond humain",num_items_with_ceiling,effectif,524.0,pourcentage pour les metriques exprimees en taux
cohere-aya-expanse-8b,quebec,1f,"Paire minimale : preferer la phrase grammaticale, contre un plafond humain",num_off_label,effectif,0.0,pourcentage pour les metriques exprimees en taux
cohere-aya-expanse-8b,quebec,1h,"Expression quebecoise : reconnaitre le sens d'une expression, hors contexte",abstention_rate,performance,3.8,pourcentage pour les metriques exprimees en taux
cohere-aya-expanse-8b,quebec,1h,"Expression quebecoise : reconnaitre le sens d'une expression, hors contexte",accuracy,performance,62.7,pourcentage pour les metriques exprimees en taux
cohere-aya-expanse-8b,quebec,1h,"Expression quebecoise : reconnaitre le sens d'une expression, hors contexte",accuracy_hors_abstention,performance,65.45,pourcentage pour les metriques exprimees en taux
cohere-aya-expanse-8b,quebec,1h,"Expression quebecoise : reconnaitre le sens d'une expression, hors contexte",chance_level,repere,20.0,pourcentage pour les metriques exprimees en taux
cohere-aya-expanse-8b,quebec,1h,"Expression quebecoise : reconnaitre le sens d'une expression, hors contexte",macro_f1,performance,49.74,pourcentage pour les metriques exprimees en taux
cohere-aya-expanse-8b,quebec,1h,"Expression quebecoise : reconnaitre le sens d'une expression, hors contexte",majority_class_rate,repere,0.3,pourcentage pour les metriques exprimees en taux
cohere-aya-expanse-8b,quebec,1h,"Expression quebecoise : reconnaitre le sens d'une expression, hors contexte",num_answered,effectif,958.0,pourcentage pour les metriques exprimees en taux
cohere-aya-expanse-8b,quebec,1h,"Expression quebecoise : reconnaitre le sens d'une expression, hors contexte",num_items,effectif,1000.0,pourcentage pour les metriques exprimees en taux
cohere-aya-expanse-8b,quebec,1h,"Expression quebecoise : reconnaitre le sens d'une expression, hors contexte",num_off_label,effectif,4.0,pourcentage pour les metriques exprimees en taux
cohere-aya-expanse-8b,quebec,1i,"Terme quebecois : reconnaitre le sens d'un terme, hors contexte",abstention_rate,performance,5.85,pourcentage pour les metriques exprimees en taux
cohere-aya-expanse-8b,quebec,1i,"Terme quebecois : reconnaitre le sens d'un terme, hors contexte",accuracy,performance,71.93,pourcentage pour les metriques exprimees en taux
cohere-aya-expanse-8b,quebec,1i,"Terme quebecois : reconnaitre le sens d'un terme, hors contexte",accuracy_hors_abstention,performance,79.35,pourcentage pour les metriques exprimees en taux
cohere-aya-expanse-8b,quebec,1i,"Terme quebecois : reconnaitre le sens d'un terme, hors contexte",chance_level,repere,20.0,pourcentage pour les metriques exprimees en taux
cohere-aya-expanse-8b,quebec,1i,"Terme quebecois : reconnaitre le sens d'un terme, hors contexte",macro_f1,performance,68.24,pourcentage pour les metriques exprimees en taux
cohere-aya-expanse-8b,quebec,1i,"Terme quebecois : reconnaitre le sens d'un terme, hors contexte",majority_class_rate,repere,0.58,pourcentage pour les metriques exprimees en taux
cohere-aya-expanse-8b,quebec,1i,"Terme quebecois : reconnaitre le sens d'un terme, hors contexte",num_answered,effectif,155.0,pourcentage pour les metriques exprimees en taux
cohere-aya-expanse-8b,quebec,1i,"Terme quebecois : reconnaitre le sens d'un terme, hors contexte",num_items,effectif,171.0,pourcentage pour les metriques exprimees en taux
cohere-aya-expanse-8b,quebec,1i,"Terme quebecois : reconnaitre le sens d'un terme, hors contexte",num_off_label,effectif,6.0,pourcentage pour les metriques exprimees en taux
cohere-aya-expanse-8b,quebec,1j,"Provenance : designer la phrase ecrite par une personne, contre une machine",accuracy,performance,44.9,pourcentage pour les metriques exprimees en taux
cohere-aya-expanse-8b,quebec,1j,"Provenance : designer la phrase ecrite par une personne, contre une machine",chance_level,repere,50.0,pourcentage pour les metriques exprimees en taux
cohere-aya-expanse-8b,quebec,1j,"Provenance : designer la phrase ecrite par une personne, contre une machine",macro_f1,performance,33.03,pourcentage pour les metriques exprimees en taux
cohere-aya-expanse-8b,quebec,1j,"Provenance : designer la phrase ecrite par une personne, contre une machine",majority_class_rate,repere,52.4,pourcentage pour les metriques exprimees en taux
cohere-aya-expanse-8b,quebec,1j,"Provenance : designer la phrase ecrite par une personne, contre une machine",num_answered,effectif,1000.0,pourcentage pour les metriques exprimees en taux
cohere-aya-expanse-8b,quebec,1j,"Provenance : designer la phrase ecrite par une personne, contre une machine",num_items,effectif,1000.0,pourcentage pour les metriques exprimees en taux
cohere-aya-expanse-8b,quebec,1j,"Provenance : designer la phrase ecrite par une personne, contre une machine",num_items_with_rules_choice,effectif,957.0,pourcentage pour les metriques exprimees en taux
cohere-aya-expanse-8b,quebec,1j,"Provenance : designer la phrase ecrite par une personne, contre une machine",num_off_label,effectif,0.0,pourcentage pour les metriques exprimees en taux
cohere-aya-expanse-8b,quebec,1j,"Provenance : designer la phrase ecrite par une personne, contre une machine",rules_baseline_accuracy,repere,50.26,pourcentage pour les metriques exprimees en taux
cohere-aya-expanse-8b,quebec,2a,Camp : gouvernement ou opposition,accuracy,performance,77.4,pourcentage pour les metriques exprimees en taux
cohere-aya-expanse-8b,quebec,2a,Camp : gouvernement ou opposition,attribution_verified_share,repere,0.0,pourcentage pour les metriques exprimees en taux
cohere-aya-expanse-8b,quebec,2a,Camp : gouvernement ou opposition,chance_level,repere,50.0,pourcentage pour les metriques exprimees en taux
cohere-aya-expanse-8b,quebec,2a,Camp : gouvernement ou opposition,macro_f1,performance,77.05,pourcentage pour les metriques exprimees en taux
cohere-aya-expanse-8b,quebec,2a,Camp : gouvernement ou opposition,majority_class_rate,repere,50.0,pourcentage pour les metriques exprimees en taux
cohere-aya-expanse-8b,quebec,2a,Camp : gouvernement ou opposition,num_items,effectif,1000.0,pourcentage pour les metriques exprimees en taux
cohere-aya-expanse-8b,quebec,2a,Camp : gouvernement ou opposition,num_off_label,effectif,0.0,pourcentage pour les metriques exprimees en taux
cohere-aya-expanse-8b,quebec,2a,Camp : gouvernement ou opposition,question_period_share,repere,2.6,pourcentage pour les metriques exprimees en taux
cohere-aya-expanse-8b,quebec,2b,"Parti : lequel, parmi ceux qui siegeaient a cette legislature",accuracy,performance,31.3,pourcentage pour les metriques exprimees en taux
cohere-aya-expanse-8b,quebec,2b,"Parti : lequel, parmi ceux qui siegeaient a cette legislature",attribution_verified_share,repere,100.0,pourcentage pour les metriques exprimees en taux
cohere-aya-expanse-8b,quebec,2b,"Parti : lequel, parmi ceux qui siegeaient a cette legislature",macro_f1,performance,20.74,pourcentage pour les metriques exprimees en taux
cohere-aya-expanse-8b,quebec,2b,"Parti : lequel, parmi ceux qui siegeaient a cette legislature",majority_class_rate,repere,20.0,pourcentage pour les metriques exprimees en taux
cohere-aya-expanse-8b,quebec,2b,"Parti : lequel, parmi ceux qui siegeaient a cette legislature",mean_options,effectif,4.884,pourcentage pour les metriques exprimees en taux
cohere-aya-expanse-8b,quebec,2b,"Parti : lequel, parmi ceux qui siegeaient a cette legislature",num_items,effectif,1000.0,pourcentage pour les metriques exprimees en taux
cohere-aya-expanse-8b,quebec,2b,"Parti : lequel, parmi ceux qui siegeaient a cette legislature",num_off_label,effectif,0.0,pourcentage pour les metriques exprimees en taux
cohere-aya-expanse-8b,quebec,2b,"Parti : lequel, parmi ceux qui siegeaient a cette legislature",question_period_share,repere,1.1,pourcentage pour les metriques exprimees en taux
cohere-command-r-plus,quebec,1a,"Quebecisme : reperer un terme dans un echange, puis en donner le sens",definition_accuracy,performance,81.82,pourcentage pour les metriques exprimees en taux
cohere-command-r-plus,quebec,1a,"Quebecisme : reperer un terme dans un echange, puis en donner le sens",detection_accuracy,performance,30.26,pourcentage pour les metriques exprimees en taux
cohere-command-r-plus,quebec,1a,"Quebecisme : reperer un terme dans un echange, puis en donner le sens",num_definitions_scored,effectif,143.0,pourcentage pour les metriques exprimees en taux
cohere-command-r-plus,quebec,1a,"Quebecisme : reperer un terme dans un echange, puis en donner le sens",num_detected,effectif,161.0,pourcentage pour les metriques exprimees en taux
cohere-command-r-plus,quebec,1a,"Quebecisme : reperer un terme dans un echange, puis en donner le sens",num_items,effectif,532.0,pourcentage pour les metriques exprimees en taux
cohere-command-r-plus,quebec,1a,"Quebecisme : reperer un terme dans un echange, puis en donner le sens",num_no_term,effectif,0.0,pourcentage pour les metriques exprimees en taux
cohere-command-r-plus,quebec,1b,Terminologie parlementaire : reconnaitre le sens d'un terme de procedure,abstention_rate,performance,3.92,pourcentage pour les metriques exprimees en taux
cohere-command-r-plus,quebec,1b,Terminologie parlementaire : reconnaitre le sens d'un terme de procedure,accuracy,performance,93.66,pourcentage pour les metriques exprimees en taux
cohere-command-r-plus,quebec,1b,Terminologie parlementaire : reconnaitre le sens d'un terme de procedure,accuracy_hors_abstention,performance,97.48,pourcentage pour les metriques exprimees en taux
cohere-command-r-plus,quebec,1b,Terminologie parlementaire : reconnaitre le sens d'un terme de procedure,chance_level,repere,20.0,pourcentage pour les metriques exprimees en taux
cohere-command-r-plus,quebec,1b,Terminologie parlementaire : reconnaitre le sens d'un terme de procedure,macro_f1,performance,90.54,pourcentage pour les metriques exprimees en taux
cohere-command-r-plus,quebec,1b,Terminologie parlementaire : reconnaitre le sens d'un terme de procedure,majority_class_rate,repere,2.24,pourcentage pour les metriques exprimees en taux
cohere-command-r-plus,quebec,1b,Terminologie parlementaire : reconnaitre le sens d'un terme de procedure,num_answered,effectif,515.0,pourcentage pour les metriques exprimees en taux
cohere-command-r-plus,quebec,1b,Terminologie parlementaire : reconnaitre le sens d'un terme de procedure,num_items,effectif,536.0,pourcentage pour les metriques exprimees en taux
cohere-command-r-plus,quebec,1b,Terminologie parlementaire : reconnaitre le sens d'un terme de procedure,num_off_label,effectif,0.0,pourcentage pour les metriques exprimees en taux
cohere-command-r-plus,quebec,1c,Reference institutionnelle : produire l'expansion d'un sigle,abstention_rate,performance,24.8,pourcentage pour les metriques exprimees en taux
cohere-command-r-plus,quebec,1c,Reference institutionnelle : produire l'expansion d'un sigle,accuracy,performance,72.6,pourcentage pour les metriques exprimees en taux
cohere-command-r-plus,quebec,1c,Reference institutionnelle : produire l'expansion d'un sigle,containment_verbosity,performance,1.3333333333333333,pourcentage pour les metriques exprimees en taux
cohere-command-r-plus,quebec,1c,Reference institutionnelle : produire l'expansion d'un sigle,num_items,effectif,1000.0,pourcentage pour les metriques exprimees en taux
cohere-command-r-plus,quebec,1c,Reference institutionnelle : produire l'expansion d'un sigle,span_containment,performance,72.7,pourcentage pour les metriques exprimees en taux
cohere-command-r-plus,quebec,1d,Norme lexicale : retrouver le mot employe par un locuteur quebecois,abstention_rate,performance,13.24,pourcentage pour les metriques exprimees en taux
cohere-command-r-plus,quebec,1d,Norme lexicale : retrouver le mot employe par un locuteur quebecois,accuracy,performance,64.11,pourcentage pour les metriques exprimees en taux
cohere-command-r-plus,quebec,1d,Norme lexicale : retrouver le mot employe par un locuteur quebecois,accuracy_hors_abstention,performance,73.9,pourcentage pour les metriques exprimees en taux
cohere-command-r-plus,quebec,1d,Norme lexicale : retrouver le mot employe par un locuteur quebecois,chance_level,repere,20.0,pourcentage pour les metriques exprimees en taux
cohere-command-r-plus,quebec,1d,Norme lexicale : retrouver le mot employe par un locuteur quebecois,macro_f1,performance,42.15,pourcentage pour les metriques exprimees en taux
cohere-command-r-plus,quebec,1d,Norme lexicale : retrouver le mot employe par un locuteur quebecois,majority_class_rate,repere,4.18,pourcentage pour les metriques exprimees en taux
cohere-command-r-plus,quebec,1d,Norme lexicale : retrouver le mot employe par un locuteur quebecois,num_answered,effectif,249.0,pourcentage pour les metriques exprimees en taux
cohere-command-r-plus,quebec,1d,Norme lexicale : retrouver le mot employe par un locuteur quebecois,num_items,effectif,287.0,pourcentage pour les metriques exprimees en taux
cohere-command-r-plus,quebec,1d,Norme lexicale : retrouver le mot employe par un locuteur quebecois,num_off_label,effectif,0.0,pourcentage pour les metriques exprimees en taux
cohere-command-r-plus,quebec,1e,Acceptabilite : juger si une phrase est du francais quebecois acceptable,accuracy,performance,82.7,pourcentage pour les metriques exprimees en taux
cohere-command-r-plus,quebec,1e,Acceptabilite : juger si une phrase est du francais quebecois acceptable,macro_f1,performance,78.75,pourcentage pour les metriques exprimees en taux
cohere-command-r-plus,quebec,1e,Acceptabilite : juger si une phrase est du francais quebecois acceptable,majority_class_rate,repere,69.3,pourcentage pour les metriques exprimees en taux
cohere-command-r-plus,quebec,1e,Acceptabilite : juger si une phrase est du francais quebecois acceptable,num_answered,effectif,1000.0,pourcentage pour les metriques exprimees en taux
cohere-command-r-plus,quebec,1e,Acceptabilite : juger si une phrase est du francais quebecois acceptable,num_items,effectif,1000.0,pourcentage pour les metriques exprimees en taux
cohere-command-r-plus,quebec,1e,Acceptabilite : juger si une phrase est du francais quebecois acceptable,num_off_label,effectif,0.0,pourcentage pour les metriques exprimees en taux
cohere-command-r-plus,quebec,1f,"Paire minimale : preferer la phrase grammaticale, contre un plafond humain",accuracy,performance,86.64,pourcentage pour les metriques exprimees en taux
cohere-command-r-plus,quebec,1f,"Paire minimale : preferer la phrase grammaticale, contre un plafond humain",chance_level,repere,50.0,pourcentage pour les metriques exprimees en taux
cohere-command-r-plus,quebec,1f,"Paire minimale : preferer la phrase grammaticale, contre un plafond humain",human_ceiling,repere,87.42,pourcentage pour les metriques exprimees en taux
cohere-command-r-plus,quebec,1f,"Paire minimale : preferer la phrase grammaticale, contre un plafond humain",macro_f1,performance,86.48,pourcentage pour les metriques exprimees en taux
cohere-command-r-plus,quebec,1f,"Paire minimale : preferer la phrase grammaticale, contre un plafond humain",majority_class_rate,repere,51.72,pourcentage pour les metriques exprimees en taux
cohere-command-r-plus,quebec,1f,"Paire minimale : preferer la phrase grammaticale, contre un plafond humain",num_answered,effectif,524.0,pourcentage pour les metriques exprimees en taux
cohere-command-r-plus,quebec,1f,"Paire minimale : preferer la phrase grammaticale, contre un plafond humain",num_items,effectif,524.0,pourcentage pour les metriques exprimees en taux
cohere-command-r-plus,quebec,1f,"Paire minimale : preferer la phrase grammaticale, contre un plafond humain",num_items_with_ceiling,effectif,524.0,pourcentage pour les metriques exprimees en taux
cohere-command-r-plus,quebec,1f,"Paire minimale : preferer la phrase grammaticale, contre un plafond humain",num_off_label,effectif,0.0,pourcentage pour les metriques exprimees en taux
cohere-command-r-plus,quebec,1h,"Expression quebecoise : reconnaitre le sens d'une expression, hors contexte",abstention_rate,performance,23.3,pourcentage pour les metriques exprimees en taux
cohere-command-r-plus,quebec,1h,"Expression quebecoise : reconnaitre le sens d'une expression, hors contexte",accuracy,performance,70.0,pourcentage pour les metriques exprimees en taux
cohere-command-r-plus,quebec,1h,"Expression quebecoise : reconnaitre le sens d'une expression, hors contexte",accuracy_hors_abstention,performance,91.26,pourcentage pour les metriques exprimees en taux
cohere-command-r-plus,quebec,1h,"Expression quebecoise : reconnaitre le sens d'une expression, hors contexte",chance_level,repere,20.0,pourcentage pour les metriques exprimees en taux
cohere-command-r-plus,quebec,1h,"Expression quebecoise : reconnaitre le sens d'une expression, hors contexte",macro_f1,performance,66.49,pourcentage pour les metriques exprimees en taux
cohere-command-r-plus,quebec,1h,"Expression quebecoise : reconnaitre le sens d'une expression, hors contexte",majority_class_rate,repere,0.3,pourcentage pour les metriques exprimees en taux
cohere-command-r-plus,quebec,1h,"Expression quebecoise : reconnaitre le sens d'une expression, hors contexte",num_answered,effectif,767.0,pourcentage pour les metriques exprimees en taux
cohere-command-r-plus,quebec,1h,"Expression quebecoise : reconnaitre le sens d'une expression, hors contexte",num_items,effectif,1000.0,pourcentage pour les metriques exprimees en taux
cohere-command-r-plus,quebec,1h,"Expression quebecoise : reconnaitre le sens d'une expression, hors contexte",num_off_label,effectif,0.0,pourcentage pour les metriques exprimees en taux
cohere-command-r-plus,quebec,1i,"Terme quebecois : reconnaitre le sens d'un terme, hors contexte",abstention_rate,performance,14.62,pourcentage pour les metriques exprimees en taux
cohere-command-r-plus,quebec,1i,"Terme quebecois : reconnaitre le sens d'un terme, hors contexte",accuracy,performance,82.46,pourcentage pour les metriques exprimees en taux
cohere-command-r-plus,quebec,1i,"Terme quebecois : reconnaitre le sens d'un terme, hors contexte",accuracy_hors_abstention,performance,96.58,pourcentage pour les metriques exprimees en taux
cohere-command-r-plus,quebec,1i,"Terme quebecois : reconnaitre le sens d'un terme, hors contexte",chance_level,repere,20.0,pourcentage pour les metriques exprimees en taux
cohere-command-r-plus,quebec,1i,"Terme quebecois : reconnaitre le sens d'un terme, hors contexte",macro_f1,performance,81.4,pourcentage pour les metriques exprimees en taux
cohere-command-r-plus,quebec,1i,"Terme quebecois : reconnaitre le sens d'un terme, hors contexte",majority_class_rate,repere,0.58,pourcentage pour les metriques exprimees en taux
cohere-command-r-plus,quebec,1i,"Terme quebecois : reconnaitre le sens d'un terme, hors contexte",num_answered,effectif,146.0,pourcentage pour les metriques exprimees en taux
cohere-command-r-plus,quebec,1i,"Terme quebecois : reconnaitre le sens d'un terme, hors contexte",num_items,effectif,171.0,pourcentage pour les metriques exprimees en taux
cohere-command-r-plus,quebec,1i,"Terme quebecois : reconnaitre le sens d'un terme, hors contexte",num_off_label,effectif,0.0,pourcentage pour les metriques exprimees en taux
cohere-command-r-plus,quebec,1j,"Provenance : designer la phrase ecrite par une personne, contre une machine",accuracy,performance,44.3,pourcentage pour les metriques exprimees en taux
cohere-command-r-plus,quebec,1j,"Provenance : designer la phrase ecrite par une personne, contre une machine",chance_level,repere,50.0,pourcentage pour les metriques exprimees en taux
cohere-command-r-plus,quebec,1j,"Provenance : designer la phrase ecrite par une personne, contre une machine",macro_f1,performance,43.39,pourcentage pour les metriques exprimees en taux
cohere-command-r-plus,quebec,1j,"Provenance : designer la phrase ecrite par une personne, contre une machine",majority_class_rate,repere,52.4,pourcentage pour les metriques exprimees en taux
cohere-command-r-plus,quebec,1j,"Provenance : designer la phrase ecrite par une personne, contre une machine",num_answered,effectif,1000.0,pourcentage pour les metriques exprimees en taux
cohere-command-r-plus,quebec,1j,"Provenance : designer la phrase ecrite par une personne, contre une machine",num_items,effectif,1000.0,pourcentage pour les metriques exprimees en taux
cohere-command-r-plus,quebec,1j,"Provenance : designer la phrase ecrite par une personne, contre une machine",num_items_with_rules_choice,effectif,957.0,pourcentage pour les metriques exprimees en taux
cohere-command-r-plus,quebec,1j,"Provenance : designer la phrase ecrite par une personne, contre une machine",num_off_label,effectif,0.0,pourcentage pour les metriques exprimees en taux
cohere-command-r-plus,quebec,1j,"Provenance : designer la phrase ecrite par une personne, contre une machine",rules_baseline_accuracy,repere,50.26,pourcentage pour les metriques exprimees en taux
cohere-command-r-plus,quebec,2a,Camp : gouvernement ou opposition,accuracy,performance,83.8,pourcentage pour les metriques exprimees en taux
cohere-command-r-plus,quebec,2a,Camp : gouvernement ou opposition,attribution_verified_share,repere,0.0,pourcentage pour les metriques exprimees en taux
cohere-command-r-plus,quebec,2a,Camp : gouvernement ou opposition,chance_level,repere,50.0,pourcentage pour les metriques exprimees en taux
cohere-command-r-plus,quebec,2a,Camp : gouvernement ou opposition,macro_f1,performance,83.78,pourcentage pour les metriques exprimees en taux
cohere-command-r-plus,quebec,2a,Camp : gouvernement ou opposition,majority_class_rate,repere,50.0,pourcentage pour les metriques exprimees en taux
cohere-command-r-plus,quebec,2a,Camp : gouvernement ou opposition,num_items,effectif,1000.0,pourcentage pour les metriques exprimees en taux
cohere-command-r-plus,quebec,2a,Camp : gouvernement ou opposition,num_off_label,effectif,0.0,pourcentage pour les metriques exprimees en taux
cohere-command-r-plus,quebec,2a,Camp : gouvernement ou opposition,question_period_share,repere,2.6,pourcentage pour les metriques exprimees en taux
cohere-command-r-plus,quebec,2b,"Parti : lequel, parmi ceux qui siegeaient a cette legislature",accuracy,performance,40.0,pourcentage pour les metriques exprimees en taux
cohere-command-r-plus,quebec,2b,"Parti : lequel, parmi ceux qui siegeaient a cette legislature",attribution_verified_share,repere,100.0,pourcentage pour les metriques exprimees en taux
cohere-command-r-plus,quebec,2b,"Parti : lequel, parmi ceux qui siegeaient a cette legislature",macro_f1,performance,32.28,pourcentage pour les metriques exprimees en taux
cohere-command-r-plus,quebec,2b,"Parti : lequel, parmi ceux qui siegeaient a cette legislature",majority_class_rate,repere,20.0,pourcentage pour les metriques exprimees en taux
cohere-command-r-plus,quebec,2b,"Parti : lequel, parmi ceux qui siegeaient a cette legislature",mean_options,effectif,4.884,pourcentage pour les metriques exprimees en taux
cohere-command-r-plus,quebec,2b,"Parti : lequel, parmi ceux qui siegeaient a cette legislature",num_items,effectif,1000.0,pourcentage pour les metriques exprimees en taux
cohere-command-r-plus,quebec,2b,"Parti : lequel, parmi ceux qui siegeaient a cette legislature",num_off_label,effectif,0.0,pourcentage pour les metriques exprimees en taux
cohere-command-r-plus,quebec,2b,"Parti : lequel, parmi ceux qui siegeaient a cette legislature",question_period_share,repere,1.1,pourcentage pour les metriques exprimees en taux
cohere-command-r,quebec,1a,"Quebecisme : reperer un terme dans un echange, puis en donner le sens",definition_accuracy,performance,95.35,pourcentage pour les metriques exprimees en taux
cohere-command-r,quebec,1a,"Quebecisme : reperer un terme dans un echange, puis en donner le sens",detection_accuracy,performance,28.01,pourcentage pour les metriques exprimees en taux
cohere-command-r,quebec,1a,"Quebecisme : reperer un terme dans un echange, puis en donner le sens",num_definitions_scored,effectif,129.0,pourcentage pour les metriques exprimees en taux
cohere-command-r,quebec,1a,"Quebecisme : reperer un terme dans un echange, puis en donner le sens",num_detected,effectif,149.0,pourcentage pour les metriques exprimees en taux
cohere-command-r,quebec,1a,"Quebecisme : reperer un terme dans un echange, puis en donner le sens",num_items,effectif,532.0,pourcentage pour les metriques exprimees en taux
cohere-command-r,quebec,1a,"Quebecisme : reperer un terme dans un echange, puis en donner le sens",num_no_term,effectif,0.0,pourcentage pour les metriques exprimees en taux
cohere-command-r,quebec,1b,Terminologie parlementaire : reconnaitre le sens d'un terme de procedure,abstention_rate,performance,5.22,pourcentage pour les metriques exprimees en taux
cohere-command-r,quebec,1b,Terminologie parlementaire : reconnaitre le sens d'un terme de procedure,accuracy,performance,91.79,pourcentage pour les metriques exprimees en taux
cohere-command-r,quebec,1b,Terminologie parlementaire : reconnaitre le sens d'un terme de procedure,accuracy_hors_abstention,performance,96.85,pourcentage pour les metriques exprimees en taux
cohere-command-r,quebec,1b,Terminologie parlementaire : reconnaitre le sens d'un terme de procedure,chance_level,repere,20.0,pourcentage pour les metriques exprimees en taux
cohere-command-r,quebec,1b,Terminologie parlementaire : reconnaitre le sens d'un terme de procedure,macro_f1,performance,89.19,pourcentage pour les metriques exprimees en taux
cohere-command-r,quebec,1b,Terminologie parlementaire : reconnaitre le sens d'un terme de procedure,majority_class_rate,repere,2.24,pourcentage pour les metriques exprimees en taux
cohere-command-r,quebec,1b,Terminologie parlementaire : reconnaitre le sens d'un terme de procedure,num_answered,effectif,508.0,pourcentage pour les metriques exprimees en taux
cohere-command-r,quebec,1b,Terminologie parlementaire : reconnaitre le sens d'un terme de procedure,num_items,effectif,536.0,pourcentage pour les metriques exprimees en taux
cohere-command-r,quebec,1b,Terminologie parlementaire : reconnaitre le sens d'un terme de procedure,num_off_label,effectif,0.0,pourcentage pour les metriques exprimees en taux
cohere-command-r,quebec,1c,Reference institutionnelle : produire l'expansion d'un sigle,abstention_rate,performance,18.2,pourcentage pour les metriques exprimees en taux
cohere-command-r,quebec,1c,Reference institutionnelle : produire l'expansion d'un sigle,accuracy,performance,61.1,pourcentage pour les metriques exprimees en taux
cohere-command-r,quebec,1c,Reference institutionnelle : produire l'expansion d'un sigle,containment_verbosity,performance,1.2,pourcentage pour les metriques exprimees en taux
cohere-command-r,quebec,1c,Reference institutionnelle : produire l'expansion d'un sigle,num_items,effectif,1000.0,pourcentage pour les metriques exprimees en taux
cohere-command-r,quebec,1c,Reference institutionnelle : produire l'expansion d'un sigle,span_containment,performance,62.8,pourcentage pour les metriques exprimees en taux
cohere-command-r,quebec,1d,Norme lexicale : retrouver le mot employe par un locuteur quebecois,abstention_rate,performance,19.51,pourcentage pour les metriques exprimees en taux
cohere-command-r,quebec,1d,Norme lexicale : retrouver le mot employe par un locuteur quebecois,accuracy,performance,53.31,pourcentage pour les metriques exprimees en taux
cohere-command-r,quebec,1d,Norme lexicale : retrouver le mot employe par un locuteur quebecois,accuracy_hors_abstention,performance,66.23,pourcentage pour les metriques exprimees en taux
cohere-command-r,quebec,1d,Norme lexicale : retrouver le mot employe par un locuteur quebecois,chance_level,repere,20.0,pourcentage pour les metriques exprimees en taux
cohere-command-r,quebec,1d,Norme lexicale : retrouver le mot employe par un locuteur quebecois,macro_f1,performance,35.55,pourcentage pour les metriques exprimees en taux
cohere-command-r,quebec,1d,Norme lexicale : retrouver le mot employe par un locuteur quebecois,majority_class_rate,repere,4.18,pourcentage pour les metriques exprimees en taux
cohere-command-r,quebec,1d,Norme lexicale : retrouver le mot employe par un locuteur quebecois,num_answered,effectif,231.0,pourcentage pour les metriques exprimees en taux
cohere-command-r,quebec,1d,Norme lexicale : retrouver le mot employe par un locuteur quebecois,num_items,effectif,287.0,pourcentage pour les metriques exprimees en taux
cohere-command-r,quebec,1d,Norme lexicale : retrouver le mot employe par un locuteur quebecois,num_off_label,effectif,0.0,pourcentage pour les metriques exprimees en taux
cohere-command-r,quebec,1e,Acceptabilite : juger si une phrase est du francais quebecois acceptable,accuracy,performance,76.5,pourcentage pour les metriques exprimees en taux
cohere-command-r,quebec,1e,Acceptabilite : juger si une phrase est du francais quebecois acceptable,macro_f1,performance,63.07,pourcentage pour les metriques exprimees en taux
cohere-command-r,quebec,1e,Acceptabilite : juger si une phrase est du francais quebecois acceptable,majority_class_rate,repere,69.3,pourcentage pour les metriques exprimees en taux
cohere-command-r,quebec,1e,Acceptabilite : juger si une phrase est du francais quebecois acceptable,num_answered,effectif,1000.0,pourcentage pour les metriques exprimees en taux
cohere-command-r,quebec,1e,Acceptabilite : juger si une phrase est du francais quebecois acceptable,num_items,effectif,1000.0,pourcentage pour les metriques exprimees en taux
cohere-command-r,quebec,1e,Acceptabilite : juger si une phrase est du francais quebecois acceptable,num_off_label,effectif,0.0,pourcentage pour les metriques exprimees en taux
cohere-command-r,quebec,1f,"Paire minimale : preferer la phrase grammaticale, contre un plafond humain",accuracy,performance,83.59,pourcentage pour les metriques exprimees en taux
cohere-command-r,quebec,1f,"Paire minimale : preferer la phrase grammaticale, contre un plafond humain",chance_level,repere,50.0,pourcentage pour les metriques exprimees en taux
cohere-command-r,quebec,1f,"Paire minimale : preferer la phrase grammaticale, contre un plafond humain",human_ceiling,repere,87.42,pourcentage pour les metriques exprimees en taux
cohere-command-r,quebec,1f,"Paire minimale : preferer la phrase grammaticale, contre un plafond humain",macro_f1,performance,83.53,pourcentage pour les metriques exprimees en taux
cohere-command-r,quebec,1f,"Paire minimale : preferer la phrase grammaticale, contre un plafond humain",majority_class_rate,repere,51.72,pourcentage pour les metriques exprimees en taux
cohere-command-r,quebec,1f,"Paire minimale : preferer la phrase grammaticale, contre un plafond humain",num_answered,effectif,524.0,pourcentage pour les metriques exprimees en taux
cohere-command-r,quebec,1f,"Paire minimale : preferer la phrase grammaticale, contre un plafond humain",num_items,effectif,524.0,pourcentage pour les metriques exprimees en taux
cohere-command-r,quebec,1f,"Paire minimale : preferer la phrase grammaticale, contre un plafond humain",num_items_with_ceiling,effectif,524.0,pourcentage pour les metriques exprimees en taux
cohere-command-r,quebec,1f,"Paire minimale : preferer la phrase grammaticale, contre un plafond humain",num_off_label,effectif,0.0,pourcentage pour les metriques exprimees en taux
cohere-command-r,quebec,1h,"Expression quebecoise : reconnaitre le sens d'une expression, hors contexte",abstention_rate,performance,9.5,pourcentage pour les metriques exprimees en taux
cohere-command-r,quebec,1h,"Expression quebecoise : reconnaitre le sens d'une expression, hors contexte",accuracy,performance,72.1,pourcentage pour les metriques exprimees en taux
cohere-command-r,quebec,1h,"Expression quebecoise : reconnaitre le sens d'une expression, hors contexte",accuracy_hors_abstention,performance,79.67,pourcentage pour les metriques exprimees en taux
cohere-command-r,quebec,1h,"Expression quebecoise : reconnaitre le sens d'une expression, hors contexte",chance_level,repere,20.0,pourcentage pour les metriques exprimees en taux
cohere-command-r,quebec,1h,"Expression quebecoise : reconnaitre le sens d'une expression, hors contexte",macro_f1,performance,62.64,pourcentage pour les metriques exprimees en taux
cohere-command-r,quebec,1h,"Expression quebecoise : reconnaitre le sens d'une expression, hors contexte",majority_class_rate,repere,0.3,pourcentage pour les metriques exprimees en taux
cohere-command-r,quebec,1h,"Expression quebecoise : reconnaitre le sens d'une expression, hors contexte",num_answered,effectif,905.0,pourcentage pour les metriques exprimees en taux
cohere-command-r,quebec,1h,"Expression quebecoise : reconnaitre le sens d'une expression, hors contexte",num_items,effectif,1000.0,pourcentage pour les metriques exprimees en taux
cohere-command-r,quebec,1h,"Expression quebecoise : reconnaitre le sens d'une expression, hors contexte",num_off_label,effectif,0.0,pourcentage pour les metriques exprimees en taux
cohere-command-r,quebec,1i,"Terme quebecois : reconnaitre le sens d'un terme, hors contexte",abstention_rate,performance,2.34,pourcentage pour les metriques exprimees en taux
cohere-command-r,quebec,1i,"Terme quebecois : reconnaitre le sens d'un terme, hors contexte",accuracy,performance,85.96,pourcentage pour les metriques exprimees en taux
cohere-command-r,quebec,1i,"Terme quebecois : reconnaitre le sens d'un terme, hors contexte",accuracy_hors_abstention,performance,88.02,pourcentage pour les metriques exprimees en taux
cohere-command-r,quebec,1i,"Terme quebecois : reconnaitre le sens d'un terme, hors contexte",chance_level,repere,20.0,pourcentage pour les metriques exprimees en taux
cohere-command-r,quebec,1i,"Terme quebecois : reconnaitre le sens d'un terme, hors contexte",macro_f1,performance,82.12,pourcentage pour les metriques exprimees en taux
cohere-command-r,quebec,1i,"Terme quebecois : reconnaitre le sens d'un terme, hors contexte",majority_class_rate,repere,0.58,pourcentage pour les metriques exprimees en taux
cohere-command-r,quebec,1i,"Terme quebecois : reconnaitre le sens d'un terme, hors contexte",num_answered,effectif,167.0,pourcentage pour les metriques exprimees en taux
cohere-command-r,quebec,1i,"Terme quebecois : reconnaitre le sens d'un terme, hors contexte",num_items,effectif,171.0,pourcentage pour les metriques exprimees en taux
cohere-command-r,quebec,1i,"Terme quebecois : reconnaitre le sens d'un terme, hors contexte",num_off_label,effectif,0.0,pourcentage pour les metriques exprimees en taux
cohere-command-r,quebec,1j,"Provenance : designer la phrase ecrite par une personne, contre une machine",accuracy,performance,45.3,pourcentage pour les metriques exprimees en taux
cohere-command-r,quebec,1j,"Provenance : designer la phrase ecrite par une personne, contre une machine",chance_level,repere,50.0,pourcentage pour les metriques exprimees en taux
cohere-command-r,quebec,1j,"Provenance : designer la phrase ecrite par une personne, contre une machine",macro_f1,performance,40.54,pourcentage pour les metriques exprimees en taux
cohere-command-r,quebec,1j,"Provenance : designer la phrase ecrite par une personne, contre une machine",majority_class_rate,repere,52.4,pourcentage pour les metriques exprimees en taux
cohere-command-r,quebec,1j,"Provenance : designer la phrase ecrite par une personne, contre une machine",num_answered,effectif,1000.0,pourcentage pour les metriques exprimees en taux
cohere-command-r,quebec,1j,"Provenance : designer la phrase ecrite par une personne, contre une machine",num_items,effectif,1000.0,pourcentage pour les metriques exprimees en taux
cohere-command-r,quebec,1j,"Provenance : designer la phrase ecrite par une personne, contre une machine",num_items_with_rules_choice,effectif,957.0,pourcentage pour les metriques exprimees en taux
cohere-command-r,quebec,1j,"Provenance : designer la phrase ecrite par une personne, contre une machine",num_off_label,effectif,0.0,pourcentage pour les metriques exprimees en taux
cohere-command-r,quebec,1j,"Provenance : designer la phrase ecrite par une personne, contre une machine",rules_baseline_accuracy,repere,50.26,pourcentage pour les metriques exprimees en taux
cohere-command-r,quebec,2a,Camp : gouvernement ou opposition,accuracy,performance,67.3,pourcentage pour les metriques exprimees en taux
cohere-command-r,quebec,2a,Camp : gouvernement ou opposition,attribution_verified_share,repere,0.0,pourcentage pour les metriques exprimees en taux
cohere-command-r,quebec,2a,Camp : gouvernement ou opposition,chance_level,repere,50.0,pourcentage pour les metriques exprimees en taux
cohere-command-r,quebec,2a,Camp : gouvernement ou opposition,macro_f1,performance,64.54,pourcentage pour les metriques exprimees en taux
cohere-command-r,quebec,2a,Camp : gouvernement ou opposition,majority_class_rate,repere,50.0,pourcentage pour les metriques exprimees en taux
cohere-command-r,quebec,2a,Camp : gouvernement ou opposition,num_items,effectif,1000.0,pourcentage pour les metriques exprimees en taux
cohere-command-r,quebec,2a,Camp : gouvernement ou opposition,num_off_label,effectif,0.0,pourcentage pour les metriques exprimees en taux
cohere-command-r,quebec,2a,Camp : gouvernement ou opposition,question_period_share,repere,2.6,pourcentage pour les metriques exprimees en taux
cohere-command-r,quebec,2b,"Parti : lequel, parmi ceux qui siegeaient a cette legislature",accuracy,performance,27.7,pourcentage pour les metriques exprimees en taux
cohere-command-r,quebec,2b,"Parti : lequel, parmi ceux qui siegeaient a cette legislature",attribution_verified_share,repere,100.0,pourcentage pour les metriques exprimees en taux
cohere-command-r,quebec,2b,"Parti : lequel, parmi ceux qui siegeaient a cette legislature",macro_f1,performance,22.39,pourcentage pour les metriques exprimees en taux
cohere-command-r,quebec,2b,"Parti : lequel, parmi ceux qui siegeaient a cette legislature",majority_class_rate,repere,20.0,pourcentage pour les metriques exprimees en taux
cohere-command-r,quebec,2b,"Parti : lequel, parmi ceux qui siegeaient a cette legislature",mean_options,effectif,4.884,pourcentage pour les metriques exprimees en taux
cohere-command-r,quebec,2b,"Parti : lequel, parmi ceux qui siegeaient a cette legislature",num_items,effectif,1000.0,pourcentage pour les metriques exprimees en taux
cohere-command-r,quebec,2b,"Parti : lequel, parmi ceux qui siegeaient a cette legislature",num_off_label,effectif,0.0,pourcentage pour les metriques exprimees en taux
cohere-command-r,quebec,2b,"Parti : lequel, parmi ceux qui siegeaient a cette legislature",question_period_share,repere,1.1,pourcentage pour les metriques exprimees en taux
cohere-command-r7b,quebec,1a,"Quebecisme : reperer un terme dans un echange, puis en donner le sens",definition_accuracy,performance,88.46,pourcentage pour les metriques exprimees en taux
cohere-command-r7b,quebec,1a,"Quebecisme : reperer un terme dans un echange, puis en donner le sens",detection_accuracy,performance,22.93,pourcentage pour les metriques exprimees en taux
cohere-command-r7b,quebec,1a,"Quebecisme : reperer un terme dans un echange, puis en donner le sens",num_definitions_scored,effectif,104.0,pourcentage pour les metriques exprimees en taux
cohere-command-r7b,quebec,1a,"Quebecisme : reperer un terme dans un echange, puis en donner le sens",num_detected,effectif,122.0,pourcentage pour les metriques exprimees en taux
cohere-command-r7b,quebec,1a,"Quebecisme : reperer un terme dans un echange, puis en donner le sens",num_items,effectif,532.0,pourcentage pour les metriques exprimees en taux
cohere-command-r7b,quebec,1a,"Quebecisme : reperer un terme dans un echange, puis en donner le sens",num_no_term,effectif,0.0,pourcentage pour les metriques exprimees en taux
cohere-command-r7b,quebec,1b,Terminologie parlementaire : reconnaitre le sens d'un terme de procedure,abstention_rate,performance,7.65,pourcentage pour les metriques exprimees en taux
cohere-command-r7b,quebec,1b,Terminologie parlementaire : reconnaitre le sens d'un terme de procedure,accuracy,performance,86.57,pourcentage pour les metriques exprimees en taux
cohere-command-r7b,quebec,1b,Terminologie parlementaire : reconnaitre le sens d'un terme de procedure,accuracy_hors_abstention,performance,93.74,pourcentage pour les metriques exprimees en taux
cohere-command-r7b,quebec,1b,Terminologie parlementaire : reconnaitre le sens d'un terme de procedure,chance_level,repere,20.0,pourcentage pour les metriques exprimees en taux
cohere-command-r7b,quebec,1b,Terminologie parlementaire : reconnaitre le sens d'un terme de procedure,macro_f1,performance,80.25,pourcentage pour les metriques exprimees en taux
cohere-command-r7b,quebec,1b,Terminologie parlementaire : reconnaitre le sens d'un terme de procedure,majority_class_rate,repere,2.24,pourcentage pour les metriques exprimees en taux
cohere-command-r7b,quebec,1b,Terminologie parlementaire : reconnaitre le sens d'un terme de procedure,num_answered,effectif,495.0,pourcentage pour les metriques exprimees en taux
cohere-command-r7b,quebec,1b,Terminologie parlementaire : reconnaitre le sens d'un terme de procedure,num_items,effectif,536.0,pourcentage pour les metriques exprimees en taux
cohere-command-r7b,quebec,1b,Terminologie parlementaire : reconnaitre le sens d'un terme de procedure,num_off_label,effectif,0.0,pourcentage pour les metriques exprimees en taux
cohere-command-r7b,quebec,1c,Reference institutionnelle : produire l'expansion d'un sigle,abstention_rate,performance,36.1,pourcentage pour les metriques exprimees en taux
cohere-command-r7b,quebec,1c,Reference institutionnelle : produire l'expansion d'un sigle,accuracy,performance,37.5,pourcentage pour les metriques exprimees en taux
cohere-command-r7b,quebec,1c,Reference institutionnelle : produire l'expansion d'un sigle,containment_verbosity,performance,3.0,pourcentage pour les metriques exprimees en taux
cohere-command-r7b,quebec,1c,Reference institutionnelle : produire l'expansion d'un sigle,num_items,effectif,1000.0,pourcentage pour les metriques exprimees en taux
cohere-command-r7b,quebec,1c,Reference institutionnelle : produire l'expansion d'un sigle,span_containment,performance,39.2,pourcentage pour les metriques exprimees en taux
cohere-command-r7b,quebec,1d,Norme lexicale : retrouver le mot employe par un locuteur quebecois,abstention_rate,performance,3.48,pourcentage pour les metriques exprimees en taux
cohere-command-r7b,quebec,1d,Norme lexicale : retrouver le mot employe par un locuteur quebecois,accuracy,performance,46.69,pourcentage pour les metriques exprimees en taux
cohere-command-r7b,quebec,1d,Norme lexicale : retrouver le mot employe par un locuteur quebecois,accuracy_hors_abstention,performance,48.38,pourcentage pour les metriques exprimees en taux
cohere-command-r7b,quebec,1d,Norme lexicale : retrouver le mot employe par un locuteur quebecois,chance_level,repere,20.0,pourcentage pour les metriques exprimees en taux
cohere-command-r7b,quebec,1d,Norme lexicale : retrouver le mot employe par un locuteur quebecois,macro_f1,performance,31.43,pourcentage pour les metriques exprimees en taux
cohere-command-r7b,quebec,1d,Norme lexicale : retrouver le mot employe par un locuteur quebecois,majority_class_rate,repere,4.18,pourcentage pour les metriques exprimees en taux
cohere-command-r7b,quebec,1d,Norme lexicale : retrouver le mot employe par un locuteur quebecois,num_answered,effectif,277.0,pourcentage pour les metriques exprimees en taux
cohere-command-r7b,quebec,1d,Norme lexicale : retrouver le mot employe par un locuteur quebecois,num_items,effectif,287.0,pourcentage pour les metriques exprimees en taux
cohere-command-r7b,quebec,1d,Norme lexicale : retrouver le mot employe par un locuteur quebecois,num_off_label,effectif,0.0,pourcentage pour les metriques exprimees en taux
cohere-command-r7b,quebec,1e,Acceptabilite : juger si une phrase est du francais quebecois acceptable,accuracy,performance,77.6,pourcentage pour les metriques exprimees en taux
cohere-command-r7b,quebec,1e,Acceptabilite : juger si une phrase est du francais quebecois acceptable,macro_f1,performance,69.03,pourcentage pour les metriques exprimees en taux
cohere-command-r7b,quebec,1e,Acceptabilite : juger si une phrase est du francais quebecois acceptable,majority_class_rate,repere,69.3,pourcentage pour les metriques exprimees en taux
cohere-command-r7b,quebec,1e,Acceptabilite : juger si une phrase est du francais quebecois acceptable,num_answered,effectif,1000.0,pourcentage pour les metriques exprimees en taux
cohere-command-r7b,quebec,1e,Acceptabilite : juger si une phrase est du francais quebecois acceptable,num_items,effectif,1000.0,pourcentage pour les metriques exprimees en taux
cohere-command-r7b,quebec,1e,Acceptabilite : juger si une phrase est du francais quebecois acceptable,num_off_label,effectif,0.0,pourcentage pour les metriques exprimees en taux
cohere-command-r7b,quebec,1f,"Paire minimale : preferer la phrase grammaticale, contre un plafond humain",accuracy,performance,75.76,pourcentage pour les metriques exprimees en taux
cohere-command-r7b,quebec,1f,"Paire minimale : preferer la phrase grammaticale, contre un plafond humain",chance_level,repere,50.0,pourcentage pour les metriques exprimees en taux
cohere-command-r7b,quebec,1f,"Paire minimale : preferer la phrase grammaticale, contre un plafond humain",human_ceiling,repere,87.42,pourcentage pour les metriques exprimees en taux
cohere-command-r7b,quebec,1f,"Paire minimale : preferer la phrase grammaticale, contre un plafond humain",macro_f1,performance,75.61,pourcentage pour les metriques exprimees en taux
cohere-command-r7b,quebec,1f,"Paire minimale : preferer la phrase grammaticale, contre un plafond humain",majority_class_rate,repere,51.72,pourcentage pour les metriques exprimees en taux
cohere-command-r7b,quebec,1f,"Paire minimale : preferer la phrase grammaticale, contre un plafond humain",num_answered,effectif,524.0,pourcentage pour les metriques exprimees en taux
cohere-command-r7b,quebec,1f,"Paire minimale : preferer la phrase grammaticale, contre un plafond humain",num_items,effectif,524.0,pourcentage pour les metriques exprimees en taux
cohere-command-r7b,quebec,1f,"Paire minimale : preferer la phrase grammaticale, contre un plafond humain",num_items_with_ceiling,effectif,524.0,pourcentage pour les metriques exprimees en taux
cohere-command-r7b,quebec,1f,"Paire minimale : preferer la phrase grammaticale, contre un plafond humain",num_off_label,effectif,0.0,pourcentage pour les metriques exprimees en taux
cohere-command-r7b,quebec,1h,"Expression quebecoise : reconnaitre le sens d'une expression, hors contexte",abstention_rate,performance,11.4,pourcentage pour les metriques exprimees en taux
cohere-command-r7b,quebec,1h,"Expression quebecoise : reconnaitre le sens d'une expression, hors contexte",accuracy,performance,57.6,pourcentage pour les metriques exprimees en taux
cohere-command-r7b,quebec,1h,"Expression quebecoise : reconnaitre le sens d'une expression, hors contexte",accuracy_hors_abstention,performance,65.01,pourcentage pour les metriques exprimees en taux
cohere-command-r7b,quebec,1h,"Expression quebecoise : reconnaitre le sens d'une expression, hors contexte",chance_level,repere,20.0,pourcentage pour les metriques exprimees en taux
cohere-command-r7b,quebec,1h,"Expression quebecoise : reconnaitre le sens d'une expression, hors contexte",macro_f1,performance,45.95,pourcentage pour les metriques exprimees en taux
cohere-command-r7b,quebec,1h,"Expression quebecoise : reconnaitre le sens d'une expression, hors contexte",majority_class_rate,repere,0.3,pourcentage pour les metriques exprimees en taux
cohere-command-r7b,quebec,1h,"Expression quebecoise : reconnaitre le sens d'une expression, hors contexte",num_answered,effectif,886.0,pourcentage pour les metriques exprimees en taux
cohere-command-r7b,quebec,1h,"Expression quebecoise : reconnaitre le sens d'une expression, hors contexte",num_items,effectif,1000.0,pourcentage pour les metriques exprimees en taux
cohere-command-r7b,quebec,1h,"Expression quebecoise : reconnaitre le sens d'une expression, hors contexte",num_off_label,effectif,0.0,pourcentage pour les metriques exprimees en taux
cohere-command-r7b,quebec,1i,"Terme quebecois : reconnaitre le sens d'un terme, hors contexte",abstention_rate,performance,12.87,pourcentage pour les metriques exprimees en taux
cohere-command-r7b,quebec,1i,"Terme quebecois : reconnaitre le sens d'un terme, hors contexte",accuracy,performance,67.25,pourcentage pour les metriques exprimees en taux
cohere-command-r7b,quebec,1i,"Terme quebecois : reconnaitre le sens d'un terme, hors contexte",accuracy_hors_abstention,performance,77.18,pourcentage pour les metriques exprimees en taux
cohere-command-r7b,quebec,1i,"Terme quebecois : reconnaitre le sens d'un terme, hors contexte",chance_level,repere,20.0,pourcentage pour les metriques exprimees en taux
cohere-command-r7b,quebec,1i,"Terme quebecois : reconnaitre le sens d'un terme, hors contexte",macro_f1,performance,62.52,pourcentage pour les metriques exprimees en taux
cohere-command-r7b,quebec,1i,"Terme quebecois : reconnaitre le sens d'un terme, hors contexte",majority_class_rate,repere,0.58,pourcentage pour les metriques exprimees en taux
cohere-command-r7b,quebec,1i,"Terme quebecois : reconnaitre le sens d'un terme, hors contexte",num_answered,effectif,149.0,pourcentage pour les metriques exprimees en taux
cohere-command-r7b,quebec,1i,"Terme quebecois : reconnaitre le sens d'un terme, hors contexte",num_items,effectif,171.0,pourcentage pour les metriques exprimees en taux
cohere-command-r7b,quebec,1i,"Terme quebecois : reconnaitre le sens d'un terme, hors contexte",num_off_label,effectif,0.0,pourcentage pour les metriques exprimees en taux
cohere-command-r7b,quebec,1j,"Provenance : designer la phrase ecrite par une personne, contre une machine",accuracy,performance,48.8,pourcentage pour les metriques exprimees en taux
cohere-command-r7b,quebec,1j,"Provenance : designer la phrase ecrite par une personne, contre une machine",chance_level,repere,50.0,pourcentage pour les metriques exprimees en taux
cohere-command-r7b,quebec,1j,"Provenance : designer la phrase ecrite par une personne, contre une machine",macro_f1,performance,43.74,pourcentage pour les metriques exprimees en taux
cohere-command-r7b,quebec,1j,"Provenance : designer la phrase ecrite par une personne, contre une machine",majority_class_rate,repere,52.4,pourcentage pour les metriques exprimees en taux
cohere-command-r7b,quebec,1j,"Provenance : designer la phrase ecrite par une personne, contre une machine",num_answered,effectif,1000.0,pourcentage pour les metriques exprimees en taux
cohere-command-r7b,quebec,1j,"Provenance : designer la phrase ecrite par une personne, contre une machine",num_items,effectif,1000.0,pourcentage pour les metriques exprimees en taux
cohere-command-r7b,quebec,1j,"Provenance : designer la phrase ecrite par une personne, contre une machine",num_items_with_rules_choice,effectif,957.0,pourcentage pour les metriques exprimees en taux
cohere-command-r7b,quebec,1j,"Provenance : designer la phrase ecrite par une personne, contre une machine",num_off_label,effectif,0.0,pourcentage pour les metriques exprimees en taux
cohere-command-r7b,quebec,1j,"Provenance : designer la phrase ecrite par une personne, contre une machine",rules_baseline_accuracy,repere,50.26,pourcentage pour les metriques exprimees en taux
cohere-command-r7b,quebec,2a,Camp : gouvernement ou opposition,accuracy,performance,79.1,pourcentage pour les metriques exprimees en taux
cohere-command-r7b,quebec,2a,Camp : gouvernement ou opposition,attribution_verified_share,repere,0.0,pourcentage pour les metriques exprimees en taux
cohere-command-r7b,quebec,2a,Camp : gouvernement ou opposition,chance_level,repere,50.0,pourcentage pour les metriques exprimees en taux
cohere-command-r7b,quebec,2a,Camp : gouvernement ou opposition,macro_f1,performance,79.1,pourcentage pour les metriques exprimees en taux
cohere-command-r7b,quebec,2a,Camp : gouvernement ou opposition,majority_class_rate,repere,50.0,pourcentage pour les metriques exprimees en taux
cohere-command-r7b,quebec,2a,Camp : gouvernement ou opposition,num_items,effectif,1000.0,pourcentage pour les metriques exprimees en taux
cohere-command-r7b,quebec,2a,Camp : gouvernement ou opposition,num_off_label,effectif,0.0,pourcentage pour les metriques exprimees en taux
cohere-command-r7b,quebec,2a,Camp : gouvernement ou opposition,question_period_share,repere,2.6,pourcentage pour les metriques exprimees en taux
cohere-command-r7b,quebec,2b,"Parti : lequel, parmi ceux qui siegeaient a cette legislature",accuracy,performance,26.7,pourcentage pour les metriques exprimees en taux
cohere-command-r7b,quebec,2b,"Parti : lequel, parmi ceux qui siegeaient a cette legislature",attribution_verified_share,repere,100.0,pourcentage pour les metriques exprimees en taux
cohere-command-r7b,quebec,2b,"Parti : lequel, parmi ceux qui siegeaient a cette legislature",macro_f1,performance,20.95,pourcentage pour les metriques exprimees en taux
cohere-command-r7b,quebec,2b,"Parti : lequel, parmi ceux qui siegeaient a cette legislature",majority_class_rate,repere,20.0,pourcentage pour les metriques exprimees en taux
cohere-command-r7b,quebec,2b,"Parti : lequel, parmi ceux qui siegeaient a cette legislature",mean_options,effectif,4.884,pourcentage pour les metriques exprimees en taux
cohere-command-r7b,quebec,2b,"Parti : lequel, parmi ceux qui siegeaient a cette legislature",num_items,effectif,1000.0,pourcentage pour les metriques exprimees en taux
cohere-command-r7b,quebec,2b,"Parti : lequel, parmi ceux qui siegeaient a cette legislature",num_off_label,effectif,0.0,pourcentage pour les metriques exprimees en taux
cohere-command-r7b,quebec,2b,"Parti : lequel, parmi ceux qui siegeaient a cette legislature",question_period_share,repere,1.1,pourcentage pour les metriques exprimees en taux
croissantllm-1.3b,quebec,1a,"Quebecisme : reperer un terme dans un echange, puis en donner le sens",detection_accuracy,performance,0.0,pourcentage pour les metriques exprimees en taux
croissantllm-1.3b,quebec,1a,"Quebecisme : reperer un terme dans un echange, puis en donner le sens",num_definitions_scored,effectif,0.0,pourcentage pour les metriques exprimees en taux
croissantllm-1.3b,quebec,1a,"Quebecisme : reperer un terme dans un echange, puis en donner le sens",num_detected,effectif,0.0,pourcentage pour les metriques exprimees en taux
croissantllm-1.3b,quebec,1a,"Quebecisme : reperer un terme dans un echange, puis en donner le sens",num_items,effectif,532.0,pourcentage pour les metriques exprimees en taux
croissantllm-1.3b,quebec,1a,"Quebecisme : reperer un terme dans un echange, puis en donner le sens",num_no_term,effectif,0.0,pourcentage pour les metriques exprimees en taux
croissantllm-1.3b,quebec,1b,Terminologie parlementaire : reconnaitre le sens d'un terme de procedure,abstention_rate,performance,0.0,pourcentage pour les metriques exprimees en taux
croissantllm-1.3b,quebec,1b,Terminologie parlementaire : reconnaitre le sens d'un terme de procedure,accuracy,performance,16.6,pourcentage pour les metriques exprimees en taux
croissantllm-1.3b,quebec,1b,Terminologie parlementaire : reconnaitre le sens d'un terme de procedure,accuracy_hors_abstention,performance,16.6,pourcentage pour les metriques exprimees en taux
croissantllm-1.3b,quebec,1b,Terminologie parlementaire : reconnaitre le sens d'un terme de procedure,chance_level,repere,20.0,pourcentage pour les metriques exprimees en taux
croissantllm-1.3b,quebec,1b,Terminologie parlementaire : reconnaitre le sens d'un terme de procedure,macro_f1,performance,16.0,pourcentage pour les metriques exprimees en taux
croissantllm-1.3b,quebec,1b,Terminologie parlementaire : reconnaitre le sens d'un terme de procedure,majority_class_rate,repere,2.24,pourcentage pour les metriques exprimees en taux
croissantllm-1.3b,quebec,1b,Terminologie parlementaire : reconnaitre le sens d'un terme de procedure,num_answered,effectif,536.0,pourcentage pour les metriques exprimees en taux
croissantllm-1.3b,quebec,1b,Terminologie parlementaire : reconnaitre le sens d'un terme de procedure,num_items,effectif,536.0,pourcentage pour les metriques exprimees en taux
croissantllm-1.3b,quebec,1b,Terminologie parlementaire : reconnaitre le sens d'un terme de procedure,num_off_label,effectif,0.0,pourcentage pour les metriques exprimees en taux
croissantllm-1.3b,quebec,1c,Reference institutionnelle : produire l'expansion d'un sigle,abstention_rate,performance,1.5,pourcentage pour les metriques exprimees en taux
croissantllm-1.3b,quebec,1c,Reference institutionnelle : produire l'expansion d'un sigle,accuracy,performance,0.0,pourcentage pour les metriques exprimees en taux
croissantllm-1.3b,quebec,1c,Reference institutionnelle : produire l'expansion d'un sigle,containment_verbosity,performance,4.916666666666666,pourcentage pour les metriques exprimees en taux
croissantllm-1.3b,quebec,1c,Reference institutionnelle : produire l'expansion d'un sigle,num_items,effectif,1000.0,pourcentage pour les metriques exprimees en taux
croissantllm-1.3b,quebec,1c,Reference institutionnelle : produire l'expansion d'un sigle,span_containment,performance,0.6,pourcentage pour les metriques exprimees en taux
croissantllm-1.3b,quebec,1d,Norme lexicale : retrouver le mot employe par un locuteur quebecois,abstention_rate,performance,0.0,pourcentage pour les metriques exprimees en taux
croissantllm-1.3b,quebec,1d,Norme lexicale : retrouver le mot employe par un locuteur quebecois,accuracy,performance,18.47,pourcentage pour les metriques exprimees en taux
croissantllm-1.3b,quebec,1d,Norme lexicale : retrouver le mot employe par un locuteur quebecois,accuracy_hors_abstention,performance,18.47,pourcentage pour les metriques exprimees en taux
croissantllm-1.3b,quebec,1d,Norme lexicale : retrouver le mot employe par un locuteur quebecois,chance_level,repere,20.0,pourcentage pour les metriques exprimees en taux
croissantllm-1.3b,quebec,1d,Norme lexicale : retrouver le mot employe par un locuteur quebecois,macro_f1,performance,13.15,pourcentage pour les metriques exprimees en taux
croissantllm-1.3b,quebec,1d,Norme lexicale : retrouver le mot employe par un locuteur quebecois,majority_class_rate,repere,4.18,pourcentage pour les metriques exprimees en taux
croissantllm-1.3b,quebec,1d,Norme lexicale : retrouver le mot employe par un locuteur quebecois,num_answered,effectif,287.0,pourcentage pour les metriques exprimees en taux
croissantllm-1.3b,quebec,1d,Norme lexicale : retrouver le mot employe par un locuteur quebecois,num_items,effectif,287.0,pourcentage pour les metriques exprimees en taux
croissantllm-1.3b,quebec,1d,Norme lexicale : retrouver le mot employe par un locuteur quebecois,num_off_label,effectif,0.0,pourcentage pour les metriques exprimees en taux
croissantllm-1.3b,quebec,1e,Acceptabilite : juger si une phrase est du francais quebecois acceptable,accuracy,performance,69.3,pourcentage pour les metriques exprimees en taux
croissantllm-1.3b,quebec,1e,Acceptabilite : juger si une phrase est du francais quebecois acceptable,macro_f1,performance,40.93,pourcentage pour les metriques exprimees en taux
croissantllm-1.3b,quebec,1e,Acceptabilite : juger si une phrase est du francais quebecois acceptable,majority_class_rate,repere,69.3,pourcentage pour les metriques exprimees en taux
croissantllm-1.3b,quebec,1e,Acceptabilite : juger si une phrase est du francais quebecois acceptable,num_answered,effectif,1000.0,pourcentage pour les metriques exprimees en taux
croissantllm-1.3b,quebec,1e,Acceptabilite : juger si une phrase est du francais quebecois acceptable,num_items,effectif,1000.0,pourcentage pour les metriques exprimees en taux
croissantllm-1.3b,quebec,1e,Acceptabilite : juger si une phrase est du francais quebecois acceptable,num_off_label,effectif,0.0,pourcentage pour les metriques exprimees en taux
croissantllm-1.3b,quebec,1f,"Paire minimale : preferer la phrase grammaticale, contre un plafond humain",accuracy,performance,48.28,pourcentage pour les metriques exprimees en taux
croissantllm-1.3b,quebec,1f,"Paire minimale : preferer la phrase grammaticale, contre un plafond humain",chance_level,repere,50.0,pourcentage pour les metriques exprimees en taux
croissantllm-1.3b,quebec,1f,"Paire minimale : preferer la phrase grammaticale, contre un plafond humain",human_ceiling,repere,87.42,pourcentage pour les metriques exprimees en taux
croissantllm-1.3b,quebec,1f,"Paire minimale : preferer la phrase grammaticale, contre un plafond humain",macro_f1,performance,32.56,pourcentage pour les metriques exprimees en taux
croissantllm-1.3b,quebec,1f,"Paire minimale : preferer la phrase grammaticale, contre un plafond humain",majority_class_rate,repere,51.72,pourcentage pour les metriques exprimees en taux
croissantllm-1.3b,quebec,1f,"Paire minimale : preferer la phrase grammaticale, contre un plafond humain",num_answered,effectif,524.0,pourcentage pour les metriques exprimees en taux
croissantllm-1.3b,quebec,1f,"Paire minimale : preferer la phrase grammaticale, contre un plafond humain",num_items,effectif,524.0,pourcentage pour les metriques exprimees en taux
croissantllm-1.3b,quebec,1f,"Paire minimale : preferer la phrase grammaticale, contre un plafond humain",num_items_with_ceiling,effectif,524.0,pourcentage pour les metriques exprimees en taux
croissantllm-1.3b,quebec,1f,"Paire minimale : preferer la phrase grammaticale, contre un plafond humain",num_off_label,effectif,0.0,pourcentage pour les metriques exprimees en taux
croissantllm-1.3b,quebec,1h,"Expression quebecoise : reconnaitre le sens d'une expression, hors contexte",abstention_rate,performance,0.0,pourcentage pour les metriques exprimees en taux
croissantllm-1.3b,quebec,1h,"Expression quebecoise : reconnaitre le sens d'une expression, hors contexte",accuracy,performance,21.1,pourcentage pour les metriques exprimees en taux
croissantllm-1.3b,quebec,1h,"Expression quebecoise : reconnaitre le sens d'une expression, hors contexte",accuracy_hors_abstention,performance,21.12,pourcentage pour les metriques exprimees en taux
croissantllm-1.3b,quebec,1h,"Expression quebecoise : reconnaitre le sens d'une expression, hors contexte",chance_level,repere,20.0,pourcentage pour les metriques exprimees en taux
croissantllm-1.3b,quebec,1h,"Expression quebecoise : reconnaitre le sens d'une expression, hors contexte",macro_f1,performance,12.7,pourcentage pour les metriques exprimees en taux
croissantllm-1.3b,quebec,1h,"Expression quebecoise : reconnaitre le sens d'une expression, hors contexte",majority_class_rate,repere,0.3,pourcentage pour les metriques exprimees en taux
croissantllm-1.3b,quebec,1h,"Expression quebecoise : reconnaitre le sens d'une expression, hors contexte",num_answered,effectif,999.0,pourcentage pour les metriques exprimees en taux
croissantllm-1.3b,quebec,1h,"Expression quebecoise : reconnaitre le sens d'une expression, hors contexte",num_items,effectif,1000.0,pourcentage pour les metriques exprimees en taux
croissantllm-1.3b,quebec,1h,"Expression quebecoise : reconnaitre le sens d'une expression, hors contexte",num_off_label,effectif,1.0,pourcentage pour les metriques exprimees en taux
croissantllm-1.3b,quebec,1i,"Terme quebecois : reconnaitre le sens d'un terme, hors contexte",abstention_rate,performance,0.0,pourcentage pour les metriques exprimees en taux
croissantllm-1.3b,quebec,1i,"Terme quebecois : reconnaitre le sens d'un terme, hors contexte",accuracy,performance,18.71,pourcentage pour les metriques exprimees en taux
croissantllm-1.3b,quebec,1i,"Terme quebecois : reconnaitre le sens d'un terme, hors contexte",accuracy_hors_abstention,performance,18.93,pourcentage pour les metriques exprimees en taux
croissantllm-1.3b,quebec,1i,"Terme quebecois : reconnaitre le sens d'un terme, hors contexte",chance_level,repere,20.0,pourcentage pour les metriques exprimees en taux
croissantllm-1.3b,quebec,1i,"Terme quebecois : reconnaitre le sens d'un terme, hors contexte",macro_f1,performance,14.65,pourcentage pour les metriques exprimees en taux
croissantllm-1.3b,quebec,1i,"Terme quebecois : reconnaitre le sens d'un terme, hors contexte",majority_class_rate,repere,0.58,pourcentage pour les metriques exprimees en taux
croissantllm-1.3b,quebec,1i,"Terme quebecois : reconnaitre le sens d'un terme, hors contexte",num_answered,effectif,169.0,pourcentage pour les metriques exprimees en taux
croissantllm-1.3b,quebec,1i,"Terme quebecois : reconnaitre le sens d'un terme, hors contexte",num_items,effectif,171.0,pourcentage pour les metriques exprimees en taux
croissantllm-1.3b,quebec,1i,"Terme quebecois : reconnaitre le sens d'un terme, hors contexte",num_off_label,effectif,2.0,pourcentage pour les metriques exprimees en taux
croissantllm-1.3b,quebec,1j,"Provenance : designer la phrase ecrite par une personne, contre une machine",accuracy,performance,47.7,pourcentage pour les metriques exprimees en taux
croissantllm-1.3b,quebec,1j,"Provenance : designer la phrase ecrite par une personne, contre une machine",chance_level,repere,50.0,pourcentage pour les metriques exprimees en taux
croissantllm-1.3b,quebec,1j,"Provenance : designer la phrase ecrite par une personne, contre une machine",macro_f1,performance,32.46,pourcentage pour les metriques exprimees en taux
croissantllm-1.3b,quebec,1j,"Provenance : designer la phrase ecrite par une personne, contre une machine",majority_class_rate,repere,52.4,pourcentage pour les metriques exprimees en taux
croissantllm-1.3b,quebec,1j,"Provenance : designer la phrase ecrite par une personne, contre une machine",num_answered,effectif,1000.0,pourcentage pour les metriques exprimees en taux
croissantllm-1.3b,quebec,1j,"Provenance : designer la phrase ecrite par une personne, contre une machine",num_items,effectif,1000.0,pourcentage pour les metriques exprimees en taux
croissantllm-1.3b,quebec,1j,"Provenance : designer la phrase ecrite par une personne, contre une machine",num_items_with_rules_choice,effectif,957.0,pourcentage pour les metriques exprimees en taux
croissantllm-1.3b,quebec,1j,"Provenance : designer la phrase ecrite par une personne, contre une machine",num_off_label,effectif,0.0,pourcentage pour les metriques exprimees en taux
croissantllm-1.3b,quebec,1j,"Provenance : designer la phrase ecrite par une personne, contre une machine",rules_baseline_accuracy,repere,50.26,pourcentage pour les metriques exprimees en taux
croissantllm-1.3b,quebec,2a,Camp : gouvernement ou opposition,accuracy,performance,50.0,pourcentage pour les metriques exprimees en taux
croissantllm-1.3b,quebec,2a,Camp : gouvernement ou opposition,attribution_verified_share,repere,0.0,pourcentage pour les metriques exprimees en taux
croissantllm-1.3b,quebec,2a,Camp : gouvernement ou opposition,chance_level,repere,50.0,pourcentage pour les metriques exprimees en taux
croissantllm-1.3b,quebec,2a,Camp : gouvernement ou opposition,macro_f1,performance,33.33,pourcentage pour les metriques exprimees en taux
croissantllm-1.3b,quebec,2a,Camp : gouvernement ou opposition,majority_class_rate,repere,50.0,pourcentage pour les metriques exprimees en taux
croissantllm-1.3b,quebec,2a,Camp : gouvernement ou opposition,num_items,effectif,1000.0,pourcentage pour les metriques exprimees en taux
croissantllm-1.3b,quebec,2a,Camp : gouvernement ou opposition,num_off_label,effectif,0.0,pourcentage pour les metriques exprimees en taux
croissantllm-1.3b,quebec,2a,Camp : gouvernement ou opposition,question_period_share,repere,2.6,pourcentage pour les metriques exprimees en taux
croissantllm-1.3b,quebec,2b,"Parti : lequel, parmi ceux qui siegeaient a cette legislature",accuracy,performance,20.0,pourcentage pour les metriques exprimees en taux
croissantllm-1.3b,quebec,2b,"Parti : lequel, parmi ceux qui siegeaient a cette legislature",attribution_verified_share,repere,100.0,pourcentage pour les metriques exprimees en taux
croissantllm-1.3b,quebec,2b,"Parti : lequel, parmi ceux qui siegeaient a cette legislature",macro_f1,performance,6.67,pourcentage pour les metriques exprimees en taux
croissantllm-1.3b,quebec,2b,"Parti : lequel, parmi ceux qui siegeaient a cette legislature",majority_class_rate,repere,20.0,pourcentage pour les metriques exprimees en taux
croissantllm-1.3b,quebec,2b,"Parti : lequel, parmi ceux qui siegeaient a cette legislature",mean_options,effectif,4.884,pourcentage pour les metriques exprimees en taux
croissantllm-1.3b,quebec,2b,"Parti : lequel, parmi ceux qui siegeaient a cette legislature",num_items,effectif,1000.0,pourcentage pour les metriques exprimees en taux
croissantllm-1.3b,quebec,2b,"Parti : lequel, parmi ceux qui siegeaient a cette legislature",num_off_label,effectif,0.0,pourcentage pour les metriques exprimees en taux
croissantllm-1.3b,quebec,2b,"Parti : lequel, parmi ceux qui siegeaient a cette legislature",question_period_share,repere,1.1,pourcentage pour les metriques exprimees en taux
eurollm-22b,quebec,1a,"Quebecisme : reperer un terme dans un echange, puis en donner le sens",definition_accuracy,performance,97.25,pourcentage pour les metriques exprimees en taux
eurollm-22b,quebec,1a,"Quebecisme : reperer un terme dans un echange, puis en donner le sens",detection_accuracy,performance,22.93,pourcentage pour les metriques exprimees en taux
eurollm-22b,quebec,1a,"Quebecisme : reperer un terme dans un echange, puis en donner le sens",num_definitions_scored,effectif,109.0,pourcentage pour les metriques exprimees en taux
eurollm-22b,quebec,1a,"Quebecisme : reperer un terme dans un echange, puis en donner le sens",num_detected,effectif,122.0,pourcentage pour les metriques exprimees en taux
eurollm-22b,quebec,1a,"Quebecisme : reperer un terme dans un echange, puis en donner le sens",num_items,effectif,532.0,pourcentage pour les metriques exprimees en taux
eurollm-22b,quebec,1a,"Quebecisme : reperer un terme dans un echange, puis en donner le sens",num_no_term,effectif,0.0,pourcentage pour les metriques exprimees en taux
eurollm-22b,quebec,1b,Terminologie parlementaire : reconnaitre le sens d'un terme de procedure,abstention_rate,performance,4.85,pourcentage pour les metriques exprimees en taux
eurollm-22b,quebec,1b,Terminologie parlementaire : reconnaitre le sens d'un terme de procedure,accuracy,performance,92.54,pourcentage pour les metriques exprimees en taux
eurollm-22b,quebec,1b,Terminologie parlementaire : reconnaitre le sens d'un terme de procedure,accuracy_hors_abstention,performance,97.25,pourcentage pour les metriques exprimees en taux
eurollm-22b,quebec,1b,Terminologie parlementaire : reconnaitre le sens d'un terme de procedure,chance_level,repere,20.0,pourcentage pour les metriques exprimees en taux
eurollm-22b,quebec,1b,Terminologie parlementaire : reconnaitre le sens d'un terme de procedure,macro_f1,performance,88.3,pourcentage pour les metriques exprimees en taux
eurollm-22b,quebec,1b,Terminologie parlementaire : reconnaitre le sens d'un terme de procedure,majority_class_rate,repere,2.24,pourcentage pour les metriques exprimees en taux
eurollm-22b,quebec,1b,Terminologie parlementaire : reconnaitre le sens d'un terme de procedure,num_answered,effectif,510.0,pourcentage pour les metriques exprimees en taux
eurollm-22b,quebec,1b,Terminologie parlementaire : reconnaitre le sens d'un terme de procedure,num_items,effectif,536.0,pourcentage pour les metriques exprimees en taux
eurollm-22b,quebec,1b,Terminologie parlementaire : reconnaitre le sens d'un terme de procedure,num_off_label,effectif,0.0,pourcentage pour les metriques exprimees en taux
eurollm-22b,quebec,1c,Reference institutionnelle : produire l'expansion d'un sigle,abstention_rate,performance,49.3,pourcentage pour les metriques exprimees en taux
eurollm-22b,quebec,1c,Reference institutionnelle : produire l'expansion d'un sigle,accuracy,performance,41.4,pourcentage pour les metriques exprimees en taux
eurollm-22b,quebec,1c,Reference institutionnelle : produire l'expansion d'un sigle,containment_verbosity,performance,1.2857142857142858,pourcentage pour les metriques exprimees en taux
eurollm-22b,quebec,1c,Reference institutionnelle : produire l'expansion d'un sigle,num_items,effectif,1000.0,pourcentage pour les metriques exprimees en taux
eurollm-22b,quebec,1c,Reference institutionnelle : produire l'expansion d'un sigle,span_containment,performance,42.7,pourcentage pour les metriques exprimees en taux
eurollm-22b,quebec,1d,Norme lexicale : retrouver le mot employe par un locuteur quebecois,abstention_rate,performance,2.44,pourcentage pour les metriques exprimees en taux
eurollm-22b,quebec,1d,Norme lexicale : retrouver le mot employe par un locuteur quebecois,accuracy,performance,59.23,pourcentage pour les metriques exprimees en taux
eurollm-22b,quebec,1d,Norme lexicale : retrouver le mot employe par un locuteur quebecois,accuracy_hors_abstention,performance,60.71,pourcentage pour les metriques exprimees en taux
eurollm-22b,quebec,1d,Norme lexicale : retrouver le mot employe par un locuteur quebecois,chance_level,repere,20.0,pourcentage pour les metriques exprimees en taux
eurollm-22b,quebec,1d,Norme lexicale : retrouver le mot employe par un locuteur quebecois,macro_f1,performance,37.54,pourcentage pour les metriques exprimees en taux
eurollm-22b,quebec,1d,Norme lexicale : retrouver le mot employe par un locuteur quebecois,majority_class_rate,repere,4.18,pourcentage pour les metriques exprimees en taux
eurollm-22b,quebec,1d,Norme lexicale : retrouver le mot employe par un locuteur quebecois,num_answered,effectif,280.0,pourcentage pour les metriques exprimees en taux
eurollm-22b,quebec,1d,Norme lexicale : retrouver le mot employe par un locuteur quebecois,num_items,effectif,287.0,pourcentage pour les metriques exprimees en taux
eurollm-22b,quebec,1d,Norme lexicale : retrouver le mot employe par un locuteur quebecois,num_off_label,effectif,0.0,pourcentage pour les metriques exprimees en taux
eurollm-22b,quebec,1e,Acceptabilite : juger si une phrase est du francais quebecois acceptable,accuracy,performance,81.7,pourcentage pour les metriques exprimees en taux
eurollm-22b,quebec,1e,Acceptabilite : juger si une phrase est du francais quebecois acceptable,macro_f1,performance,77.76,pourcentage pour les metriques exprimees en taux
eurollm-22b,quebec,1e,Acceptabilite : juger si une phrase est du francais quebecois acceptable,majority_class_rate,repere,69.3,pourcentage pour les metriques exprimees en taux
eurollm-22b,quebec,1e,Acceptabilite : juger si une phrase est du francais quebecois acceptable,num_answered,effectif,1000.0,pourcentage pour les metriques exprimees en taux
eurollm-22b,quebec,1e,Acceptabilite : juger si une phrase est du francais quebecois acceptable,num_items,effectif,1000.0,pourcentage pour les metriques exprimees en taux
eurollm-22b,quebec,1e,Acceptabilite : juger si une phrase est du francais quebecois acceptable,num_off_label,effectif,0.0,pourcentage pour les metriques exprimees en taux
eurollm-22b,quebec,1f,"Paire minimale : preferer la phrase grammaticale, contre un plafond humain",accuracy,performance,87.02,pourcentage pour les metriques exprimees en taux
eurollm-22b,quebec,1f,"Paire minimale : preferer la phrase grammaticale, contre un plafond humain",chance_level,repere,50.0,pourcentage pour les metriques exprimees en taux
eurollm-22b,quebec,1f,"Paire minimale : preferer la phrase grammaticale, contre un plafond humain",human_ceiling,repere,87.42,pourcentage pour les metriques exprimees en taux
eurollm-22b,quebec,1f,"Paire minimale : preferer la phrase grammaticale, contre un plafond humain",macro_f1,performance,86.87,pourcentage pour les metriques exprimees en taux
eurollm-22b,quebec,1f,"Paire minimale : preferer la phrase grammaticale, contre un plafond humain",majority_class_rate,repere,51.72,pourcentage pour les metriques exprimees en taux
eurollm-22b,quebec,1f,"Paire minimale : preferer la phrase grammaticale, contre un plafond humain",num_answered,effectif,524.0,pourcentage pour les metriques exprimees en taux
eurollm-22b,quebec,1f,"Paire minimale : preferer la phrase grammaticale, contre un plafond humain",num_items,effectif,524.0,pourcentage pour les metriques exprimees en taux
eurollm-22b,quebec,1f,"Paire minimale : preferer la phrase grammaticale, contre un plafond humain",num_items_with_ceiling,effectif,524.0,pourcentage pour les metriques exprimees en taux
eurollm-22b,quebec,1f,"Paire minimale : preferer la phrase grammaticale, contre un plafond humain",num_off_label,effectif,0.0,pourcentage pour les metriques exprimees en taux
eurollm-22b,quebec,1h,"Expression quebecoise : reconnaitre le sens d'une expression, hors contexte",abstention_rate,performance,13.0,pourcentage pour les metriques exprimees en taux
eurollm-22b,quebec,1h,"Expression quebecoise : reconnaitre le sens d'une expression, hors contexte",accuracy,performance,65.6,pourcentage pour les metriques exprimees en taux
eurollm-22b,quebec,1h,"Expression quebecoise : reconnaitre le sens d'une expression, hors contexte",accuracy_hors_abstention,performance,75.4,pourcentage pour les metriques exprimees en taux
eurollm-22b,quebec,1h,"Expression quebecoise : reconnaitre le sens d'une expression, hors contexte",chance_level,repere,20.0,pourcentage pour les metriques exprimees en taux
eurollm-22b,quebec,1h,"Expression quebecoise : reconnaitre le sens d'une expression, hors contexte",macro_f1,performance,56.42,pourcentage pour les metriques exprimees en taux
eurollm-22b,quebec,1h,"Expression quebecoise : reconnaitre le sens d'une expression, hors contexte",majority_class_rate,repere,0.3,pourcentage pour les metriques exprimees en taux
eurollm-22b,quebec,1h,"Expression quebecoise : reconnaitre le sens d'une expression, hors contexte",num_answered,effectif,870.0,pourcentage pour les metriques exprimees en taux
eurollm-22b,quebec,1h,"Expression quebecoise : reconnaitre le sens d'une expression, hors contexte",num_items,effectif,1000.0,pourcentage pour les metriques exprimees en taux
eurollm-22b,quebec,1h,"Expression quebecoise : reconnaitre le sens d'une expression, hors contexte",num_off_label,effectif,0.0,pourcentage pour les metriques exprimees en taux
eurollm-22b,quebec,1i,"Terme quebecois : reconnaitre le sens d'un terme, hors contexte",abstention_rate,performance,9.36,pourcentage pour les metriques exprimees en taux
eurollm-22b,quebec,1i,"Terme quebecois : reconnaitre le sens d'un terme, hors contexte",accuracy,performance,82.46,pourcentage pour les metriques exprimees en taux
eurollm-22b,quebec,1i,"Terme quebecois : reconnaitre le sens d'un terme, hors contexte",accuracy_hors_abstention,performance,90.97,pourcentage pour les metriques exprimees en taux
eurollm-22b,quebec,1i,"Terme quebecois : reconnaitre le sens d'un terme, hors contexte",chance_level,repere,20.0,pourcentage pour les metriques exprimees en taux
eurollm-22b,quebec,1i,"Terme quebecois : reconnaitre le sens d'un terme, hors contexte",macro_f1,performance,79.38,pourcentage pour les metriques exprimees en taux
eurollm-22b,quebec,1i,"Terme quebecois : reconnaitre le sens d'un terme, hors contexte",majority_class_rate,repere,0.58,pourcentage pour les metriques exprimees en taux
eurollm-22b,quebec,1i,"Terme quebecois : reconnaitre le sens d'un terme, hors contexte",num_answered,effectif,155.0,pourcentage pour les metriques exprimees en taux
eurollm-22b,quebec,1i,"Terme quebecois : reconnaitre le sens d'un terme, hors contexte",num_items,effectif,171.0,pourcentage pour les metriques exprimees en taux
eurollm-22b,quebec,1i,"Terme quebecois : reconnaitre le sens d'un terme, hors contexte",num_off_label,effectif,0.0,pourcentage pour les metriques exprimees en taux
eurollm-22b,quebec,1j,"Provenance : designer la phrase ecrite par une personne, contre une machine",accuracy,performance,41.2,pourcentage pour les metriques exprimees en taux
eurollm-22b,quebec,1j,"Provenance : designer la phrase ecrite par une personne, contre une machine",chance_level,repere,50.0,pourcentage pour les metriques exprimees en taux
eurollm-22b,quebec,1j,"Provenance : designer la phrase ecrite par une personne, contre une machine",macro_f1,performance,32.56,pourcentage pour les metriques exprimees en taux
eurollm-22b,quebec,1j,"Provenance : designer la phrase ecrite par une personne, contre une machine",majority_class_rate,repere,52.4,pourcentage pour les metriques exprimees en taux
eurollm-22b,quebec,1j,"Provenance : designer la phrase ecrite par une personne, contre une machine",num_answered,effectif,1000.0,pourcentage pour les metriques exprimees en taux
eurollm-22b,quebec,1j,"Provenance : designer la phrase ecrite par une personne, contre une machine",num_items,effectif,1000.0,pourcentage pour les metriques exprimees en taux
eurollm-22b,quebec,1j,"Provenance : designer la phrase ecrite par une personne, contre une machine",num_items_with_rules_choice,effectif,957.0,pourcentage pour les metriques exprimees en taux
eurollm-22b,quebec,1j,"Provenance : designer la phrase ecrite par une personne, contre une machine",num_off_label,effectif,0.0,pourcentage pour les metriques exprimees en taux
eurollm-22b,quebec,1j,"Provenance : designer la phrase ecrite par une personne, contre une machine",rules_baseline_accuracy,repere,50.26,pourcentage pour les metriques exprimees en taux
eurollm-22b,quebec,2a,Camp : gouvernement ou opposition,accuracy,performance,75.0,pourcentage pour les metriques exprimees en taux
eurollm-22b,quebec,2a,Camp : gouvernement ou opposition,attribution_verified_share,repere,0.0,pourcentage pour les metriques exprimees en taux
eurollm-22b,quebec,2a,Camp : gouvernement ou opposition,chance_level,repere,50.0,pourcentage pour les metriques exprimees en taux
eurollm-22b,quebec,2a,Camp : gouvernement ou opposition,macro_f1,performance,74.67,pourcentage pour les metriques exprimees en taux
eurollm-22b,quebec,2a,Camp : gouvernement ou opposition,majority_class_rate,repere,50.0,pourcentage pour les metriques exprimees en taux
eurollm-22b,quebec,2a,Camp : gouvernement ou opposition,num_items,effectif,1000.0,pourcentage pour les metriques exprimees en taux
eurollm-22b,quebec,2a,Camp : gouvernement ou opposition,num_off_label,effectif,0.0,pourcentage pour les metriques exprimees en taux
eurollm-22b,quebec,2a,Camp : gouvernement ou opposition,question_period_share,repere,2.6,pourcentage pour les metriques exprimees en taux
eurollm-22b,quebec,2b,"Parti : lequel, parmi ceux qui siegeaient a cette legislature",accuracy,performance,25.9,pourcentage pour les metriques exprimees en taux
eurollm-22b,quebec,2b,"Parti : lequel, parmi ceux qui siegeaient a cette legislature",attribution_verified_share,repere,100.0,pourcentage pour les metriques exprimees en taux
eurollm-22b,quebec,2b,"Parti : lequel, parmi ceux qui siegeaient a cette legislature",macro_f1,performance,19.99,pourcentage pour les metriques exprimees en taux
eurollm-22b,quebec,2b,"Parti : lequel, parmi ceux qui siegeaient a cette legislature",majority_class_rate,repere,20.0,pourcentage pour les metriques exprimees en taux
eurollm-22b,quebec,2b,"Parti : lequel, parmi ceux qui siegeaient a cette legislature",mean_options,effectif,4.884,pourcentage pour les metriques exprimees en taux
eurollm-22b,quebec,2b,"Parti : lequel, parmi ceux qui siegeaient a cette legislature",num_items,effectif,1000.0,pourcentage pour les metriques exprimees en taux
eurollm-22b,quebec,2b,"Parti : lequel, parmi ceux qui siegeaient a cette legislature",num_off_label,effectif,0.0,pourcentage pour les metriques exprimees en taux
eurollm-22b,quebec,2b,"Parti : lequel, parmi ceux qui siegeaient a cette legislature",question_period_share,repere,1.1,pourcentage pour les metriques exprimees en taux
eurollm-9b,quebec,1a,"Quebecisme : reperer un terme dans un echange, puis en donner le sens",definition_accuracy,performance,97.89,pourcentage pour les metriques exprimees en taux
eurollm-9b,quebec,1a,"Quebecisme : reperer un terme dans un echange, puis en donner le sens",detection_accuracy,performance,21.24,pourcentage pour les metriques exprimees en taux
eurollm-9b,quebec,1a,"Quebecisme : reperer un terme dans un echange, puis en donner le sens",num_definitions_scored,effectif,95.0,pourcentage pour les metriques exprimees en taux
eurollm-9b,quebec,1a,"Quebecisme : reperer un terme dans un echange, puis en donner le sens",num_detected,effectif,113.0,pourcentage pour les metriques exprimees en taux
eurollm-9b,quebec,1a,"Quebecisme : reperer un terme dans un echange, puis en donner le sens",num_items,effectif,532.0,pourcentage pour les metriques exprimees en taux
eurollm-9b,quebec,1a,"Quebecisme : reperer un terme dans un echange, puis en donner le sens",num_no_term,effectif,0.0,pourcentage pour les metriques exprimees en taux
eurollm-9b,quebec,1b,Terminologie parlementaire : reconnaitre le sens d'un terme de procedure,abstention_rate,performance,1.68,pourcentage pour les metriques exprimees en taux
eurollm-9b,quebec,1b,Terminologie parlementaire : reconnaitre le sens d'un terme de procedure,accuracy,performance,93.1,pourcentage pour les metriques exprimees en taux
eurollm-9b,quebec,1b,Terminologie parlementaire : reconnaitre le sens d'un terme de procedure,accuracy_hors_abstention,performance,94.69,pourcentage pour les metriques exprimees en taux
eurollm-9b,quebec,1b,Terminologie parlementaire : reconnaitre le sens d'un terme de procedure,chance_level,repere,20.0,pourcentage pour les metriques exprimees en taux
eurollm-9b,quebec,1b,Terminologie parlementaire : reconnaitre le sens d'un terme de procedure,macro_f1,performance,85.7,pourcentage pour les metriques exprimees en taux
eurollm-9b,quebec,1b,Terminologie parlementaire : reconnaitre le sens d'un terme de procedure,majority_class_rate,repere,2.24,pourcentage pour les metriques exprimees en taux
eurollm-9b,quebec,1b,Terminologie parlementaire : reconnaitre le sens d'un terme de procedure,num_answered,effectif,527.0,pourcentage pour les metriques exprimees en taux
eurollm-9b,quebec,1b,Terminologie parlementaire : reconnaitre le sens d'un terme de procedure,num_items,effectif,536.0,pourcentage pour les metriques exprimees en taux
eurollm-9b,quebec,1b,Terminologie parlementaire : reconnaitre le sens d'un terme de procedure,num_off_label,effectif,0.0,pourcentage pour les metriques exprimees en taux
eurollm-9b,quebec,1c,Reference institutionnelle : produire l'expansion d'un sigle,abstention_rate,performance,60.1,pourcentage pour les metriques exprimees en taux
eurollm-9b,quebec,1c,Reference institutionnelle : produire l'expansion d'un sigle,accuracy,performance,19.2,pourcentage pour les metriques exprimees en taux
eurollm-9b,quebec,1c,Reference institutionnelle : produire l'expansion d'un sigle,containment_verbosity,performance,1.3333333333333333,pourcentage pour les metriques exprimees en taux
eurollm-9b,quebec,1c,Reference institutionnelle : produire l'expansion d'un sigle,num_items,effectif,1000.0,pourcentage pour les metriques exprimees en taux
eurollm-9b,quebec,1c,Reference institutionnelle : produire l'expansion d'un sigle,span_containment,performance,27.4,pourcentage pour les metriques exprimees en taux
eurollm-9b,quebec,1d,Norme lexicale : retrouver le mot employe par un locuteur quebecois,abstention_rate,performance,1.74,pourcentage pour les metriques exprimees en taux
eurollm-9b,quebec,1d,Norme lexicale : retrouver le mot employe par un locuteur quebecois,accuracy,performance,56.1,pourcentage pour les metriques exprimees en taux
eurollm-9b,quebec,1d,Norme lexicale : retrouver le mot employe par un locuteur quebecois,accuracy_hors_abstention,performance,57.09,pourcentage pour les metriques exprimees en taux
eurollm-9b,quebec,1d,Norme lexicale : retrouver le mot employe par un locuteur quebecois,chance_level,repere,20.0,pourcentage pour les metriques exprimees en taux
eurollm-9b,quebec,1d,Norme lexicale : retrouver le mot employe par un locuteur quebecois,macro_f1,performance,31.6,pourcentage pour les metriques exprimees en taux
eurollm-9b,quebec,1d,Norme lexicale : retrouver le mot employe par un locuteur quebecois,majority_class_rate,repere,4.18,pourcentage pour les metriques exprimees en taux
eurollm-9b,quebec,1d,Norme lexicale : retrouver le mot employe par un locuteur quebecois,num_answered,effectif,282.0,pourcentage pour les metriques exprimees en taux
eurollm-9b,quebec,1d,Norme lexicale : retrouver le mot employe par un locuteur quebecois,num_items,effectif,287.0,pourcentage pour les metriques exprimees en taux
eurollm-9b,quebec,1d,Norme lexicale : retrouver le mot employe par un locuteur quebecois,num_off_label,effectif,0.0,pourcentage pour les metriques exprimees en taux
eurollm-9b,quebec,1e,Acceptabilite : juger si une phrase est du francais quebecois acceptable,accuracy,performance,75.9,pourcentage pour les metriques exprimees en taux
eurollm-9b,quebec,1e,Acceptabilite : juger si une phrase est du francais quebecois acceptable,macro_f1,performance,60.61,pourcentage pour les metriques exprimees en taux
eurollm-9b,quebec,1e,Acceptabilite : juger si une phrase est du francais quebecois acceptable,majority_class_rate,repere,69.3,pourcentage pour les metriques exprimees en taux
eurollm-9b,quebec,1e,Acceptabilite : juger si une phrase est du francais quebecois acceptable,num_answered,effectif,1000.0,pourcentage pour les metriques exprimees en taux
eurollm-9b,quebec,1e,Acceptabilite : juger si une phrase est du francais quebecois acceptable,num_items,effectif,1000.0,pourcentage pour les metriques exprimees en taux
eurollm-9b,quebec,1e,Acceptabilite : juger si une phrase est du francais quebecois acceptable,num_off_label,effectif,0.0,pourcentage pour les metriques exprimees en taux
eurollm-9b,quebec,1f,"Paire minimale : preferer la phrase grammaticale, contre un plafond humain",accuracy,performance,61.64,pourcentage pour les metriques exprimees en taux
eurollm-9b,quebec,1f,"Paire minimale : preferer la phrase grammaticale, contre un plafond humain",chance_level,repere,50.0,pourcentage pour les metriques exprimees en taux
eurollm-9b,quebec,1f,"Paire minimale : preferer la phrase grammaticale, contre un plafond humain",human_ceiling,repere,87.42,pourcentage pour les metriques exprimees en taux
eurollm-9b,quebec,1f,"Paire minimale : preferer la phrase grammaticale, contre un plafond humain",macro_f1,performance,59.63,pourcentage pour les metriques exprimees en taux
eurollm-9b,quebec,1f,"Paire minimale : preferer la phrase grammaticale, contre un plafond humain",majority_class_rate,repere,51.72,pourcentage pour les metriques exprimees en taux
eurollm-9b,quebec,1f,"Paire minimale : preferer la phrase grammaticale, contre un plafond humain",num_answered,effectif,524.0,pourcentage pour les metriques exprimees en taux
eurollm-9b,quebec,1f,"Paire minimale : preferer la phrase grammaticale, contre un plafond humain",num_items,effectif,524.0,pourcentage pour les metriques exprimees en taux
eurollm-9b,quebec,1f,"Paire minimale : preferer la phrase grammaticale, contre un plafond humain",num_items_with_ceiling,effectif,524.0,pourcentage pour les metriques exprimees en taux
eurollm-9b,quebec,1f,"Paire minimale : preferer la phrase grammaticale, contre un plafond humain",num_off_label,effectif,0.0,pourcentage pour les metriques exprimees en taux
eurollm-9b,quebec,1h,"Expression quebecoise : reconnaitre le sens d'une expression, hors contexte",abstention_rate,performance,0.2,pourcentage pour les metriques exprimees en taux
eurollm-9b,quebec,1h,"Expression quebecoise : reconnaitre le sens d'une expression, hors contexte",accuracy,performance,60.6,pourcentage pour les metriques exprimees en taux
eurollm-9b,quebec,1h,"Expression quebecoise : reconnaitre le sens d'une expression, hors contexte",accuracy_hors_abstention,performance,60.72,pourcentage pour les metriques exprimees en taux
eurollm-9b,quebec,1h,"Expression quebecoise : reconnaitre le sens d'une expression, hors contexte",chance_level,repere,20.0,pourcentage pour les metriques exprimees en taux
eurollm-9b,quebec,1h,"Expression quebecoise : reconnaitre le sens d'une expression, hors contexte",macro_f1,performance,46.41,pourcentage pour les metriques exprimees en taux
eurollm-9b,quebec,1h,"Expression quebecoise : reconnaitre le sens d'une expression, hors contexte",majority_class_rate,repere,0.3,pourcentage pour les metriques exprimees en taux
eurollm-9b,quebec,1h,"Expression quebecoise : reconnaitre le sens d'une expression, hors contexte",num_answered,effectif,998.0,pourcentage pour les metriques exprimees en taux
eurollm-9b,quebec,1h,"Expression quebecoise : reconnaitre le sens d'une expression, hors contexte",num_items,effectif,1000.0,pourcentage pour les metriques exprimees en taux
eurollm-9b,quebec,1h,"Expression quebecoise : reconnaitre le sens d'une expression, hors contexte",num_off_label,effectif,0.0,pourcentage pour les metriques exprimees en taux
eurollm-9b,quebec,1i,"Terme quebecois : reconnaitre le sens d'un terme, hors contexte",abstention_rate,performance,0.0,pourcentage pour les metriques exprimees en taux
eurollm-9b,quebec,1i,"Terme quebecois : reconnaitre le sens d'un terme, hors contexte",accuracy,performance,67.25,pourcentage pour les metriques exprimees en taux
eurollm-9b,quebec,1i,"Terme quebecois : reconnaitre le sens d'un terme, hors contexte",accuracy_hors_abstention,performance,67.25,pourcentage pour les metriques exprimees en taux
eurollm-9b,quebec,1i,"Terme quebecois : reconnaitre le sens d'un terme, hors contexte",chance_level,repere,20.0,pourcentage pour les metriques exprimees en taux
eurollm-9b,quebec,1i,"Terme quebecois : reconnaitre le sens d'un terme, hors contexte",macro_f1,performance,61.64,pourcentage pour les metriques exprimees en taux
eurollm-9b,quebec,1i,"Terme quebecois : reconnaitre le sens d'un terme, hors contexte",majority_class_rate,repere,0.58,pourcentage pour les metriques exprimees en taux
eurollm-9b,quebec,1i,"Terme quebecois : reconnaitre le sens d'un terme, hors contexte",num_answered,effectif,171.0,pourcentage pour les metriques exprimees en taux
eurollm-9b,quebec,1i,"Terme quebecois : reconnaitre le sens d'un terme, hors contexte",num_items,effectif,171.0,pourcentage pour les metriques exprimees en taux
eurollm-9b,quebec,1i,"Terme quebecois : reconnaitre le sens d'un terme, hors contexte",num_off_label,effectif,0.0,pourcentage pour les metriques exprimees en taux
eurollm-9b,quebec,1j,"Provenance : designer la phrase ecrite par une personne, contre une machine",accuracy,performance,51.1,pourcentage pour les metriques exprimees en taux
eurollm-9b,quebec,1j,"Provenance : designer la phrase ecrite par une personne, contre une machine",chance_level,repere,50.0,pourcentage pour les metriques exprimees en taux
eurollm-9b,quebec,1j,"Provenance : designer la phrase ecrite par une personne, contre une machine",macro_f1,performance,39.69,pourcentage pour les metriques exprimees en taux
eurollm-9b,quebec,1j,"Provenance : designer la phrase ecrite par une personne, contre une machine",majority_class_rate,repere,52.4,pourcentage pour les metriques exprimees en taux
eurollm-9b,quebec,1j,"Provenance : designer la phrase ecrite par une personne, contre une machine",num_answered,effectif,1000.0,pourcentage pour les metriques exprimees en taux
eurollm-9b,quebec,1j,"Provenance : designer la phrase ecrite par une personne, contre une machine",num_items,effectif,1000.0,pourcentage pour les metriques exprimees en taux
eurollm-9b,quebec,1j,"Provenance : designer la phrase ecrite par une personne, contre une machine",num_items_with_rules_choice,effectif,957.0,pourcentage pour les metriques exprimees en taux
eurollm-9b,quebec,1j,"Provenance : designer la phrase ecrite par une personne, contre une machine",num_off_label,effectif,0.0,pourcentage pour les metriques exprimees en taux
eurollm-9b,quebec,1j,"Provenance : designer la phrase ecrite par une personne, contre une machine",rules_baseline_accuracy,repere,50.26,pourcentage pour les metriques exprimees en taux
eurollm-9b,quebec,2a,Camp : gouvernement ou opposition,accuracy,performance,70.0,pourcentage pour les metriques exprimees en taux
eurollm-9b,quebec,2a,Camp : gouvernement ou opposition,attribution_verified_share,repere,0.0,pourcentage pour les metriques exprimees en taux
eurollm-9b,quebec,2a,Camp : gouvernement ou opposition,chance_level,repere,50.0,pourcentage pour les metriques exprimees en taux
eurollm-9b,quebec,2a,Camp : gouvernement ou opposition,macro_f1,performance,69.91,pourcentage pour les metriques exprimees en taux
eurollm-9b,quebec,2a,Camp : gouvernement ou opposition,majority_class_rate,repere,50.0,pourcentage pour les metriques exprimees en taux
eurollm-9b,quebec,2a,Camp : gouvernement ou opposition,num_items,effectif,1000.0,pourcentage pour les metriques exprimees en taux
eurollm-9b,quebec,2a,Camp : gouvernement ou opposition,num_off_label,effectif,0.0,pourcentage pour les metriques exprimees en taux
eurollm-9b,quebec,2a,Camp : gouvernement ou opposition,question_period_share,repere,2.6,pourcentage pour les metriques exprimees en taux
eurollm-9b,quebec,2b,"Parti : lequel, parmi ceux qui siegeaient a cette legislature",accuracy,performance,24.2,pourcentage pour les metriques exprimees en taux
eurollm-9b,quebec,2b,"Parti : lequel, parmi ceux qui siegeaient a cette legislature",attribution_verified_share,repere,100.0,pourcentage pour les metriques exprimees en taux
eurollm-9b,quebec,2b,"Parti : lequel, parmi ceux qui siegeaient a cette legislature",macro_f1,performance,17.42,pourcentage pour les metriques exprimees en taux
eurollm-9b,quebec,2b,"Parti : lequel, parmi ceux qui siegeaient a cette legislature",majority_class_rate,repere,20.0,pourcentage pour les metriques exprimees en taux
eurollm-9b,quebec,2b,"Parti : lequel, parmi ceux qui siegeaient a cette legislature",mean_options,effectif,4.884,pourcentage pour les metriques exprimees en taux
eurollm-9b,quebec,2b,"Parti : lequel, parmi ceux qui siegeaient a cette legislature",num_items,effectif,1000.0,pourcentage pour les metriques exprimees en taux
eurollm-9b,quebec,2b,"Parti : lequel, parmi ceux qui siegeaient a cette legislature",num_off_label,effectif,0.0,pourcentage pour les metriques exprimees en taux
eurollm-9b,quebec,2b,"Parti : lequel, parmi ceux qui siegeaient a cette legislature",question_period_share,repere,1.1,pourcentage pour les metriques exprimees en taux
gemma3-27b,quebec,1a,"Quebecisme : reperer un terme dans un echange, puis en donner le sens",definition_accuracy,performance,83.56,pourcentage pour les metriques exprimees en taux
gemma3-27b,quebec,1a,"Quebecisme : reperer un terme dans un echange, puis en donner le sens",detection_accuracy,performance,16.35,pourcentage pour les metriques exprimees en taux
gemma3-27b,quebec,1a,"Quebecisme : reperer un terme dans un echange, puis en donner le sens",num_definitions_scored,effectif,73.0,pourcentage pour les metriques exprimees en taux
gemma3-27b,quebec,1a,"Quebecisme : reperer un terme dans un echange, puis en donner le sens",num_detected,effectif,87.0,pourcentage pour les metriques exprimees en taux
gemma3-27b,quebec,1a,"Quebecisme : reperer un terme dans un echange, puis en donner le sens",num_items,effectif,532.0,pourcentage pour les metriques exprimees en taux
gemma3-27b,quebec,1a,"Quebecisme : reperer un terme dans un echange, puis en donner le sens",num_no_term,effectif,0.0,pourcentage pour les metriques exprimees en taux
gemma3-27b,quebec,1b,Terminologie parlementaire : reconnaitre le sens d'un terme de procedure,abstention_rate,performance,9.33,pourcentage pour les metriques exprimees en taux
gemma3-27b,quebec,1b,Terminologie parlementaire : reconnaitre le sens d'un terme de procedure,accuracy,performance,89.18,pourcentage pour les metriques exprimees en taux
gemma3-27b,quebec,1b,Terminologie parlementaire : reconnaitre le sens d'un terme de procedure,accuracy_hors_abstention,performance,98.35,pourcentage pour les metriques exprimees en taux
gemma3-27b,quebec,1b,Terminologie parlementaire : reconnaitre le sens d'un terme de procedure,chance_level,repere,20.0,pourcentage pour les metriques exprimees en taux
gemma3-27b,quebec,1b,Terminologie parlementaire : reconnaitre le sens d'un terme de procedure,macro_f1,performance,85.0,pourcentage pour les metriques exprimees en taux
gemma3-27b,quebec,1b,Terminologie parlementaire : reconnaitre le sens d'un terme de procedure,majority_class_rate,repere,2.24,pourcentage pour les metriques exprimees en taux
gemma3-27b,quebec,1b,Terminologie parlementaire : reconnaitre le sens d'un terme de procedure,num_answered,effectif,486.0,pourcentage pour les metriques exprimees en taux
gemma3-27b,quebec,1b,Terminologie parlementaire : reconnaitre le sens d'un terme de procedure,num_items,effectif,536.0,pourcentage pour les metriques exprimees en taux
gemma3-27b,quebec,1b,Terminologie parlementaire : reconnaitre le sens d'un terme de procedure,num_off_label,effectif,0.0,pourcentage pour les metriques exprimees en taux
gemma3-27b,quebec,1c,Reference institutionnelle : produire l'expansion d'un sigle,abstention_rate,performance,0.0,pourcentage pour les metriques exprimees en taux
gemma3-27b,quebec,1c,Reference institutionnelle : produire l'expansion d'un sigle,accuracy,performance,75.3,pourcentage pour les metriques exprimees en taux
gemma3-27b,quebec,1c,Reference institutionnelle : produire l'expansion d'un sigle,containment_verbosity,performance,1.3333333333333333,pourcentage pour les metriques exprimees en taux
gemma3-27b,quebec,1c,Reference institutionnelle : produire l'expansion d'un sigle,num_items,effectif,1000.0,pourcentage pour les metriques exprimees en taux
gemma3-27b,quebec,1c,Reference institutionnelle : produire l'expansion d'un sigle,span_containment,performance,75.4,pourcentage pour les metriques exprimees en taux
gemma3-27b,quebec,1d,Norme lexicale : retrouver le mot employe par un locuteur quebecois,abstention_rate,performance,15.33,pourcentage pour les metriques exprimees en taux
gemma3-27b,quebec,1d,Norme lexicale : retrouver le mot employe par un locuteur quebecois,accuracy,performance,57.49,pourcentage pour les metriques exprimees en taux
gemma3-27b,quebec,1d,Norme lexicale : retrouver le mot employe par un locuteur quebecois,accuracy_hors_abstention,performance,71.43,pourcentage pour les metriques exprimees en taux
gemma3-27b,quebec,1d,Norme lexicale : retrouver le mot employe par un locuteur quebecois,chance_level,repere,20.0,pourcentage pour les metriques exprimees en taux
gemma3-27b,quebec,1d,Norme lexicale : retrouver le mot employe par un locuteur quebecois,macro_f1,performance,34.59,pourcentage pour les metriques exprimees en taux
gemma3-27b,quebec,1d,Norme lexicale : retrouver le mot employe par un locuteur quebecois,majority_class_rate,repere,4.18,pourcentage pour les metriques exprimees en taux
gemma3-27b,quebec,1d,Norme lexicale : retrouver le mot employe par un locuteur quebecois,num_answered,effectif,231.0,pourcentage pour les metriques exprimees en taux
gemma3-27b,quebec,1d,Norme lexicale : retrouver le mot employe par un locuteur quebecois,num_items,effectif,287.0,pourcentage pour les metriques exprimees en taux
gemma3-27b,quebec,1d,Norme lexicale : retrouver le mot employe par un locuteur quebecois,num_off_label,effectif,12.0,pourcentage pour les metriques exprimees en taux
gemma3-27b,quebec,1e,Acceptabilite : juger si une phrase est du francais quebecois acceptable,accuracy,performance,80.8,pourcentage pour les metriques exprimees en taux
gemma3-27b,quebec,1e,Acceptabilite : juger si une phrase est du francais quebecois acceptable,macro_f1,performance,74.26,pourcentage pour les metriques exprimees en taux
gemma3-27b,quebec,1e,Acceptabilite : juger si une phrase est du francais quebecois acceptable,majority_class_rate,repere,69.3,pourcentage pour les metriques exprimees en taux
gemma3-27b,quebec,1e,Acceptabilite : juger si une phrase est du francais quebecois acceptable,num_answered,effectif,1000.0,pourcentage pour les metriques exprimees en taux
gemma3-27b,quebec,1e,Acceptabilite : juger si une phrase est du francais quebecois acceptable,num_items,effectif,1000.0,pourcentage pour les metriques exprimees en taux
gemma3-27b,quebec,1e,Acceptabilite : juger si une phrase est du francais quebecois acceptable,num_off_label,effectif,0.0,pourcentage pour les metriques exprimees en taux
gemma3-27b,quebec,1f,"Paire minimale : preferer la phrase grammaticale, contre un plafond humain",accuracy,performance,85.31,pourcentage pour les metriques exprimees en taux
gemma3-27b,quebec,1f,"Paire minimale : preferer la phrase grammaticale, contre un plafond humain",chance_level,repere,50.0,pourcentage pour les metriques exprimees en taux
gemma3-27b,quebec,1f,"Paire minimale : preferer la phrase grammaticale, contre un plafond humain",human_ceiling,repere,87.42,pourcentage pour les metriques exprimees en taux
gemma3-27b,quebec,1f,"Paire minimale : preferer la phrase grammaticale, contre un plafond humain",macro_f1,performance,85.12,pourcentage pour les metriques exprimees en taux
gemma3-27b,quebec,1f,"Paire minimale : preferer la phrase grammaticale, contre un plafond humain",majority_class_rate,repere,51.72,pourcentage pour les metriques exprimees en taux
gemma3-27b,quebec,1f,"Paire minimale : preferer la phrase grammaticale, contre un plafond humain",num_answered,effectif,524.0,pourcentage pour les metriques exprimees en taux
gemma3-27b,quebec,1f,"Paire minimale : preferer la phrase grammaticale, contre un plafond humain",num_items,effectif,524.0,pourcentage pour les metriques exprimees en taux
gemma3-27b,quebec,1f,"Paire minimale : preferer la phrase grammaticale, contre un plafond humain",num_items_with_ceiling,effectif,524.0,pourcentage pour les metriques exprimees en taux
gemma3-27b,quebec,1f,"Paire minimale : preferer la phrase grammaticale, contre un plafond humain",num_off_label,effectif,0.0,pourcentage pour les metriques exprimees en taux
gemma3-27b,quebec,1h,"Expression quebecoise : reconnaitre le sens d'une expression, hors contexte",abstention_rate,performance,6.4,pourcentage pour les metriques exprimees en taux
gemma3-27b,quebec,1h,"Expression quebecoise : reconnaitre le sens d'une expression, hors contexte",accuracy,performance,66.0,pourcentage pour les metriques exprimees en taux
gemma3-27b,quebec,1h,"Expression quebecoise : reconnaitre le sens d'une expression, hors contexte",accuracy_hors_abstention,performance,70.51,pourcentage pour les metriques exprimees en taux
gemma3-27b,quebec,1h,"Expression quebecoise : reconnaitre le sens d'une expression, hors contexte",chance_level,repere,20.0,pourcentage pour les metriques exprimees en taux
gemma3-27b,quebec,1h,"Expression quebecoise : reconnaitre le sens d'une expression, hors contexte",macro_f1,performance,54.24,pourcentage pour les metriques exprimees en taux
gemma3-27b,quebec,1h,"Expression quebecoise : reconnaitre le sens d'une expression, hors contexte",majority_class_rate,repere,0.3,pourcentage pour les metriques exprimees en taux
gemma3-27b,quebec,1h,"Expression quebecoise : reconnaitre le sens d'une expression, hors contexte",num_answered,effectif,936.0,pourcentage pour les metriques exprimees en taux
gemma3-27b,quebec,1h,"Expression quebecoise : reconnaitre le sens d'une expression, hors contexte",num_items,effectif,1000.0,pourcentage pour les metriques exprimees en taux
gemma3-27b,quebec,1h,"Expression quebecoise : reconnaitre le sens d'une expression, hors contexte",num_off_label,effectif,0.0,pourcentage pour les metriques exprimees en taux
gemma3-27b,quebec,1i,"Terme quebecois : reconnaitre le sens d'un terme, hors contexte",abstention_rate,performance,5.26,pourcentage pour les metriques exprimees en taux
gemma3-27b,quebec,1i,"Terme quebecois : reconnaitre le sens d'un terme, hors contexte",accuracy,performance,73.68,pourcentage pour les metriques exprimees en taux
gemma3-27b,quebec,1i,"Terme quebecois : reconnaitre le sens d'un terme, hors contexte",accuracy_hors_abstention,performance,77.78,pourcentage pour les metriques exprimees en taux
gemma3-27b,quebec,1i,"Terme quebecois : reconnaitre le sens d'un terme, hors contexte",chance_level,repere,20.0,pourcentage pour les metriques exprimees en taux
gemma3-27b,quebec,1i,"Terme quebecois : reconnaitre le sens d'un terme, hors contexte",macro_f1,performance,68.2,pourcentage pour les metriques exprimees en taux
gemma3-27b,quebec,1i,"Terme quebecois : reconnaitre le sens d'un terme, hors contexte",majority_class_rate,repere,0.58,pourcentage pour les metriques exprimees en taux
gemma3-27b,quebec,1i,"Terme quebecois : reconnaitre le sens d'un terme, hors contexte",num_answered,effectif,162.0,pourcentage pour les metriques exprimees en taux
gemma3-27b,quebec,1i,"Terme quebecois : reconnaitre le sens d'un terme, hors contexte",num_items,effectif,171.0,pourcentage pour les metriques exprimees en taux
gemma3-27b,quebec,1i,"Terme quebecois : reconnaitre le sens d'un terme, hors contexte",num_off_label,effectif,0.0,pourcentage pour les metriques exprimees en taux
gemma3-27b,quebec,1j,"Provenance : designer la phrase ecrite par une personne, contre une machine",accuracy,performance,68.1,pourcentage pour les metriques exprimees en taux
gemma3-27b,quebec,1j,"Provenance : designer la phrase ecrite par une personne, contre une machine",chance_level,repere,50.0,pourcentage pour les metriques exprimees en taux
gemma3-27b,quebec,1j,"Provenance : designer la phrase ecrite par une personne, contre une machine",macro_f1,performance,67.63,pourcentage pour les metriques exprimees en taux
gemma3-27b,quebec,1j,"Provenance : designer la phrase ecrite par une personne, contre une machine",majority_class_rate,repere,52.4,pourcentage pour les metriques exprimees en taux
gemma3-27b,quebec,1j,"Provenance : designer la phrase ecrite par une personne, contre une machine",num_answered,effectif,1000.0,pourcentage pour les metriques exprimees en taux
gemma3-27b,quebec,1j,"Provenance : designer la phrase ecrite par une personne, contre une machine",num_items,effectif,1000.0,pourcentage pour les metriques exprimees en taux
gemma3-27b,quebec,1j,"Provenance : designer la phrase ecrite par une personne, contre une machine",num_items_with_rules_choice,effectif,957.0,pourcentage pour les metriques exprimees en taux
gemma3-27b,quebec,1j,"Provenance : designer la phrase ecrite par une personne, contre une machine",num_off_label,effectif,0.0,pourcentage pour les metriques exprimees en taux
gemma3-27b,quebec,1j,"Provenance : designer la phrase ecrite par une personne, contre une machine",rules_baseline_accuracy,repere,50.26,pourcentage pour les metriques exprimees en taux
gemma3-27b,quebec,2a,Camp : gouvernement ou opposition,accuracy,performance,82.9,pourcentage pour les metriques exprimees en taux
gemma3-27b,quebec,2a,Camp : gouvernement ou opposition,attribution_verified_share,repere,0.0,pourcentage pour les metriques exprimees en taux
gemma3-27b,quebec,2a,Camp : gouvernement ou opposition,chance_level,repere,50.0,pourcentage pour les metriques exprimees en taux
gemma3-27b,quebec,2a,Camp : gouvernement ou opposition,macro_f1,performance,82.84,pourcentage pour les metriques exprimees en taux
gemma3-27b,quebec,2a,Camp : gouvernement ou opposition,majority_class_rate,repere,50.0,pourcentage pour les metriques exprimees en taux
gemma3-27b,quebec,2a,Camp : gouvernement ou opposition,num_items,effectif,1000.0,pourcentage pour les metriques exprimees en taux
gemma3-27b,quebec,2a,Camp : gouvernement ou opposition,num_off_label,effectif,0.0,pourcentage pour les metriques exprimees en taux
gemma3-27b,quebec,2a,Camp : gouvernement ou opposition,question_period_share,repere,2.6,pourcentage pour les metriques exprimees en taux
gemma3-27b,quebec,2b,"Parti : lequel, parmi ceux qui siegeaient a cette legislature",accuracy,performance,37.1,pourcentage pour les metriques exprimees en taux
gemma3-27b,quebec,2b,"Parti : lequel, parmi ceux qui siegeaient a cette legislature",attribution_verified_share,repere,100.0,pourcentage pour les metriques exprimees en taux
gemma3-27b,quebec,2b,"Parti : lequel, parmi ceux qui siegeaient a cette legislature",macro_f1,performance,32.86,pourcentage pour les metriques exprimees en taux
gemma3-27b,quebec,2b,"Parti : lequel, parmi ceux qui siegeaient a cette legislature",majority_class_rate,repere,20.0,pourcentage pour les metriques exprimees en taux
gemma3-27b,quebec,2b,"Parti : lequel, parmi ceux qui siegeaient a cette legislature",mean_options,effectif,4.884,pourcentage pour les metriques exprimees en taux
gemma3-27b,quebec,2b,"Parti : lequel, parmi ceux qui siegeaient a cette legislature",num_items,effectif,1000.0,pourcentage pour les metriques exprimees en taux
gemma3-27b,quebec,2b,"Parti : lequel, parmi ceux qui siegeaient a cette legislature",num_off_label,effectif,0.0,pourcentage pour les metriques exprimees en taux
gemma3-27b,quebec,2b,"Parti : lequel, parmi ceux qui siegeaient a cette legislature",question_period_share,repere,1.1,pourcentage pour les metriques exprimees en taux
gpt-oss-20b,quebec,1a,"Quebecisme : reperer un terme dans un echange, puis en donner le sens",definition_accuracy,performance,89.63,pourcentage pour les metriques exprimees en taux
gpt-oss-20b,quebec,1a,"Quebecisme : reperer un terme dans un echange, puis en donner le sens",detection_accuracy,performance,28.95,pourcentage pour les metriques exprimees en taux
gpt-oss-20b,quebec,1a,"Quebecisme : reperer un terme dans un echange, puis en donner le sens",num_definitions_scored,effectif,135.0,pourcentage pour les metriques exprimees en taux
gpt-oss-20b,quebec,1a,"Quebecisme : reperer un terme dans un echange, puis en donner le sens",num_detected,effectif,154.0,pourcentage pour les metriques exprimees en taux
gpt-oss-20b,quebec,1a,"Quebecisme : reperer un terme dans un echange, puis en donner le sens",num_items,effectif,532.0,pourcentage pour les metriques exprimees en taux
gpt-oss-20b,quebec,1a,"Quebecisme : reperer un terme dans un echange, puis en donner le sens",num_no_term,effectif,48.0,pourcentage pour les metriques exprimees en taux
gpt-oss-20b,quebec,1b,Terminologie parlementaire : reconnaitre le sens d'un terme de procedure,abstention_rate,performance,3.73,pourcentage pour les metriques exprimees en taux
gpt-oss-20b,quebec,1b,Terminologie parlementaire : reconnaitre le sens d'un terme de procedure,accuracy,performance,90.67,pourcentage pour les metriques exprimees en taux
gpt-oss-20b,quebec,1b,Terminologie parlementaire : reconnaitre le sens d'un terme de procedure,accuracy_hors_abstention,performance,94.19,pourcentage pour les metriques exprimees en taux
gpt-oss-20b,quebec,1b,Terminologie parlementaire : reconnaitre le sens d'un terme de procedure,chance_level,repere,20.0,pourcentage pour les metriques exprimees en taux
gpt-oss-20b,quebec,1b,Terminologie parlementaire : reconnaitre le sens d'un terme de procedure,macro_f1,performance,85.43,pourcentage pour les metriques exprimees en taux
gpt-oss-20b,quebec,1b,Terminologie parlementaire : reconnaitre le sens d'un terme de procedure,majority_class_rate,repere,2.24,pourcentage pour les metriques exprimees en taux
gpt-oss-20b,quebec,1b,Terminologie parlementaire : reconnaitre le sens d'un terme de procedure,num_answered,effectif,516.0,pourcentage pour les metriques exprimees en taux
gpt-oss-20b,quebec,1b,Terminologie parlementaire : reconnaitre le sens d'un terme de procedure,num_items,effectif,536.0,pourcentage pour les metriques exprimees en taux
gpt-oss-20b,quebec,1b,Terminologie parlementaire : reconnaitre le sens d'un terme de procedure,num_off_label,effectif,0.0,pourcentage pour les metriques exprimees en taux
gpt-oss-20b,quebec,1c,Reference institutionnelle : produire l'expansion d'un sigle,abstention_rate,performance,0.0,pourcentage pour les metriques exprimees en taux
gpt-oss-20b,quebec,1c,Reference institutionnelle : produire l'expansion d'un sigle,accuracy,performance,0.0,pourcentage pour les metriques exprimees en taux
gpt-oss-20b,quebec,1c,Reference institutionnelle : produire l'expansion d'un sigle,containment_verbosity,performance,4.666666666666667,pourcentage pour les metriques exprimees en taux
gpt-oss-20b,quebec,1c,Reference institutionnelle : produire l'expansion d'un sigle,num_items,effectif,1000.0,pourcentage pour les metriques exprimees en taux
gpt-oss-20b,quebec,1c,Reference institutionnelle : produire l'expansion d'un sigle,span_containment,performance,51.7,pourcentage pour les metriques exprimees en taux
gpt-oss-20b,quebec,1d,Norme lexicale : retrouver le mot employe par un locuteur quebecois,abstention_rate,performance,5.23,pourcentage pour les metriques exprimees en taux
gpt-oss-20b,quebec,1d,Norme lexicale : retrouver le mot employe par un locuteur quebecois,accuracy,performance,44.25,pourcentage pour les metriques exprimees en taux
gpt-oss-20b,quebec,1d,Norme lexicale : retrouver le mot employe par un locuteur quebecois,accuracy_hors_abstention,performance,47.04,pourcentage pour les metriques exprimees en taux
gpt-oss-20b,quebec,1d,Norme lexicale : retrouver le mot employe par un locuteur quebecois,chance_level,repere,20.0,pourcentage pour les metriques exprimees en taux
gpt-oss-20b,quebec,1d,Norme lexicale : retrouver le mot employe par un locuteur quebecois,macro_f1,performance,27.06,pourcentage pour les metriques exprimees en taux
gpt-oss-20b,quebec,1d,Norme lexicale : retrouver le mot employe par un locuteur quebecois,majority_class_rate,repere,4.18,pourcentage pour les metriques exprimees en taux
gpt-oss-20b,quebec,1d,Norme lexicale : retrouver le mot employe par un locuteur quebecois,num_answered,effectif,270.0,pourcentage pour les metriques exprimees en taux
gpt-oss-20b,quebec,1d,Norme lexicale : retrouver le mot employe par un locuteur quebecois,num_items,effectif,287.0,pourcentage pour les metriques exprimees en taux
gpt-oss-20b,quebec,1d,Norme lexicale : retrouver le mot employe par un locuteur quebecois,num_off_label,effectif,2.0,pourcentage pour les metriques exprimees en taux
gpt-oss-20b,quebec,1e,Acceptabilite : juger si une phrase est du francais quebecois acceptable,accuracy,performance,75.8,pourcentage pour les metriques exprimees en taux
gpt-oss-20b,quebec,1e,Acceptabilite : juger si une phrase est du francais quebecois acceptable,macro_f1,performance,72.64,pourcentage pour les metriques exprimees en taux
gpt-oss-20b,quebec,1e,Acceptabilite : juger si une phrase est du francais quebecois acceptable,majority_class_rate,repere,69.3,pourcentage pour les metriques exprimees en taux
gpt-oss-20b,quebec,1e,Acceptabilite : juger si une phrase est du francais quebecois acceptable,num_answered,effectif,1000.0,pourcentage pour les metriques exprimees en taux
gpt-oss-20b,quebec,1e,Acceptabilite : juger si une phrase est du francais quebecois acceptable,num_items,effectif,1000.0,pourcentage pour les metriques exprimees en taux
gpt-oss-20b,quebec,1e,Acceptabilite : juger si une phrase est du francais quebecois acceptable,num_off_label,effectif,0.0,pourcentage pour les metriques exprimees en taux
gpt-oss-20b,quebec,1f,"Paire minimale : preferer la phrase grammaticale, contre un plafond humain",accuracy,performance,87.04,pourcentage pour les metriques exprimees en taux
gpt-oss-20b,quebec,1f,"Paire minimale : preferer la phrase grammaticale, contre un plafond humain",chance_level,repere,50.0,pourcentage pour les metriques exprimees en taux
gpt-oss-20b,quebec,1f,"Paire minimale : preferer la phrase grammaticale, contre un plafond humain",human_ceiling,repere,87.42,pourcentage pour les metriques exprimees en taux
gpt-oss-20b,quebec,1f,"Paire minimale : preferer la phrase grammaticale, contre un plafond humain",macro_f1,performance,57.59,pourcentage pour les metriques exprimees en taux
gpt-oss-20b,quebec,1f,"Paire minimale : preferer la phrase grammaticale, contre un plafond humain",majority_class_rate,repere,51.72,pourcentage pour les metriques exprimees en taux
gpt-oss-20b,quebec,1f,"Paire minimale : preferer la phrase grammaticale, contre un plafond humain",num_answered,effectif,517.0,pourcentage pour les metriques exprimees en taux
gpt-oss-20b,quebec,1f,"Paire minimale : preferer la phrase grammaticale, contre un plafond humain",num_items,effectif,524.0,pourcentage pour les metriques exprimees en taux
gpt-oss-20b,quebec,1f,"Paire minimale : preferer la phrase grammaticale, contre un plafond humain",num_items_with_ceiling,effectif,524.0,pourcentage pour les metriques exprimees en taux
gpt-oss-20b,quebec,1f,"Paire minimale : preferer la phrase grammaticale, contre un plafond humain",num_off_label,effectif,7.0,pourcentage pour les metriques exprimees en taux
gpt-oss-20b,quebec,1h,"Expression quebecoise : reconnaitre le sens d'une expression, hors contexte",abstention_rate,performance,21.3,pourcentage pour les metriques exprimees en taux
gpt-oss-20b,quebec,1h,"Expression quebecoise : reconnaitre le sens d'une expression, hors contexte",accuracy,performance,62.0,pourcentage pour les metriques exprimees en taux
gpt-oss-20b,quebec,1h,"Expression quebecoise : reconnaitre le sens d'une expression, hors contexte",accuracy_hors_abstention,performance,79.28,pourcentage pour les metriques exprimees en taux
gpt-oss-20b,quebec,1h,"Expression quebecoise : reconnaitre le sens d'une expression, hors contexte",chance_level,repere,20.0,pourcentage pour les metriques exprimees en taux
gpt-oss-20b,quebec,1h,"Expression quebecoise : reconnaitre le sens d'une expression, hors contexte",macro_f1,performance,55.09,pourcentage pour les metriques exprimees en taux
gpt-oss-20b,quebec,1h,"Expression quebecoise : reconnaitre le sens d'une expression, hors contexte",majority_class_rate,repere,0.3,pourcentage pour les metriques exprimees en taux
gpt-oss-20b,quebec,1h,"Expression quebecoise : reconnaitre le sens d'une expression, hors contexte",num_answered,effectif,782.0,pourcentage pour les metriques exprimees en taux
gpt-oss-20b,quebec,1h,"Expression quebecoise : reconnaitre le sens d'une expression, hors contexte",num_items,effectif,1000.0,pourcentage pour les metriques exprimees en taux
gpt-oss-20b,quebec,1h,"Expression quebecoise : reconnaitre le sens d'une expression, hors contexte",num_off_label,effectif,5.0,pourcentage pour les metriques exprimees en taux
gpt-oss-20b,quebec,1i,"Terme quebecois : reconnaitre le sens d'un terme, hors contexte",abstention_rate,performance,17.54,pourcentage pour les metriques exprimees en taux
gpt-oss-20b,quebec,1i,"Terme quebecois : reconnaitre le sens d'un terme, hors contexte",accuracy,performance,66.08,pourcentage pour les metriques exprimees en taux
gpt-oss-20b,quebec,1i,"Terme quebecois : reconnaitre le sens d'un terme, hors contexte",accuracy_hors_abstention,performance,80.14,pourcentage pour les metriques exprimees en taux
gpt-oss-20b,quebec,1i,"Terme quebecois : reconnaitre le sens d'un terme, hors contexte",chance_level,repere,20.0,pourcentage pour les metriques exprimees en taux
gpt-oss-20b,quebec,1i,"Terme quebecois : reconnaitre le sens d'un terme, hors contexte",macro_f1,performance,63.47,pourcentage pour les metriques exprimees en taux
gpt-oss-20b,quebec,1i,"Terme quebecois : reconnaitre le sens d'un terme, hors contexte",majority_class_rate,repere,0.58,pourcentage pour les metriques exprimees en taux
gpt-oss-20b,quebec,1i,"Terme quebecois : reconnaitre le sens d'un terme, hors contexte",num_answered,effectif,141.0,pourcentage pour les metriques exprimees en taux
gpt-oss-20b,quebec,1i,"Terme quebecois : reconnaitre le sens d'un terme, hors contexte",num_items,effectif,171.0,pourcentage pour les metriques exprimees en taux
gpt-oss-20b,quebec,1i,"Terme quebecois : reconnaitre le sens d'un terme, hors contexte",num_off_label,effectif,0.0,pourcentage pour les metriques exprimees en taux
gpt-oss-20b,quebec,1j,"Provenance : designer la phrase ecrite par une personne, contre une machine",accuracy,performance,26.12,pourcentage pour les metriques exprimees en taux
gpt-oss-20b,quebec,1j,"Provenance : designer la phrase ecrite par une personne, contre une machine",chance_level,repere,50.0,pourcentage pour les metriques exprimees en taux
gpt-oss-20b,quebec,1j,"Provenance : designer la phrase ecrite par une personne, contre une machine",macro_f1,performance,16.86,pourcentage pour les metriques exprimees en taux
gpt-oss-20b,quebec,1j,"Provenance : designer la phrase ecrite par une personne, contre une machine",majority_class_rate,repere,52.4,pourcentage pour les metriques exprimees en taux
gpt-oss-20b,quebec,1j,"Provenance : designer la phrase ecrite par une personne, contre une machine",num_answered,effectif,938.0,pourcentage pour les metriques exprimees en taux
gpt-oss-20b,quebec,1j,"Provenance : designer la phrase ecrite par une personne, contre une machine",num_items,effectif,1000.0,pourcentage pour les metriques exprimees en taux
gpt-oss-20b,quebec,1j,"Provenance : designer la phrase ecrite par une personne, contre une machine",num_items_with_rules_choice,effectif,957.0,pourcentage pour les metriques exprimees en taux
gpt-oss-20b,quebec,1j,"Provenance : designer la phrase ecrite par une personne, contre une machine",num_off_label,effectif,62.0,pourcentage pour les metriques exprimees en taux
gpt-oss-20b,quebec,1j,"Provenance : designer la phrase ecrite par une personne, contre une machine",rules_baseline_accuracy,repere,50.26,pourcentage pour les metriques exprimees en taux
gpt-oss-20b,quebec,2a,Camp : gouvernement ou opposition,accuracy,performance,58.7,pourcentage pour les metriques exprimees en taux
gpt-oss-20b,quebec,2a,Camp : gouvernement ou opposition,attribution_verified_share,repere,0.0,pourcentage pour les metriques exprimees en taux
gpt-oss-20b,quebec,2a,Camp : gouvernement ou opposition,chance_level,repere,50.0,pourcentage pour les metriques exprimees en taux
gpt-oss-20b,quebec,2a,Camp : gouvernement ou opposition,macro_f1,performance,43.21,pourcentage pour les metriques exprimees en taux
gpt-oss-20b,quebec,2a,Camp : gouvernement ou opposition,majority_class_rate,repere,50.0,pourcentage pour les metriques exprimees en taux
gpt-oss-20b,quebec,2a,Camp : gouvernement ou opposition,num_items,effectif,1000.0,pourcentage pour les metriques exprimees en taux
gpt-oss-20b,quebec,2a,Camp : gouvernement ou opposition,num_off_label,effectif,196.0,pourcentage pour les metriques exprimees en taux
gpt-oss-20b,quebec,2a,Camp : gouvernement ou opposition,question_period_share,repere,2.6,pourcentage pour les metriques exprimees en taux
gpt-oss-20b,quebec,2b,"Parti : lequel, parmi ceux qui siegeaient a cette legislature",accuracy,performance,24.9,pourcentage pour les metriques exprimees en taux
gpt-oss-20b,quebec,2b,"Parti : lequel, parmi ceux qui siegeaient a cette legislature",attribution_verified_share,repere,100.0,pourcentage pour les metriques exprimees en taux
gpt-oss-20b,quebec,2b,"Parti : lequel, parmi ceux qui siegeaient a cette legislature",macro_f1,performance,17.38,pourcentage pour les metriques exprimees en taux
gpt-oss-20b,quebec,2b,"Parti : lequel, parmi ceux qui siegeaient a cette legislature",majority_class_rate,repere,20.0,pourcentage pour les metriques exprimees en taux
gpt-oss-20b,quebec,2b,"Parti : lequel, parmi ceux qui siegeaient a cette legislature",mean_options,effectif,4.884,pourcentage pour les metriques exprimees en taux
gpt-oss-20b,quebec,2b,"Parti : lequel, parmi ceux qui siegeaient a cette legislature",num_items,effectif,1000.0,pourcentage pour les metriques exprimees en taux
gpt-oss-20b,quebec,2b,"Parti : lequel, parmi ceux qui siegeaient a cette legislature",num_off_label,effectif,58.0,pourcentage pour les metriques exprimees en taux
gpt-oss-20b,quebec,2b,"Parti : lequel, parmi ceux qui siegeaient a cette legislature",question_period_share,repere,1.1,pourcentage pour les metriques exprimees en taux
llama3.1-8b,quebec,1a,"Quebecisme : reperer un terme dans un echange, puis en donner le sens",definition_accuracy,performance,65.62,pourcentage pour les metriques exprimees en taux
llama3.1-8b,quebec,1a,"Quebecisme : reperer un terme dans un echange, puis en donner le sens",detection_accuracy,performance,20.11,pourcentage pour les metriques exprimees en taux
llama3.1-8b,quebec,1a,"Quebecisme : reperer un terme dans un echange, puis en donner le sens",num_definitions_scored,effectif,96.0,pourcentage pour les metriques exprimees en taux
llama3.1-8b,quebec,1a,"Quebecisme : reperer un terme dans un echange, puis en donner le sens",num_detected,effectif,107.0,pourcentage pour les metriques exprimees en taux
llama3.1-8b,quebec,1a,"Quebecisme : reperer un terme dans un echange, puis en donner le sens",num_items,effectif,532.0,pourcentage pour les metriques exprimees en taux
llama3.1-8b,quebec,1a,"Quebecisme : reperer un terme dans un echange, puis en donner le sens",num_no_term,effectif,0.0,pourcentage pour les metriques exprimees en taux
llama3.1-8b,quebec,1b,Terminologie parlementaire : reconnaitre le sens d'un terme de procedure,abstention_rate,performance,3.92,pourcentage pour les metriques exprimees en taux
llama3.1-8b,quebec,1b,Terminologie parlementaire : reconnaitre le sens d'un terme de procedure,accuracy,performance,89.93,pourcentage pour les metriques exprimees en taux
llama3.1-8b,quebec,1b,Terminologie parlementaire : reconnaitre le sens d'un terme de procedure,accuracy_hors_abstention,performance,93.59,pourcentage pour les metriques exprimees en taux
llama3.1-8b,quebec,1b,Terminologie parlementaire : reconnaitre le sens d'un terme de procedure,chance_level,repere,20.0,pourcentage pour les metriques exprimees en taux
llama3.1-8b,quebec,1b,Terminologie parlementaire : reconnaitre le sens d'un terme de procedure,macro_f1,performance,84.56,pourcentage pour les metriques exprimees en taux
llama3.1-8b,quebec,1b,Terminologie parlementaire : reconnaitre le sens d'un terme de procedure,majority_class_rate,repere,2.24,pourcentage pour les metriques exprimees en taux
llama3.1-8b,quebec,1b,Terminologie parlementaire : reconnaitre le sens d'un terme de procedure,num_answered,effectif,515.0,pourcentage pour les metriques exprimees en taux
llama3.1-8b,quebec,1b,Terminologie parlementaire : reconnaitre le sens d'un terme de procedure,num_items,effectif,536.0,pourcentage pour les metriques exprimees en taux
llama3.1-8b,quebec,1b,Terminologie parlementaire : reconnaitre le sens d'un terme de procedure,num_off_label,effectif,0.0,pourcentage pour les metriques exprimees en taux
llama3.1-8b,quebec,1c,Reference institutionnelle : produire l'expansion d'un sigle,abstention_rate,performance,59.7,pourcentage pour les metriques exprimees en taux
llama3.1-8b,quebec,1c,Reference institutionnelle : produire l'expansion d'un sigle,accuracy,performance,18.4,pourcentage pour les metriques exprimees en taux
llama3.1-8b,quebec,1c,Reference institutionnelle : produire l'expansion d'un sigle,containment_verbosity,performance,1.3333333333333333,pourcentage pour les metriques exprimees en taux
llama3.1-8b,quebec,1c,Reference institutionnelle : produire l'expansion d'un sigle,num_items,effectif,1000.0,pourcentage pour les metriques exprimees en taux
llama3.1-8b,quebec,1c,Reference institutionnelle : produire l'expansion d'un sigle,span_containment,performance,19.3,pourcentage pour les metriques exprimees en taux
llama3.1-8b,quebec,1d,Norme lexicale : retrouver le mot employe par un locuteur quebecois,abstention_rate,performance,8.01,pourcentage pour les metriques exprimees en taux
llama3.1-8b,quebec,1d,Norme lexicale : retrouver le mot employe par un locuteur quebecois,accuracy,performance,40.42,pourcentage pour les metriques exprimees en taux
llama3.1-8b,quebec,1d,Norme lexicale : retrouver le mot employe par un locuteur quebecois,accuracy_hors_abstention,performance,43.94,pourcentage pour les metriques exprimees en taux
llama3.1-8b,quebec,1d,Norme lexicale : retrouver le mot employe par un locuteur quebecois,chance_level,repere,20.0,pourcentage pour les metriques exprimees en taux
llama3.1-8b,quebec,1d,Norme lexicale : retrouver le mot employe par un locuteur quebecois,macro_f1,performance,27.98,pourcentage pour les metriques exprimees en taux
llama3.1-8b,quebec,1d,Norme lexicale : retrouver le mot employe par un locuteur quebecois,majority_class_rate,repere,4.18,pourcentage pour les metriques exprimees en taux
llama3.1-8b,quebec,1d,Norme lexicale : retrouver le mot employe par un locuteur quebecois,num_answered,effectif,264.0,pourcentage pour les metriques exprimees en taux
llama3.1-8b,quebec,1d,Norme lexicale : retrouver le mot employe par un locuteur quebecois,num_items,effectif,287.0,pourcentage pour les metriques exprimees en taux
llama3.1-8b,quebec,1d,Norme lexicale : retrouver le mot employe par un locuteur quebecois,num_off_label,effectif,0.0,pourcentage pour les metriques exprimees en taux
llama3.1-8b,quebec,1e,Acceptabilite : juger si une phrase est du francais quebecois acceptable,accuracy,performance,75.7,pourcentage pour les metriques exprimees en taux
llama3.1-8b,quebec,1e,Acceptabilite : juger si une phrase est du francais quebecois acceptable,macro_f1,performance,69.83,pourcentage pour les metriques exprimees en taux
llama3.1-8b,quebec,1e,Acceptabilite : juger si une phrase est du francais quebecois acceptable,majority_class_rate,repere,69.3,pourcentage pour les metriques exprimees en taux
llama3.1-8b,quebec,1e,Acceptabilite : juger si une phrase est du francais quebecois acceptable,num_answered,effectif,1000.0,pourcentage pour les metriques exprimees en taux
llama3.1-8b,quebec,1e,Acceptabilite : juger si une phrase est du francais quebecois acceptable,num_items,effectif,1000.0,pourcentage pour les metriques exprimees en taux
llama3.1-8b,quebec,1e,Acceptabilite : juger si une phrase est du francais quebecois acceptable,num_off_label,effectif,0.0,pourcentage pour les metriques exprimees en taux
llama3.1-8b,quebec,1f,"Paire minimale : preferer la phrase grammaticale, contre un plafond humain",accuracy,performance,74.43,pourcentage pour les metriques exprimees en taux
llama3.1-8b,quebec,1f,"Paire minimale : preferer la phrase grammaticale, contre un plafond humain",chance_level,repere,50.0,pourcentage pour les metriques exprimees en taux
llama3.1-8b,quebec,1f,"Paire minimale : preferer la phrase grammaticale, contre un plafond humain",human_ceiling,repere,87.42,pourcentage pour les metriques exprimees en taux
llama3.1-8b,quebec,1f,"Paire minimale : preferer la phrase grammaticale, contre un plafond humain",macro_f1,performance,73.99,pourcentage pour les metriques exprimees en taux
llama3.1-8b,quebec,1f,"Paire minimale : preferer la phrase grammaticale, contre un plafond humain",majority_class_rate,repere,51.72,pourcentage pour les metriques exprimees en taux
llama3.1-8b,quebec,1f,"Paire minimale : preferer la phrase grammaticale, contre un plafond humain",num_answered,effectif,524.0,pourcentage pour les metriques exprimees en taux
llama3.1-8b,quebec,1f,"Paire minimale : preferer la phrase grammaticale, contre un plafond humain",num_items,effectif,524.0,pourcentage pour les metriques exprimees en taux
llama3.1-8b,quebec,1f,"Paire minimale : preferer la phrase grammaticale, contre un plafond humain",num_items_with_ceiling,effectif,524.0,pourcentage pour les metriques exprimees en taux
llama3.1-8b,quebec,1f,"Paire minimale : preferer la phrase grammaticale, contre un plafond humain",num_off_label,effectif,0.0,pourcentage pour les metriques exprimees en taux
llama3.1-8b,quebec,1h,"Expression quebecoise : reconnaitre le sens d'une expression, hors contexte",abstention_rate,performance,10.0,pourcentage pour les metriques exprimees en taux
llama3.1-8b,quebec,1h,"Expression quebecoise : reconnaitre le sens d'une expression, hors contexte",accuracy,performance,56.2,pourcentage pour les metriques exprimees en taux
llama3.1-8b,quebec,1h,"Expression quebecoise : reconnaitre le sens d'une expression, hors contexte",accuracy_hors_abstention,performance,62.44,pourcentage pour les metriques exprimees en taux
llama3.1-8b,quebec,1h,"Expression quebecoise : reconnaitre le sens d'une expression, hors contexte",chance_level,repere,20.0,pourcentage pour les metriques exprimees en taux
llama3.1-8b,quebec,1h,"Expression quebecoise : reconnaitre le sens d'une expression, hors contexte",macro_f1,performance,43.9,pourcentage pour les metriques exprimees en taux
llama3.1-8b,quebec,1h,"Expression quebecoise : reconnaitre le sens d'une expression, hors contexte",majority_class_rate,repere,0.3,pourcentage pour les metriques exprimees en taux
llama3.1-8b,quebec,1h,"Expression quebecoise : reconnaitre le sens d'une expression, hors contexte",num_answered,effectif,900.0,pourcentage pour les metriques exprimees en taux
llama3.1-8b,quebec,1h,"Expression quebecoise : reconnaitre le sens d'une expression, hors contexte",num_items,effectif,1000.0,pourcentage pour les metriques exprimees en taux
llama3.1-8b,quebec,1h,"Expression quebecoise : reconnaitre le sens d'une expression, hors contexte",num_off_label,effectif,0.0,pourcentage pour les metriques exprimees en taux
llama3.1-8b,quebec,1i,"Terme quebecois : reconnaitre le sens d'un terme, hors contexte",abstention_rate,performance,4.09,pourcentage pour les metriques exprimees en taux
llama3.1-8b,quebec,1i,"Terme quebecois : reconnaitre le sens d'un terme, hors contexte",accuracy,performance,59.65,pourcentage pour les metriques exprimees en taux
llama3.1-8b,quebec,1i,"Terme quebecois : reconnaitre le sens d'un terme, hors contexte",accuracy_hors_abstention,performance,62.2,pourcentage pour les metriques exprimees en taux
llama3.1-8b,quebec,1i,"Terme quebecois : reconnaitre le sens d'un terme, hors contexte",chance_level,repere,20.0,pourcentage pour les metriques exprimees en taux
llama3.1-8b,quebec,1i,"Terme quebecois : reconnaitre le sens d'un terme, hors contexte",macro_f1,performance,53.47,pourcentage pour les metriques exprimees en taux
llama3.1-8b,quebec,1i,"Terme quebecois : reconnaitre le sens d'un terme, hors contexte",majority_class_rate,repere,0.58,pourcentage pour les metriques exprimees en taux
llama3.1-8b,quebec,1i,"Terme quebecois : reconnaitre le sens d'un terme, hors contexte",num_answered,effectif,164.0,pourcentage pour les metriques exprimees en taux
llama3.1-8b,quebec,1i,"Terme quebecois : reconnaitre le sens d'un terme, hors contexte",num_items,effectif,171.0,pourcentage pour les metriques exprimees en taux
llama3.1-8b,quebec,1i,"Terme quebecois : reconnaitre le sens d'un terme, hors contexte",num_off_label,effectif,0.0,pourcentage pour les metriques exprimees en taux
llama3.1-8b,quebec,1j,"Provenance : designer la phrase ecrite par une personne, contre une machine",accuracy,performance,53.1,pourcentage pour les metriques exprimees en taux
llama3.1-8b,quebec,1j,"Provenance : designer la phrase ecrite par une personne, contre une machine",chance_level,repere,50.0,pourcentage pour les metriques exprimees en taux
llama3.1-8b,quebec,1j,"Provenance : designer la phrase ecrite par une personne, contre une machine",macro_f1,performance,52.86,pourcentage pour les metriques exprimees en taux
llama3.1-8b,quebec,1j,"Provenance : designer la phrase ecrite par une personne, contre une machine",majority_class_rate,repere,52.4,pourcentage pour les metriques exprimees en taux
llama3.1-8b,quebec,1j,"Provenance : designer la phrase ecrite par une personne, contre une machine",num_answered,effectif,1000.0,pourcentage pour les metriques exprimees en taux
llama3.1-8b,quebec,1j,"Provenance : designer la phrase ecrite par une personne, contre une machine",num_items,effectif,1000.0,pourcentage pour les metriques exprimees en taux
llama3.1-8b,quebec,1j,"Provenance : designer la phrase ecrite par une personne, contre une machine",num_items_with_rules_choice,effectif,957.0,pourcentage pour les metriques exprimees en taux
llama3.1-8b,quebec,1j,"Provenance : designer la phrase ecrite par une personne, contre une machine",num_off_label,effectif,0.0,pourcentage pour les metriques exprimees en taux
llama3.1-8b,quebec,1j,"Provenance : designer la phrase ecrite par une personne, contre une machine",rules_baseline_accuracy,repere,50.26,pourcentage pour les metriques exprimees en taux
llama3.1-8b,quebec,2a,Camp : gouvernement ou opposition,accuracy,performance,64.0,pourcentage pour les metriques exprimees en taux
llama3.1-8b,quebec,2a,Camp : gouvernement ou opposition,attribution_verified_share,repere,0.0,pourcentage pour les metriques exprimees en taux
llama3.1-8b,quebec,2a,Camp : gouvernement ou opposition,chance_level,repere,50.0,pourcentage pour les metriques exprimees en taux
llama3.1-8b,quebec,2a,Camp : gouvernement ou opposition,macro_f1,performance,59.23,pourcentage pour les metriques exprimees en taux
llama3.1-8b,quebec,2a,Camp : gouvernement ou opposition,majority_class_rate,repere,50.0,pourcentage pour les metriques exprimees en taux
llama3.1-8b,quebec,2a,Camp : gouvernement ou opposition,num_items,effectif,1000.0,pourcentage pour les metriques exprimees en taux
llama3.1-8b,quebec,2a,Camp : gouvernement ou opposition,num_off_label,effectif,0.0,pourcentage pour les metriques exprimees en taux
llama3.1-8b,quebec,2a,Camp : gouvernement ou opposition,question_period_share,repere,2.6,pourcentage pour les metriques exprimees en taux
llama3.1-8b,quebec,2b,"Parti : lequel, parmi ceux qui siegeaient a cette legislature",accuracy,performance,25.1,pourcentage pour les metriques exprimees en taux
llama3.1-8b,quebec,2b,"Parti : lequel, parmi ceux qui siegeaient a cette legislature",attribution_verified_share,repere,100.0,pourcentage pour les metriques exprimees en taux
llama3.1-8b,quebec,2b,"Parti : lequel, parmi ceux qui siegeaient a cette legislature",macro_f1,performance,19.75,pourcentage pour les metriques exprimees en taux
llama3.1-8b,quebec,2b,"Parti : lequel, parmi ceux qui siegeaient a cette legislature",majority_class_rate,repere,20.0,pourcentage pour les metriques exprimees en taux
llama3.1-8b,quebec,2b,"Parti : lequel, parmi ceux qui siegeaient a cette legislature",mean_options,effectif,4.884,pourcentage pour les metriques exprimees en taux
llama3.1-8b,quebec,2b,"Parti : lequel, parmi ceux qui siegeaient a cette legislature",num_items,effectif,1000.0,pourcentage pour les metriques exprimees en taux
llama3.1-8b,quebec,2b,"Parti : lequel, parmi ceux qui siegeaient a cette legislature",num_off_label,effectif,0.0,pourcentage pour les metriques exprimees en taux
llama3.1-8b,quebec,2b,"Parti : lequel, parmi ceux qui siegeaient a cette legislature",question_period_share,repere,1.1,pourcentage pour les metriques exprimees en taux
llama3.2-3b,quebec,1a,"Quebecisme : reperer un terme dans un echange, puis en donner le sens",definition_accuracy,performance,62.71,pourcentage pour les metriques exprimees en taux
llama3.2-3b,quebec,1a,"Quebecisme : reperer un terme dans un echange, puis en donner le sens",detection_accuracy,performance,13.16,pourcentage pour les metriques exprimees en taux
llama3.2-3b,quebec,1a,"Quebecisme : reperer un terme dans un echange, puis en donner le sens",num_definitions_scored,effectif,59.0,pourcentage pour les metriques exprimees en taux
llama3.2-3b,quebec,1a,"Quebecisme : reperer un terme dans un echange, puis en donner le sens",num_detected,effectif,70.0,pourcentage pour les metriques exprimees en taux
llama3.2-3b,quebec,1a,"Quebecisme : reperer un terme dans un echange, puis en donner le sens",num_items,effectif,532.0,pourcentage pour les metriques exprimees en taux
llama3.2-3b,quebec,1a,"Quebecisme : reperer un terme dans un echange, puis en donner le sens",num_no_term,effectif,0.0,pourcentage pour les metriques exprimees en taux
llama3.2-3b,quebec,1b,Terminologie parlementaire : reconnaitre le sens d'un terme de procedure,abstention_rate,performance,10.63,pourcentage pour les metriques exprimees en taux
llama3.2-3b,quebec,1b,Terminologie parlementaire : reconnaitre le sens d'un terme de procedure,accuracy,performance,80.41,pourcentage pour les metriques exprimees en taux
llama3.2-3b,quebec,1b,Terminologie parlementaire : reconnaitre le sens d'un terme de procedure,accuracy_hors_abstention,performance,89.98,pourcentage pour les metriques exprimees en taux
llama3.2-3b,quebec,1b,Terminologie parlementaire : reconnaitre le sens d'un terme de procedure,chance_level,repere,20.0,pourcentage pour les metriques exprimees en taux
llama3.2-3b,quebec,1b,Terminologie parlementaire : reconnaitre le sens d'un terme de procedure,macro_f1,performance,77.32,pourcentage pour les metriques exprimees en taux
llama3.2-3b,quebec,1b,Terminologie parlementaire : reconnaitre le sens d'un terme de procedure,majority_class_rate,repere,2.24,pourcentage pour les metriques exprimees en taux
llama3.2-3b,quebec,1b,Terminologie parlementaire : reconnaitre le sens d'un terme de procedure,num_answered,effectif,479.0,pourcentage pour les metriques exprimees en taux
llama3.2-3b,quebec,1b,Terminologie parlementaire : reconnaitre le sens d'un terme de procedure,num_items,effectif,536.0,pourcentage pour les metriques exprimees en taux
llama3.2-3b,quebec,1b,Terminologie parlementaire : reconnaitre le sens d'un terme de procedure,num_off_label,effectif,0.0,pourcentage pour les metriques exprimees en taux
llama3.2-3b,quebec,1c,Reference institutionnelle : produire l'expansion d'un sigle,abstention_rate,performance,41.2,pourcentage pour les metriques exprimees en taux
llama3.2-3b,quebec,1c,Reference institutionnelle : produire l'expansion d'un sigle,accuracy,performance,3.2,pourcentage pour les metriques exprimees en taux
llama3.2-3b,quebec,1c,Reference institutionnelle : produire l'expansion d'un sigle,containment_verbosity,performance,1.3333333333333333,pourcentage pour les metriques exprimees en taux
llama3.2-3b,quebec,1c,Reference institutionnelle : produire l'expansion d'un sigle,num_items,effectif,1000.0,pourcentage pour les metriques exprimees en taux
llama3.2-3b,quebec,1c,Reference institutionnelle : produire l'expansion d'un sigle,span_containment,performance,4.3,pourcentage pour les metriques exprimees en taux
llama3.2-3b,quebec,1d,Norme lexicale : retrouver le mot employe par un locuteur quebecois,abstention_rate,performance,12.54,pourcentage pour les metriques exprimees en taux
llama3.2-3b,quebec,1d,Norme lexicale : retrouver le mot employe par un locuteur quebecois,accuracy,performance,31.71,pourcentage pour les metriques exprimees en taux
llama3.2-3b,quebec,1d,Norme lexicale : retrouver le mot employe par un locuteur quebecois,accuracy_hors_abstention,performance,36.25,pourcentage pour les metriques exprimees en taux
llama3.2-3b,quebec,1d,Norme lexicale : retrouver le mot employe par un locuteur quebecois,chance_level,repere,20.0,pourcentage pour les metriques exprimees en taux
llama3.2-3b,quebec,1d,Norme lexicale : retrouver le mot employe par un locuteur quebecois,macro_f1,performance,21.89,pourcentage pour les metriques exprimees en taux
llama3.2-3b,quebec,1d,Norme lexicale : retrouver le mot employe par un locuteur quebecois,majority_class_rate,repere,4.18,pourcentage pour les metriques exprimees en taux
llama3.2-3b,quebec,1d,Norme lexicale : retrouver le mot employe par un locuteur quebecois,num_answered,effectif,251.0,pourcentage pour les metriques exprimees en taux
llama3.2-3b,quebec,1d,Norme lexicale : retrouver le mot employe par un locuteur quebecois,num_items,effectif,287.0,pourcentage pour les metriques exprimees en taux
llama3.2-3b,quebec,1d,Norme lexicale : retrouver le mot employe par un locuteur quebecois,num_off_label,effectif,0.0,pourcentage pour les metriques exprimees en taux
llama3.2-3b,quebec,1e,Acceptabilite : juger si une phrase est du francais quebecois acceptable,accuracy,performance,70.5,pourcentage pour les metriques exprimees en taux
llama3.2-3b,quebec,1e,Acceptabilite : juger si une phrase est du francais quebecois acceptable,macro_f1,performance,66.25,pourcentage pour les metriques exprimees en taux
llama3.2-3b,quebec,1e,Acceptabilite : juger si une phrase est du francais quebecois acceptable,majority_class_rate,repere,69.3,pourcentage pour les metriques exprimees en taux
llama3.2-3b,quebec,1e,Acceptabilite : juger si une phrase est du francais quebecois acceptable,num_answered,effectif,1000.0,pourcentage pour les metriques exprimees en taux
llama3.2-3b,quebec,1e,Acceptabilite : juger si une phrase est du francais quebecois acceptable,num_items,effectif,1000.0,pourcentage pour les metriques exprimees en taux
llama3.2-3b,quebec,1e,Acceptabilite : juger si une phrase est du francais quebecois acceptable,num_off_label,effectif,0.0,pourcentage pour les metriques exprimees en taux
llama3.2-3b,quebec,1f,"Paire minimale : preferer la phrase grammaticale, contre un plafond humain",accuracy,performance,66.22,pourcentage pour les metriques exprimees en taux
llama3.2-3b,quebec,1f,"Paire minimale : preferer la phrase grammaticale, contre un plafond humain",chance_level,repere,50.0,pourcentage pour les metriques exprimees en taux
llama3.2-3b,quebec,1f,"Paire minimale : preferer la phrase grammaticale, contre un plafond humain",human_ceiling,repere,87.42,pourcentage pour les metriques exprimees en taux
llama3.2-3b,quebec,1f,"Paire minimale : preferer la phrase grammaticale, contre un plafond humain",macro_f1,performance,62.6,pourcentage pour les metriques exprimees en taux
llama3.2-3b,quebec,1f,"Paire minimale : preferer la phrase grammaticale, contre un plafond humain",majority_class_rate,repere,51.72,pourcentage pour les metriques exprimees en taux
llama3.2-3b,quebec,1f,"Paire minimale : preferer la phrase grammaticale, contre un plafond humain",num_answered,effectif,524.0,pourcentage pour les metriques exprimees en taux
llama3.2-3b,quebec,1f,"Paire minimale : preferer la phrase grammaticale, contre un plafond humain",num_items,effectif,524.0,pourcentage pour les metriques exprimees en taux
llama3.2-3b,quebec,1f,"Paire minimale : preferer la phrase grammaticale, contre un plafond humain",num_items_with_ceiling,effectif,524.0,pourcentage pour les metriques exprimees en taux
llama3.2-3b,quebec,1f,"Paire minimale : preferer la phrase grammaticale, contre un plafond humain",num_off_label,effectif,0.0,pourcentage pour les metriques exprimees en taux
llama3.2-3b,quebec,1h,"Expression quebecoise : reconnaitre le sens d'une expression, hors contexte",abstention_rate,performance,7.9,pourcentage pour les metriques exprimees en taux
llama3.2-3b,quebec,1h,"Expression quebecoise : reconnaitre le sens d'une expression, hors contexte",accuracy,performance,48.1,pourcentage pour les metriques exprimees en taux
llama3.2-3b,quebec,1h,"Expression quebecoise : reconnaitre le sens d'une expression, hors contexte",accuracy_hors_abstention,performance,52.23,pourcentage pour les metriques exprimees en taux
llama3.2-3b,quebec,1h,"Expression quebecoise : reconnaitre le sens d'une expression, hors contexte",chance_level,repere,20.0,pourcentage pour les metriques exprimees en taux
llama3.2-3b,quebec,1h,"Expression quebecoise : reconnaitre le sens d'une expression, hors contexte",macro_f1,performance,35.13,pourcentage pour les metriques exprimees en taux
llama3.2-3b,quebec,1h,"Expression quebecoise : reconnaitre le sens d'une expression, hors contexte",majority_class_rate,repere,0.3,pourcentage pour les metriques exprimees en taux
llama3.2-3b,quebec,1h,"Expression quebecoise : reconnaitre le sens d'une expression, hors contexte",num_answered,effectif,921.0,pourcentage pour les metriques exprimees en taux
llama3.2-3b,quebec,1h,"Expression quebecoise : reconnaitre le sens d'une expression, hors contexte",num_items,effectif,1000.0,pourcentage pour les metriques exprimees en taux
llama3.2-3b,quebec,1h,"Expression quebecoise : reconnaitre le sens d'une expression, hors contexte",num_off_label,effectif,0.0,pourcentage pour les metriques exprimees en taux
llama3.2-3b,quebec,1i,"Terme quebecois : reconnaitre le sens d'un terme, hors contexte",abstention_rate,performance,8.19,pourcentage pour les metriques exprimees en taux
llama3.2-3b,quebec,1i,"Terme quebecois : reconnaitre le sens d'un terme, hors contexte",accuracy,performance,49.12,pourcentage pour les metriques exprimees en taux
llama3.2-3b,quebec,1i,"Terme quebecois : reconnaitre le sens d'un terme, hors contexte",accuracy_hors_abstention,performance,53.5,pourcentage pour les metriques exprimees en taux
llama3.2-3b,quebec,1i,"Terme quebecois : reconnaitre le sens d'un terme, hors contexte",chance_level,repere,20.0,pourcentage pour les metriques exprimees en taux
llama3.2-3b,quebec,1i,"Terme quebecois : reconnaitre le sens d'un terme, hors contexte",macro_f1,performance,42.93,pourcentage pour les metriques exprimees en taux
llama3.2-3b,quebec,1i,"Terme quebecois : reconnaitre le sens d'un terme, hors contexte",majority_class_rate,repere,0.58,pourcentage pour les metriques exprimees en taux
llama3.2-3b,quebec,1i,"Terme quebecois : reconnaitre le sens d'un terme, hors contexte",num_answered,effectif,157.0,pourcentage pour les metriques exprimees en taux
llama3.2-3b,quebec,1i,"Terme quebecois : reconnaitre le sens d'un terme, hors contexte",num_items,effectif,171.0,pourcentage pour les metriques exprimees en taux
llama3.2-3b,quebec,1i,"Terme quebecois : reconnaitre le sens d'un terme, hors contexte",num_off_label,effectif,0.0,pourcentage pour les metriques exprimees en taux
llama3.2-3b,quebec,1j,"Provenance : designer la phrase ecrite par une personne, contre une machine",accuracy,performance,45.5,pourcentage pour les metriques exprimees en taux
llama3.2-3b,quebec,1j,"Provenance : designer la phrase ecrite par une personne, contre une machine",chance_level,repere,50.0,pourcentage pour les metriques exprimees en taux
llama3.2-3b,quebec,1j,"Provenance : designer la phrase ecrite par une personne, contre une machine",macro_f1,performance,38.52,pourcentage pour les metriques exprimees en taux
llama3.2-3b,quebec,1j,"Provenance : designer la phrase ecrite par une personne, contre une machine",majority_class_rate,repere,52.4,pourcentage pour les metriques exprimees en taux
llama3.2-3b,quebec,1j,"Provenance : designer la phrase ecrite par une personne, contre une machine",num_answered,effectif,1000.0,pourcentage pour les metriques exprimees en taux
llama3.2-3b,quebec,1j,"Provenance : designer la phrase ecrite par une personne, contre une machine",num_items,effectif,1000.0,pourcentage pour les metriques exprimees en taux
llama3.2-3b,quebec,1j,"Provenance : designer la phrase ecrite par une personne, contre une machine",num_items_with_rules_choice,effectif,957.0,pourcentage pour les metriques exprimees en taux
llama3.2-3b,quebec,1j,"Provenance : designer la phrase ecrite par une personne, contre une machine",num_off_label,effectif,0.0,pourcentage pour les metriques exprimees en taux
llama3.2-3b,quebec,1j,"Provenance : designer la phrase ecrite par une personne, contre une machine",rules_baseline_accuracy,repere,50.26,pourcentage pour les metriques exprimees en taux
llama3.2-3b,quebec,2a,Camp : gouvernement ou opposition,accuracy,performance,56.3,pourcentage pour les metriques exprimees en taux
llama3.2-3b,quebec,2a,Camp : gouvernement ou opposition,attribution_verified_share,repere,0.0,pourcentage pour les metriques exprimees en taux
llama3.2-3b,quebec,2a,Camp : gouvernement ou opposition,chance_level,repere,50.0,pourcentage pour les metriques exprimees en taux
llama3.2-3b,quebec,2a,Camp : gouvernement ou opposition,macro_f1,performance,48.22,pourcentage pour les metriques exprimees en taux
llama3.2-3b,quebec,2a,Camp : gouvernement ou opposition,majority_class_rate,repere,50.0,pourcentage pour les metriques exprimees en taux
llama3.2-3b,quebec,2a,Camp : gouvernement ou opposition,num_items,effectif,1000.0,pourcentage pour les metriques exprimees en taux
llama3.2-3b,quebec,2a,Camp : gouvernement ou opposition,num_off_label,effectif,0.0,pourcentage pour les metriques exprimees en taux
llama3.2-3b,quebec,2a,Camp : gouvernement ou opposition,question_period_share,repere,2.6,pourcentage pour les metriques exprimees en taux
llama3.2-3b,quebec,2b,"Parti : lequel, parmi ceux qui siegeaient a cette legislature",accuracy,performance,24.4,pourcentage pour les metriques exprimees en taux
llama3.2-3b,quebec,2b,"Parti : lequel, parmi ceux qui siegeaient a cette legislature",attribution_verified_share,repere,100.0,pourcentage pour les metriques exprimees en taux
llama3.2-3b,quebec,2b,"Parti : lequel, parmi ceux qui siegeaient a cette legislature",macro_f1,performance,17.39,pourcentage pour les metriques exprimees en taux
llama3.2-3b,quebec,2b,"Parti : lequel, parmi ceux qui siegeaient a cette legislature",majority_class_rate,repere,20.0,pourcentage pour les metriques exprimees en taux
llama3.2-3b,quebec,2b,"Parti : lequel, parmi ceux qui siegeaient a cette legislature",mean_options,effectif,4.884,pourcentage pour les metriques exprimees en taux
llama3.2-3b,quebec,2b,"Parti : lequel, parmi ceux qui siegeaient a cette legislature",num_items,effectif,1000.0,pourcentage pour les metriques exprimees en taux
llama3.2-3b,quebec,2b,"Parti : lequel, parmi ceux qui siegeaient a cette legislature",num_off_label,effectif,0.0,pourcentage pour les metriques exprimees en taux
llama3.2-3b,quebec,2b,"Parti : lequel, parmi ceux qui siegeaient a cette legislature",question_period_share,repere,1.1,pourcentage pour les metriques exprimees en taux
llama3.3-70b,quebec,1a,"Quebecisme : reperer un terme dans un echange, puis en donner le sens",definition_accuracy,performance,94.89,pourcentage pour les metriques exprimees en taux
llama3.3-70b,quebec,1a,"Quebecisme : reperer un terme dans un echange, puis en donner le sens",detection_accuracy,performance,32.89,pourcentage pour les metriques exprimees en taux
llama3.3-70b,quebec,1a,"Quebecisme : reperer un terme dans un echange, puis en donner le sens",num_definitions_scored,effectif,137.0,pourcentage pour les metriques exprimees en taux
llama3.3-70b,quebec,1a,"Quebecisme : reperer un terme dans un echange, puis en donner le sens",num_detected,effectif,175.0,pourcentage pour les metriques exprimees en taux
llama3.3-70b,quebec,1a,"Quebecisme : reperer un terme dans un echange, puis en donner le sens",num_items,effectif,532.0,pourcentage pour les metriques exprimees en taux
llama3.3-70b,quebec,1a,"Quebecisme : reperer un terme dans un echange, puis en donner le sens",num_no_term,effectif,0.0,pourcentage pour les metriques exprimees en taux
llama3.3-70b,quebec,1b,Terminologie parlementaire : reconnaitre le sens d'un terme de procedure,abstention_rate,performance,3.92,pourcentage pour les metriques exprimees en taux
llama3.3-70b,quebec,1b,Terminologie parlementaire : reconnaitre le sens d'un terme de procedure,accuracy,performance,94.22,pourcentage pour les metriques exprimees en taux
llama3.3-70b,quebec,1b,Terminologie parlementaire : reconnaitre le sens d'un terme de procedure,accuracy_hors_abstention,performance,98.06,pourcentage pour les metriques exprimees en taux
llama3.3-70b,quebec,1b,Terminologie parlementaire : reconnaitre le sens d'un terme de procedure,chance_level,repere,20.0,pourcentage pour les metriques exprimees en taux
llama3.3-70b,quebec,1b,Terminologie parlementaire : reconnaitre le sens d'un terme de procedure,macro_f1,performance,93.38,pourcentage pour les metriques exprimees en taux
llama3.3-70b,quebec,1b,Terminologie parlementaire : reconnaitre le sens d'un terme de procedure,majority_class_rate,repere,2.24,pourcentage pour les metriques exprimees en taux
llama3.3-70b,quebec,1b,Terminologie parlementaire : reconnaitre le sens d'un terme de procedure,num_answered,effectif,515.0,pourcentage pour les metriques exprimees en taux
llama3.3-70b,quebec,1b,Terminologie parlementaire : reconnaitre le sens d'un terme de procedure,num_items,effectif,536.0,pourcentage pour les metriques exprimees en taux
llama3.3-70b,quebec,1b,Terminologie parlementaire : reconnaitre le sens d'un terme de procedure,num_off_label,effectif,0.0,pourcentage pour les metriques exprimees en taux
llama3.3-70b,quebec,1c,Reference institutionnelle : produire l'expansion d'un sigle,abstention_rate,performance,0.0,pourcentage pour les metriques exprimees en taux
llama3.3-70b,quebec,1c,Reference institutionnelle : produire l'expansion d'un sigle,accuracy,performance,78.8,pourcentage pour les metriques exprimees en taux
llama3.3-70b,quebec,1c,Reference institutionnelle : produire l'expansion d'un sigle,containment_verbosity,performance,6.166666666666667,pourcentage pour les metriques exprimees en taux
llama3.3-70b,quebec,1c,Reference institutionnelle : produire l'expansion d'un sigle,num_items,effectif,1000.0,pourcentage pour les metriques exprimees en taux
llama3.3-70b,quebec,1c,Reference institutionnelle : produire l'expansion d'un sigle,span_containment,performance,79.0,pourcentage pour les metriques exprimees en taux
llama3.3-70b,quebec,1d,Norme lexicale : retrouver le mot employe par un locuteur quebecois,abstention_rate,performance,14.63,pourcentage pour les metriques exprimees en taux
llama3.3-70b,quebec,1d,Norme lexicale : retrouver le mot employe par un locuteur quebecois,accuracy,performance,54.01,pourcentage pour les metriques exprimees en taux
llama3.3-70b,quebec,1d,Norme lexicale : retrouver le mot employe par un locuteur quebecois,accuracy_hors_abstention,performance,63.27,pourcentage pour les metriques exprimees en taux
llama3.3-70b,quebec,1d,Norme lexicale : retrouver le mot employe par un locuteur quebecois,chance_level,repere,20.0,pourcentage pour les metriques exprimees en taux
llama3.3-70b,quebec,1d,Norme lexicale : retrouver le mot employe par un locuteur quebecois,macro_f1,performance,33.68,pourcentage pour les metriques exprimees en taux
llama3.3-70b,quebec,1d,Norme lexicale : retrouver le mot employe par un locuteur quebecois,majority_class_rate,repere,4.18,pourcentage pour les metriques exprimees en taux
llama3.3-70b,quebec,1d,Norme lexicale : retrouver le mot employe par un locuteur quebecois,num_answered,effectif,245.0,pourcentage pour les metriques exprimees en taux
llama3.3-70b,quebec,1d,Norme lexicale : retrouver le mot employe par un locuteur quebecois,num_items,effectif,287.0,pourcentage pour les metriques exprimees en taux
llama3.3-70b,quebec,1d,Norme lexicale : retrouver le mot employe par un locuteur quebecois,num_off_label,effectif,0.0,pourcentage pour les metriques exprimees en taux
llama3.3-70b,quebec,1e,Acceptabilite : juger si une phrase est du francais quebecois acceptable,accuracy,performance,81.1,pourcentage pour les metriques exprimees en taux
llama3.3-70b,quebec,1e,Acceptabilite : juger si une phrase est du francais quebecois acceptable,macro_f1,performance,77.17,pourcentage pour les metriques exprimees en taux
llama3.3-70b,quebec,1e,Acceptabilite : juger si une phrase est du francais quebecois acceptable,majority_class_rate,repere,69.3,pourcentage pour les metriques exprimees en taux
llama3.3-70b,quebec,1e,Acceptabilite : juger si une phrase est du francais quebecois acceptable,num_answered,effectif,1000.0,pourcentage pour les metriques exprimees en taux
llama3.3-70b,quebec,1e,Acceptabilite : juger si une phrase est du francais quebecois acceptable,num_items,effectif,1000.0,pourcentage pour les metriques exprimees en taux
llama3.3-70b,quebec,1e,Acceptabilite : juger si une phrase est du francais quebecois acceptable,num_off_label,effectif,0.0,pourcentage pour les metriques exprimees en taux
llama3.3-70b,quebec,1f,"Paire minimale : preferer la phrase grammaticale, contre un plafond humain",accuracy,performance,83.59,pourcentage pour les metriques exprimees en taux
llama3.3-70b,quebec,1f,"Paire minimale : preferer la phrase grammaticale, contre un plafond humain",chance_level,repere,50.0,pourcentage pour les metriques exprimees en taux
llama3.3-70b,quebec,1f,"Paire minimale : preferer la phrase grammaticale, contre un plafond humain",human_ceiling,repere,87.42,pourcentage pour les metriques exprimees en taux
llama3.3-70b,quebec,1f,"Paire minimale : preferer la phrase grammaticale, contre un plafond humain",macro_f1,performance,83.4,pourcentage pour les metriques exprimees en taux
llama3.3-70b,quebec,1f,"Paire minimale : preferer la phrase grammaticale, contre un plafond humain",majority_class_rate,repere,51.72,pourcentage pour les metriques exprimees en taux
llama3.3-70b,quebec,1f,"Paire minimale : preferer la phrase grammaticale, contre un plafond humain",num_answered,effectif,524.0,pourcentage pour les metriques exprimees en taux
llama3.3-70b,quebec,1f,"Paire minimale : preferer la phrase grammaticale, contre un plafond humain",num_items,effectif,524.0,pourcentage pour les metriques exprimees en taux
llama3.3-70b,quebec,1f,"Paire minimale : preferer la phrase grammaticale, contre un plafond humain",num_items_with_ceiling,effectif,524.0,pourcentage pour les metriques exprimees en taux
llama3.3-70b,quebec,1f,"Paire minimale : preferer la phrase grammaticale, contre un plafond humain",num_off_label,effectif,0.0,pourcentage pour les metriques exprimees en taux
llama3.3-70b,quebec,1h,"Expression quebecoise : reconnaitre le sens d'une expression, hors contexte",abstention_rate,performance,3.2,pourcentage pour les metriques exprimees en taux
llama3.3-70b,quebec,1h,"Expression quebecoise : reconnaitre le sens d'une expression, hors contexte",accuracy,performance,80.1,pourcentage pour les metriques exprimees en taux
llama3.3-70b,quebec,1h,"Expression quebecoise : reconnaitre le sens d'une expression, hors contexte",accuracy_hors_abstention,performance,82.75,pourcentage pour les metriques exprimees en taux
llama3.3-70b,quebec,1h,"Expression quebecoise : reconnaitre le sens d'une expression, hors contexte",chance_level,repere,20.0,pourcentage pour les metriques exprimees en taux
llama3.3-70b,quebec,1h,"Expression quebecoise : reconnaitre le sens d'une expression, hors contexte",macro_f1,performance,70.54,pourcentage pour les metriques exprimees en taux
llama3.3-70b,quebec,1h,"Expression quebecoise : reconnaitre le sens d'une expression, hors contexte",majority_class_rate,repere,0.3,pourcentage pour les metriques exprimees en taux
llama3.3-70b,quebec,1h,"Expression quebecoise : reconnaitre le sens d'une expression, hors contexte",num_answered,effectif,968.0,pourcentage pour les metriques exprimees en taux
llama3.3-70b,quebec,1h,"Expression quebecoise : reconnaitre le sens d'une expression, hors contexte",num_items,effectif,1000.0,pourcentage pour les metriques exprimees en taux
llama3.3-70b,quebec,1h,"Expression quebecoise : reconnaitre le sens d'une expression, hors contexte",num_off_label,effectif,0.0,pourcentage pour les metriques exprimees en taux
llama3.3-70b,quebec,1i,"Terme quebecois : reconnaitre le sens d'un terme, hors contexte",abstention_rate,performance,4.09,pourcentage pour les metriques exprimees en taux
llama3.3-70b,quebec,1i,"Terme quebecois : reconnaitre le sens d'un terme, hors contexte",accuracy,performance,78.95,pourcentage pour les metriques exprimees en taux
llama3.3-70b,quebec,1i,"Terme quebecois : reconnaitre le sens d'un terme, hors contexte",accuracy_hors_abstention,performance,82.32,pourcentage pour les metriques exprimees en taux
llama3.3-70b,quebec,1i,"Terme quebecois : reconnaitre le sens d'un terme, hors contexte",chance_level,repere,20.0,pourcentage pour les metriques exprimees en taux
llama3.3-70b,quebec,1i,"Terme quebecois : reconnaitre le sens d'un terme, hors contexte",macro_f1,performance,75.39,pourcentage pour les metriques exprimees en taux
llama3.3-70b,quebec,1i,"Terme quebecois : reconnaitre le sens d'un terme, hors contexte",majority_class_rate,repere,0.58,pourcentage pour les metriques exprimees en taux
llama3.3-70b,quebec,1i,"Terme quebecois : reconnaitre le sens d'un terme, hors contexte",num_answered,effectif,164.0,pourcentage pour les metriques exprimees en taux
llama3.3-70b,quebec,1i,"Terme quebecois : reconnaitre le sens d'un terme, hors contexte",num_items,effectif,171.0,pourcentage pour les metriques exprimees en taux
llama3.3-70b,quebec,1i,"Terme quebecois : reconnaitre le sens d'un terme, hors contexte",num_off_label,effectif,0.0,pourcentage pour les metriques exprimees en taux
llama3.3-70b,quebec,1j,"Provenance : designer la phrase ecrite par une personne, contre une machine",accuracy,performance,54.5,pourcentage pour les metriques exprimees en taux
llama3.3-70b,quebec,1j,"Provenance : designer la phrase ecrite par une personne, contre une machine",chance_level,repere,50.0,pourcentage pour les metriques exprimees en taux
llama3.3-70b,quebec,1j,"Provenance : designer la phrase ecrite par une personne, contre une machine",macro_f1,performance,54.09,pourcentage pour les metriques exprimees en taux
llama3.3-70b,quebec,1j,"Provenance : designer la phrase ecrite par une personne, contre une machine",majority_class_rate,repere,52.4,pourcentage pour les metriques exprimees en taux
llama3.3-70b,quebec,1j,"Provenance : designer la phrase ecrite par une personne, contre une machine",num_answered,effectif,1000.0,pourcentage pour les metriques exprimees en taux
llama3.3-70b,quebec,1j,"Provenance : designer la phrase ecrite par une personne, contre une machine",num_items,effectif,1000.0,pourcentage pour les metriques exprimees en taux
llama3.3-70b,quebec,1j,"Provenance : designer la phrase ecrite par une personne, contre une machine",num_items_with_rules_choice,effectif,957.0,pourcentage pour les metriques exprimees en taux
llama3.3-70b,quebec,1j,"Provenance : designer la phrase ecrite par une personne, contre une machine",num_off_label,effectif,0.0,pourcentage pour les metriques exprimees en taux
llama3.3-70b,quebec,1j,"Provenance : designer la phrase ecrite par une personne, contre une machine",rules_baseline_accuracy,repere,50.26,pourcentage pour les metriques exprimees en taux
llama3.3-70b,quebec,2a,Camp : gouvernement ou opposition,accuracy,performance,86.0,pourcentage pour les metriques exprimees en taux
llama3.3-70b,quebec,2a,Camp : gouvernement ou opposition,attribution_verified_share,repere,0.0,pourcentage pour les metriques exprimees en taux
llama3.3-70b,quebec,2a,Camp : gouvernement ou opposition,chance_level,repere,50.0,pourcentage pour les metriques exprimees en taux
llama3.3-70b,quebec,2a,Camp : gouvernement ou opposition,macro_f1,performance,85.98,pourcentage pour les metriques exprimees en taux
llama3.3-70b,quebec,2a,Camp : gouvernement ou opposition,majority_class_rate,repere,50.0,pourcentage pour les metriques exprimees en taux
llama3.3-70b,quebec,2a,Camp : gouvernement ou opposition,num_items,effectif,1000.0,pourcentage pour les metriques exprimees en taux
llama3.3-70b,quebec,2a,Camp : gouvernement ou opposition,num_off_label,effectif,0.0,pourcentage pour les metriques exprimees en taux
llama3.3-70b,quebec,2a,Camp : gouvernement ou opposition,question_period_share,repere,2.6,pourcentage pour les metriques exprimees en taux
llama3.3-70b,quebec,2b,"Parti : lequel, parmi ceux qui siegeaient a cette legislature",accuracy,performance,38.3,pourcentage pour les metriques exprimees en taux
llama3.3-70b,quebec,2b,"Parti : lequel, parmi ceux qui siegeaient a cette legislature",attribution_verified_share,repere,100.0,pourcentage pour les metriques exprimees en taux
llama3.3-70b,quebec,2b,"Parti : lequel, parmi ceux qui siegeaient a cette legislature",macro_f1,performance,28.83,pourcentage pour les metriques exprimees en taux
llama3.3-70b,quebec,2b,"Parti : lequel, parmi ceux qui siegeaient a cette legislature",majority_class_rate,repere,20.0,pourcentage pour les metriques exprimees en taux
llama3.3-70b,quebec,2b,"Parti : lequel, parmi ceux qui siegeaient a cette legislature",mean_options,effectif,4.884,pourcentage pour les metriques exprimees en taux
llama3.3-70b,quebec,2b,"Parti : lequel, parmi ceux qui siegeaient a cette legislature",num_items,effectif,1000.0,pourcentage pour les metriques exprimees en taux
llama3.3-70b,quebec,2b,"Parti : lequel, parmi ceux qui siegeaient a cette legislature",num_off_label,effectif,0.0,pourcentage pour les metriques exprimees en taux
llama3.3-70b,quebec,2b,"Parti : lequel, parmi ceux qui siegeaient a cette legislature",question_period_share,repere,1.1,pourcentage pour les metriques exprimees en taux
lucie-7b,quebec,1a,"Quebecisme : reperer un terme dans un echange, puis en donner le sens",definition_accuracy,performance,42.0,pourcentage pour les metriques exprimees en taux
lucie-7b,quebec,1a,"Quebecisme : reperer un terme dans un echange, puis en donner le sens",detection_accuracy,performance,12.41,pourcentage pour les metriques exprimees en taux
lucie-7b,quebec,1a,"Quebecisme : reperer un terme dans un echange, puis en donner le sens",num_definitions_scored,effectif,50.0,pourcentage pour les metriques exprimees en taux
lucie-7b,quebec,1a,"Quebecisme : reperer un terme dans un echange, puis en donner le sens",num_detected,effectif,66.0,pourcentage pour les metriques exprimees en taux
lucie-7b,quebec,1a,"Quebecisme : reperer un terme dans un echange, puis en donner le sens",num_items,effectif,532.0,pourcentage pour les metriques exprimees en taux
lucie-7b,quebec,1a,"Quebecisme : reperer un terme dans un echange, puis en donner le sens",num_no_term,effectif,0.0,pourcentage pour les metriques exprimees en taux
lucie-7b,quebec,1b,Terminologie parlementaire : reconnaitre le sens d'un terme de procedure,abstention_rate,performance,6.53,pourcentage pour les metriques exprimees en taux
lucie-7b,quebec,1b,Terminologie parlementaire : reconnaitre le sens d'un terme de procedure,accuracy,performance,74.07,pourcentage pour les metriques exprimees en taux
lucie-7b,quebec,1b,Terminologie parlementaire : reconnaitre le sens d'un terme de procedure,accuracy_hors_abstention,performance,79.24,pourcentage pour les metriques exprimees en taux
lucie-7b,quebec,1b,Terminologie parlementaire : reconnaitre le sens d'un terme de procedure,chance_level,repere,20.0,pourcentage pour les metriques exprimees en taux
lucie-7b,quebec,1b,Terminologie parlementaire : reconnaitre le sens d'un terme de procedure,macro_f1,performance,71.2,pourcentage pour les metriques exprimees en taux
lucie-7b,quebec,1b,Terminologie parlementaire : reconnaitre le sens d'un terme de procedure,majority_class_rate,repere,2.24,pourcentage pour les metriques exprimees en taux
lucie-7b,quebec,1b,Terminologie parlementaire : reconnaitre le sens d'un terme de procedure,num_answered,effectif,501.0,pourcentage pour les metriques exprimees en taux
lucie-7b,quebec,1b,Terminologie parlementaire : reconnaitre le sens d'un terme de procedure,num_items,effectif,536.0,pourcentage pour les metriques exprimees en taux
lucie-7b,quebec,1b,Terminologie parlementaire : reconnaitre le sens d'un terme de procedure,num_off_label,effectif,0.0,pourcentage pour les metriques exprimees en taux
lucie-7b,quebec,1c,Reference institutionnelle : produire l'expansion d'un sigle,abstention_rate,performance,0.3,pourcentage pour les metriques exprimees en taux
lucie-7b,quebec,1c,Reference institutionnelle : produire l'expansion d'un sigle,accuracy,performance,3.1,pourcentage pour les metriques exprimees en taux
lucie-7b,quebec,1c,Reference institutionnelle : produire l'expansion d'un sigle,containment_verbosity,performance,3.6666666666666665,pourcentage pour les metriques exprimees en taux
lucie-7b,quebec,1c,Reference institutionnelle : produire l'expansion d'un sigle,num_items,effectif,1000.0,pourcentage pour les metriques exprimees en taux
lucie-7b,quebec,1c,Reference institutionnelle : produire l'expansion d'un sigle,span_containment,performance,3.4,pourcentage pour les metriques exprimees en taux
lucie-7b,quebec,1d,Norme lexicale : retrouver le mot employe par un locuteur quebecois,abstention_rate,performance,81.53,pourcentage pour les metriques exprimees en taux
lucie-7b,quebec,1d,Norme lexicale : retrouver le mot employe par un locuteur quebecois,accuracy,performance,9.06,pourcentage pour les metriques exprimees en taux
lucie-7b,quebec,1d,Norme lexicale : retrouver le mot employe par un locuteur quebecois,accuracy_hors_abstention,performance,49.06,pourcentage pour les metriques exprimees en taux
lucie-7b,quebec,1d,Norme lexicale : retrouver le mot employe par un locuteur quebecois,chance_level,repere,20.0,pourcentage pour les metriques exprimees en taux
lucie-7b,quebec,1d,Norme lexicale : retrouver le mot employe par un locuteur quebecois,macro_f1,performance,10.39,pourcentage pour les metriques exprimees en taux
lucie-7b,quebec,1d,Norme lexicale : retrouver le mot employe par un locuteur quebecois,majority_class_rate,repere,4.18,pourcentage pour les metriques exprimees en taux
lucie-7b,quebec,1d,Norme lexicale : retrouver le mot employe par un locuteur quebecois,num_answered,effectif,53.0,pourcentage pour les metriques exprimees en taux
lucie-7b,quebec,1d,Norme lexicale : retrouver le mot employe par un locuteur quebecois,num_items,effectif,287.0,pourcentage pour les metriques exprimees en taux
lucie-7b,quebec,1d,Norme lexicale : retrouver le mot employe par un locuteur quebecois,num_off_label,effectif,0.0,pourcentage pour les metriques exprimees en taux
lucie-7b,quebec,1e,Acceptabilite : juger si une phrase est du francais quebecois acceptable,accuracy,performance,69.5,pourcentage pour les metriques exprimees en taux
lucie-7b,quebec,1e,Acceptabilite : juger si une phrase est du francais quebecois acceptable,macro_f1,performance,64.87,pourcentage pour les metriques exprimees en taux
lucie-7b,quebec,1e,Acceptabilite : juger si une phrase est du francais quebecois acceptable,majority_class_rate,repere,69.3,pourcentage pour les metriques exprimees en taux
lucie-7b,quebec,1e,Acceptabilite : juger si une phrase est du francais quebecois acceptable,num_answered,effectif,1000.0,pourcentage pour les metriques exprimees en taux
lucie-7b,quebec,1e,Acceptabilite : juger si une phrase est du francais quebecois acceptable,num_items,effectif,1000.0,pourcentage pour les metriques exprimees en taux
lucie-7b,quebec,1e,Acceptabilite : juger si une phrase est du francais quebecois acceptable,num_off_label,effectif,0.0,pourcentage pour les metriques exprimees en taux
lucie-7b,quebec,1f,"Paire minimale : preferer la phrase grammaticale, contre un plafond humain",accuracy,performance,60.88,pourcentage pour les metriques exprimees en taux
lucie-7b,quebec,1f,"Paire minimale : preferer la phrase grammaticale, contre un plafond humain",chance_level,repere,50.0,pourcentage pour les metriques exprimees en taux
lucie-7b,quebec,1f,"Paire minimale : preferer la phrase grammaticale, contre un plafond humain",human_ceiling,repere,87.42,pourcentage pour les metriques exprimees en taux
lucie-7b,quebec,1f,"Paire minimale : preferer la phrase grammaticale, contre un plafond humain",macro_f1,performance,54.28,pourcentage pour les metriques exprimees en taux
lucie-7b,quebec,1f,"Paire minimale : preferer la phrase grammaticale, contre un plafond humain",majority_class_rate,repere,51.72,pourcentage pour les metriques exprimees en taux
lucie-7b,quebec,1f,"Paire minimale : preferer la phrase grammaticale, contre un plafond humain",num_answered,effectif,524.0,pourcentage pour les metriques exprimees en taux
lucie-7b,quebec,1f,"Paire minimale : preferer la phrase grammaticale, contre un plafond humain",num_items,effectif,524.0,pourcentage pour les metriques exprimees en taux
lucie-7b,quebec,1f,"Paire minimale : preferer la phrase grammaticale, contre un plafond humain",num_items_with_ceiling,effectif,524.0,pourcentage pour les metriques exprimees en taux
lucie-7b,quebec,1f,"Paire minimale : preferer la phrase grammaticale, contre un plafond humain",num_off_label,effectif,0.0,pourcentage pour les metriques exprimees en taux
lucie-7b,quebec,1h,"Expression quebecoise : reconnaitre le sens d'une expression, hors contexte",abstention_rate,performance,27.4,pourcentage pour les metriques exprimees en taux
lucie-7b,quebec,1h,"Expression quebecoise : reconnaitre le sens d'une expression, hors contexte",accuracy,performance,47.2,pourcentage pour les metriques exprimees en taux
lucie-7b,quebec,1h,"Expression quebecoise : reconnaitre le sens d'une expression, hors contexte",accuracy_hors_abstention,performance,65.01,pourcentage pour les metriques exprimees en taux
lucie-7b,quebec,1h,"Expression quebecoise : reconnaitre le sens d'une expression, hors contexte",chance_level,repere,20.0,pourcentage pour les metriques exprimees en taux
lucie-7b,quebec,1h,"Expression quebecoise : reconnaitre le sens d'une expression, hors contexte",macro_f1,performance,39.4,pourcentage pour les metriques exprimees en taux
lucie-7b,quebec,1h,"Expression quebecoise : reconnaitre le sens d'une expression, hors contexte",majority_class_rate,repere,0.3,pourcentage pour les metriques exprimees en taux
lucie-7b,quebec,1h,"Expression quebecoise : reconnaitre le sens d'une expression, hors contexte",num_answered,effectif,726.0,pourcentage pour les metriques exprimees en taux
lucie-7b,quebec,1h,"Expression quebecoise : reconnaitre le sens d'une expression, hors contexte",num_items,effectif,1000.0,pourcentage pour les metriques exprimees en taux
lucie-7b,quebec,1h,"Expression quebecoise : reconnaitre le sens d'une expression, hors contexte",num_off_label,effectif,0.0,pourcentage pour les metriques exprimees en taux
lucie-7b,quebec,1i,"Terme quebecois : reconnaitre le sens d'un terme, hors contexte",abstention_rate,performance,19.3,pourcentage pour les metriques exprimees en taux
lucie-7b,quebec,1i,"Terme quebecois : reconnaitre le sens d'un terme, hors contexte",accuracy,performance,52.63,pourcentage pour les metriques exprimees en taux
lucie-7b,quebec,1i,"Terme quebecois : reconnaitre le sens d'un terme, hors contexte",accuracy_hors_abstention,performance,65.22,pourcentage pour les metriques exprimees en taux
lucie-7b,quebec,1i,"Terme quebecois : reconnaitre le sens d'un terme, hors contexte",chance_level,repere,20.0,pourcentage pour les metriques exprimees en taux
lucie-7b,quebec,1i,"Terme quebecois : reconnaitre le sens d'un terme, hors contexte",macro_f1,performance,48.79,pourcentage pour les metriques exprimees en taux
lucie-7b,quebec,1i,"Terme quebecois : reconnaitre le sens d'un terme, hors contexte",majority_class_rate,repere,0.58,pourcentage pour les metriques exprimees en taux
lucie-7b,quebec,1i,"Terme quebecois : reconnaitre le sens d'un terme, hors contexte",num_answered,effectif,138.0,pourcentage pour les metriques exprimees en taux
lucie-7b,quebec,1i,"Terme quebecois : reconnaitre le sens d'un terme, hors contexte",num_items,effectif,171.0,pourcentage pour les metriques exprimees en taux
lucie-7b,quebec,1i,"Terme quebecois : reconnaitre le sens d'un terme, hors contexte",num_off_label,effectif,0.0,pourcentage pour les metriques exprimees en taux
lucie-7b,quebec,1j,"Provenance : designer la phrase ecrite par une personne, contre une machine",accuracy,performance,47.6,pourcentage pour les metriques exprimees en taux
lucie-7b,quebec,1j,"Provenance : designer la phrase ecrite par une personne, contre une machine",chance_level,repere,50.0,pourcentage pour les metriques exprimees en taux
lucie-7b,quebec,1j,"Provenance : designer la phrase ecrite par une personne, contre une machine",macro_f1,performance,32.25,pourcentage pour les metriques exprimees en taux
lucie-7b,quebec,1j,"Provenance : designer la phrase ecrite par une personne, contre une machine",majority_class_rate,repere,52.4,pourcentage pour les metriques exprimees en taux
lucie-7b,quebec,1j,"Provenance : designer la phrase ecrite par une personne, contre une machine",num_answered,effectif,1000.0,pourcentage pour les metriques exprimees en taux
lucie-7b,quebec,1j,"Provenance : designer la phrase ecrite par une personne, contre une machine",num_items,effectif,1000.0,pourcentage pour les metriques exprimees en taux
lucie-7b,quebec,1j,"Provenance : designer la phrase ecrite par une personne, contre une machine",num_items_with_rules_choice,effectif,957.0,pourcentage pour les metriques exprimees en taux
lucie-7b,quebec,1j,"Provenance : designer la phrase ecrite par une personne, contre une machine",num_off_label,effectif,0.0,pourcentage pour les metriques exprimees en taux
lucie-7b,quebec,1j,"Provenance : designer la phrase ecrite par une personne, contre une machine",rules_baseline_accuracy,repere,50.26,pourcentage pour les metriques exprimees en taux
lucie-7b,quebec,2a,Camp : gouvernement ou opposition,accuracy,performance,50.3,pourcentage pour les metriques exprimees en taux
lucie-7b,quebec,2a,Camp : gouvernement ou opposition,attribution_verified_share,repere,0.0,pourcentage pour les metriques exprimees en taux
lucie-7b,quebec,2a,Camp : gouvernement ou opposition,chance_level,repere,50.0,pourcentage pour les metriques exprimees en taux
lucie-7b,quebec,2a,Camp : gouvernement ou opposition,macro_f1,performance,34.0,pourcentage pour les metriques exprimees en taux
lucie-7b,quebec,2a,Camp : gouvernement ou opposition,majority_class_rate,repere,50.0,pourcentage pour les metriques exprimees en taux
lucie-7b,quebec,2a,Camp : gouvernement ou opposition,num_items,effectif,1000.0,pourcentage pour les metriques exprimees en taux
lucie-7b,quebec,2a,Camp : gouvernement ou opposition,num_off_label,effectif,0.0,pourcentage pour les metriques exprimees en taux
lucie-7b,quebec,2a,Camp : gouvernement ou opposition,question_period_share,repere,2.6,pourcentage pour les metriques exprimees en taux
lucie-7b,quebec,2b,"Parti : lequel, parmi ceux qui siegeaient a cette legislature",accuracy,performance,19.7,pourcentage pour les metriques exprimees en taux
lucie-7b,quebec,2b,"Parti : lequel, parmi ceux qui siegeaient a cette legislature",attribution_verified_share,repere,100.0,pourcentage pour les metriques exprimees en taux
lucie-7b,quebec,2b,"Parti : lequel, parmi ceux qui siegeaient a cette legislature",macro_f1,performance,12.78,pourcentage pour les metriques exprimees en taux
lucie-7b,quebec,2b,"Parti : lequel, parmi ceux qui siegeaient a cette legislature",majority_class_rate,repere,20.0,pourcentage pour les metriques exprimees en taux
lucie-7b,quebec,2b,"Parti : lequel, parmi ceux qui siegeaient a cette legislature",mean_options,effectif,4.884,pourcentage pour les metriques exprimees en taux
lucie-7b,quebec,2b,"Parti : lequel, parmi ceux qui siegeaient a cette legislature",num_items,effectif,1000.0,pourcentage pour les metriques exprimees en taux
lucie-7b,quebec,2b,"Parti : lequel, parmi ceux qui siegeaient a cette legislature",num_off_label,effectif,0.0,pourcentage pour les metriques exprimees en taux
lucie-7b,quebec,2b,"Parti : lequel, parmi ceux qui siegeaient a cette legislature",question_period_share,repere,1.1,pourcentage pour les metriques exprimees en taux
luciole-8b,quebec,1a,"Quebecisme : reperer un terme dans un echange, puis en donner le sens",definition_accuracy,performance,59.7,pourcentage pour les metriques exprimees en taux
luciole-8b,quebec,1a,"Quebecisme : reperer un terme dans un echange, puis en donner le sens",detection_accuracy,performance,15.6,pourcentage pour les metriques exprimees en taux
luciole-8b,quebec,1a,"Quebecisme : reperer un terme dans un echange, puis en donner le sens",num_definitions_scored,effectif,67.0,pourcentage pour les metriques exprimees en taux
luciole-8b,quebec,1a,"Quebecisme : reperer un terme dans un echange, puis en donner le sens",num_detected,effectif,83.0,pourcentage pour les metriques exprimees en taux
luciole-8b,quebec,1a,"Quebecisme : reperer un terme dans un echange, puis en donner le sens",num_items,effectif,532.0,pourcentage pour les metriques exprimees en taux
luciole-8b,quebec,1a,"Quebecisme : reperer un terme dans un echange, puis en donner le sens",num_no_term,effectif,0.0,pourcentage pour les metriques exprimees en taux
luciole-8b,quebec,1b,Terminologie parlementaire : reconnaitre le sens d'un terme de procedure,abstention_rate,performance,4.48,pourcentage pour les metriques exprimees en taux
luciole-8b,quebec,1b,Terminologie parlementaire : reconnaitre le sens d'un terme de procedure,accuracy,performance,86.75,pourcentage pour les metriques exprimees en taux
luciole-8b,quebec,1b,Terminologie parlementaire : reconnaitre le sens d'un terme de procedure,accuracy_hors_abstention,performance,90.82,pourcentage pour les metriques exprimees en taux
luciole-8b,quebec,1b,Terminologie parlementaire : reconnaitre le sens d'un terme de procedure,chance_level,repere,20.0,pourcentage pour les metriques exprimees en taux
luciole-8b,quebec,1b,Terminologie parlementaire : reconnaitre le sens d'un terme de procedure,macro_f1,performance,79.97,pourcentage pour les metriques exprimees en taux
luciole-8b,quebec,1b,Terminologie parlementaire : reconnaitre le sens d'un terme de procedure,majority_class_rate,repere,2.24,pourcentage pour les metriques exprimees en taux
luciole-8b,quebec,1b,Terminologie parlementaire : reconnaitre le sens d'un terme de procedure,num_answered,effectif,512.0,pourcentage pour les metriques exprimees en taux
luciole-8b,quebec,1b,Terminologie parlementaire : reconnaitre le sens d'un terme de procedure,num_items,effectif,536.0,pourcentage pour les metriques exprimees en taux
luciole-8b,quebec,1b,Terminologie parlementaire : reconnaitre le sens d'un terme de procedure,num_off_label,effectif,0.0,pourcentage pour les metriques exprimees en taux
luciole-8b,quebec,1c,Reference institutionnelle : produire l'expansion d'un sigle,abstention_rate,performance,0.0,pourcentage pour les metriques exprimees en taux
luciole-8b,quebec,1c,Reference institutionnelle : produire l'expansion d'un sigle,accuracy,performance,7.6,pourcentage pour les metriques exprimees en taux
luciole-8b,quebec,1c,Reference institutionnelle : produire l'expansion d'un sigle,containment_verbosity,performance,3.6666666666666665,pourcentage pour les metriques exprimees en taux
luciole-8b,quebec,1c,Reference institutionnelle : produire l'expansion d'un sigle,num_items,effectif,1000.0,pourcentage pour les metriques exprimees en taux
luciole-8b,quebec,1c,Reference institutionnelle : produire l'expansion d'un sigle,span_containment,performance,91.7,pourcentage pour les metriques exprimees en taux
luciole-8b,quebec,1d,Norme lexicale : retrouver le mot employe par un locuteur quebecois,abstention_rate,performance,3.83,pourcentage pour les metriques exprimees en taux
luciole-8b,quebec,1d,Norme lexicale : retrouver le mot employe par un locuteur quebecois,accuracy,performance,51.57,pourcentage pour les metriques exprimees en taux
luciole-8b,quebec,1d,Norme lexicale : retrouver le mot employe par un locuteur quebecois,accuracy_hors_abstention,performance,53.62,pourcentage pour les metriques exprimees en taux
luciole-8b,quebec,1d,Norme lexicale : retrouver le mot employe par un locuteur quebecois,chance_level,repere,20.0,pourcentage pour les metriques exprimees en taux
luciole-8b,quebec,1d,Norme lexicale : retrouver le mot employe par un locuteur quebecois,macro_f1,performance,33.17,pourcentage pour les metriques exprimees en taux
luciole-8b,quebec,1d,Norme lexicale : retrouver le mot employe par un locuteur quebecois,majority_class_rate,repere,4.18,pourcentage pour les metriques exprimees en taux
luciole-8b,quebec,1d,Norme lexicale : retrouver le mot employe par un locuteur quebecois,num_answered,effectif,276.0,pourcentage pour les metriques exprimees en taux
luciole-8b,quebec,1d,Norme lexicale : retrouver le mot employe par un locuteur quebecois,num_items,effectif,287.0,pourcentage pour les metriques exprimees en taux
luciole-8b,quebec,1d,Norme lexicale : retrouver le mot employe par un locuteur quebecois,num_off_label,effectif,0.0,pourcentage pour les metriques exprimees en taux
luciole-8b,quebec,1e,Acceptabilite : juger si une phrase est du francais quebecois acceptable,accuracy,performance,68.9,pourcentage pour les metriques exprimees en taux
luciole-8b,quebec,1e,Acceptabilite : juger si une phrase est du francais quebecois acceptable,macro_f1,performance,66.15,pourcentage pour les metriques exprimees en taux
luciole-8b,quebec,1e,Acceptabilite : juger si une phrase est du francais quebecois acceptable,majority_class_rate,repere,69.3,pourcentage pour les metriques exprimees en taux
luciole-8b,quebec,1e,Acceptabilite : juger si une phrase est du francais quebecois acceptable,num_answered,effectif,1000.0,pourcentage pour les metriques exprimees en taux
luciole-8b,quebec,1e,Acceptabilite : juger si une phrase est du francais quebecois acceptable,num_items,effectif,1000.0,pourcentage pour les metriques exprimees en taux
luciole-8b,quebec,1e,Acceptabilite : juger si une phrase est du francais quebecois acceptable,num_off_label,effectif,0.0,pourcentage pour les metriques exprimees en taux
luciole-8b,quebec,1f,"Paire minimale : preferer la phrase grammaticale, contre un plafond humain",accuracy,performance,76.91,pourcentage pour les metriques exprimees en taux
luciole-8b,quebec,1f,"Paire minimale : preferer la phrase grammaticale, contre un plafond humain",chance_level,repere,50.0,pourcentage pour les metriques exprimees en taux
luciole-8b,quebec,1f,"Paire minimale : preferer la phrase grammaticale, contre un plafond humain",human_ceiling,repere,87.42,pourcentage pour les metriques exprimees en taux
luciole-8b,quebec,1f,"Paire minimale : preferer la phrase grammaticale, contre un plafond humain",macro_f1,performance,76.16,pourcentage pour les metriques exprimees en taux
luciole-8b,quebec,1f,"Paire minimale : preferer la phrase grammaticale, contre un plafond humain",majority_class_rate,repere,51.72,pourcentage pour les metriques exprimees en taux
luciole-8b,quebec,1f,"Paire minimale : preferer la phrase grammaticale, contre un plafond humain",num_answered,effectif,524.0,pourcentage pour les metriques exprimees en taux
luciole-8b,quebec,1f,"Paire minimale : preferer la phrase grammaticale, contre un plafond humain",num_items,effectif,524.0,pourcentage pour les metriques exprimees en taux
luciole-8b,quebec,1f,"Paire minimale : preferer la phrase grammaticale, contre un plafond humain",num_items_with_ceiling,effectif,524.0,pourcentage pour les metriques exprimees en taux
luciole-8b,quebec,1f,"Paire minimale : preferer la phrase grammaticale, contre un plafond humain",num_off_label,effectif,0.0,pourcentage pour les metriques exprimees en taux
luciole-8b,quebec,1h,"Expression quebecoise : reconnaitre le sens d'une expression, hors contexte",abstention_rate,performance,23.4,pourcentage pour les metriques exprimees en taux
luciole-8b,quebec,1h,"Expression quebecoise : reconnaitre le sens d'une expression, hors contexte",accuracy,performance,51.9,pourcentage pour les metriques exprimees en taux
luciole-8b,quebec,1h,"Expression quebecoise : reconnaitre le sens d'une expression, hors contexte",accuracy_hors_abstention,performance,67.75,pourcentage pour les metriques exprimees en taux
luciole-8b,quebec,1h,"Expression quebecoise : reconnaitre le sens d'une expression, hors contexte",chance_level,repere,20.0,pourcentage pour les metriques exprimees en taux
luciole-8b,quebec,1h,"Expression quebecoise : reconnaitre le sens d'une expression, hors contexte",macro_f1,performance,43.62,pourcentage pour les metriques exprimees en taux
luciole-8b,quebec,1h,"Expression quebecoise : reconnaitre le sens d'une expression, hors contexte",majority_class_rate,repere,0.3,pourcentage pour les metriques exprimees en taux
luciole-8b,quebec,1h,"Expression quebecoise : reconnaitre le sens d'une expression, hors contexte",num_answered,effectif,766.0,pourcentage pour les metriques exprimees en taux
luciole-8b,quebec,1h,"Expression quebecoise : reconnaitre le sens d'une expression, hors contexte",num_items,effectif,1000.0,pourcentage pour les metriques exprimees en taux
luciole-8b,quebec,1h,"Expression quebecoise : reconnaitre le sens d'une expression, hors contexte",num_off_label,effectif,0.0,pourcentage pour les metriques exprimees en taux
luciole-8b,quebec,1i,"Terme quebecois : reconnaitre le sens d'un terme, hors contexte",abstention_rate,performance,5.26,pourcentage pour les metriques exprimees en taux
luciole-8b,quebec,1i,"Terme quebecois : reconnaitre le sens d'un terme, hors contexte",accuracy,performance,70.18,pourcentage pour les metriques exprimees en taux
luciole-8b,quebec,1i,"Terme quebecois : reconnaitre le sens d'un terme, hors contexte",accuracy_hors_abstention,performance,74.07,pourcentage pour les metriques exprimees en taux
luciole-8b,quebec,1i,"Terme quebecois : reconnaitre le sens d'un terme, hors contexte",chance_level,repere,20.0,pourcentage pour les metriques exprimees en taux
luciole-8b,quebec,1i,"Terme quebecois : reconnaitre le sens d'un terme, hors contexte",macro_f1,performance,65.49,pourcentage pour les metriques exprimees en taux
luciole-8b,quebec,1i,"Terme quebecois : reconnaitre le sens d'un terme, hors contexte",majority_class_rate,repere,0.58,pourcentage pour les metriques exprimees en taux
luciole-8b,quebec,1i,"Terme quebecois : reconnaitre le sens d'un terme, hors contexte",num_answered,effectif,162.0,pourcentage pour les metriques exprimees en taux
luciole-8b,quebec,1i,"Terme quebecois : reconnaitre le sens d'un terme, hors contexte",num_items,effectif,171.0,pourcentage pour les metriques exprimees en taux
luciole-8b,quebec,1i,"Terme quebecois : reconnaitre le sens d'un terme, hors contexte",num_off_label,effectif,0.0,pourcentage pour les metriques exprimees en taux
luciole-8b,quebec,1j,"Provenance : designer la phrase ecrite par une personne, contre une machine",accuracy,performance,45.7,pourcentage pour les metriques exprimees en taux
luciole-8b,quebec,1j,"Provenance : designer la phrase ecrite par une personne, contre une machine",chance_level,repere,50.0,pourcentage pour les metriques exprimees en taux
luciole-8b,quebec,1j,"Provenance : designer la phrase ecrite par une personne, contre une machine",macro_f1,performance,44.87,pourcentage pour les metriques exprimees en taux
luciole-8b,quebec,1j,"Provenance : designer la phrase ecrite par une personne, contre une machine",majority_class_rate,repere,52.4,pourcentage pour les metriques exprimees en taux
luciole-8b,quebec,1j,"Provenance : designer la phrase ecrite par une personne, contre une machine",num_answered,effectif,1000.0,pourcentage pour les metriques exprimees en taux
luciole-8b,quebec,1j,"Provenance : designer la phrase ecrite par une personne, contre une machine",num_items,effectif,1000.0,pourcentage pour les metriques exprimees en taux
luciole-8b,quebec,1j,"Provenance : designer la phrase ecrite par une personne, contre une machine",num_items_with_rules_choice,effectif,957.0,pourcentage pour les metriques exprimees en taux
luciole-8b,quebec,1j,"Provenance : designer la phrase ecrite par une personne, contre une machine",num_off_label,effectif,0.0,pourcentage pour les metriques exprimees en taux
luciole-8b,quebec,1j,"Provenance : designer la phrase ecrite par une personne, contre une machine",rules_baseline_accuracy,repere,50.26,pourcentage pour les metriques exprimees en taux
luciole-8b,quebec,2a,Camp : gouvernement ou opposition,accuracy,performance,66.5,pourcentage pour les metriques exprimees en taux
luciole-8b,quebec,2a,Camp : gouvernement ou opposition,attribution_verified_share,repere,0.0,pourcentage pour les metriques exprimees en taux
luciole-8b,quebec,2a,Camp : gouvernement ou opposition,chance_level,repere,50.0,pourcentage pour les metriques exprimees en taux
luciole-8b,quebec,2a,Camp : gouvernement ou opposition,macro_f1,performance,43.25,pourcentage pour les metriques exprimees en taux
luciole-8b,quebec,2a,Camp : gouvernement ou opposition,majority_class_rate,repere,50.0,pourcentage pour les metriques exprimees en taux
luciole-8b,quebec,2a,Camp : gouvernement ou opposition,num_items,effectif,1000.0,pourcentage pour les metriques exprimees en taux
luciole-8b,quebec,2a,Camp : gouvernement ou opposition,num_off_label,effectif,16.0,pourcentage pour les metriques exprimees en taux
luciole-8b,quebec,2a,Camp : gouvernement ou opposition,question_period_share,repere,2.6,pourcentage pour les metriques exprimees en taux
luciole-8b,quebec,2b,"Parti : lequel, parmi ceux qui siegeaient a cette legislature",accuracy,performance,23.3,pourcentage pour les metriques exprimees en taux
luciole-8b,quebec,2b,"Parti : lequel, parmi ceux qui siegeaient a cette legislature",attribution_verified_share,repere,100.0,pourcentage pour les metriques exprimees en taux
luciole-8b,quebec,2b,"Parti : lequel, parmi ceux qui siegeaient a cette legislature",macro_f1,performance,14.2,pourcentage pour les metriques exprimees en taux
luciole-8b,quebec,2b,"Parti : lequel, parmi ceux qui siegeaient a cette legislature",majority_class_rate,repere,20.0,pourcentage pour les metriques exprimees en taux
luciole-8b,quebec,2b,"Parti : lequel, parmi ceux qui siegeaient a cette legislature",mean_options,effectif,4.884,pourcentage pour les metriques exprimees en taux
luciole-8b,quebec,2b,"Parti : lequel, parmi ceux qui siegeaient a cette legislature",num_items,effectif,1000.0,pourcentage pour les metriques exprimees en taux
luciole-8b,quebec,2b,"Parti : lequel, parmi ceux qui siegeaient a cette legislature",num_off_label,effectif,3.0,pourcentage pour les metriques exprimees en taux
luciole-8b,quebec,2b,"Parti : lequel, parmi ceux qui siegeaient a cette legislature",question_period_share,repere,1.1,pourcentage pour les metriques exprimees en taux
mistral-nemo-12b,quebec,1a,"Quebecisme : reperer un terme dans un echange, puis en donner le sens",definition_accuracy,performance,81.51,pourcentage pour les metriques exprimees en taux
mistral-nemo-12b,quebec,1a,"Quebecisme : reperer un terme dans un echange, puis en donner le sens",detection_accuracy,performance,26.32,pourcentage pour les metriques exprimees en taux
mistral-nemo-12b,quebec,1a,"Quebecisme : reperer un terme dans un echange, puis en donner le sens",num_definitions_scored,effectif,119.0,pourcentage pour les metriques exprimees en taux
mistral-nemo-12b,quebec,1a,"Quebecisme : reperer un terme dans un echange, puis en donner le sens",num_detected,effectif,140.0,pourcentage pour les metriques exprimees en taux
mistral-nemo-12b,quebec,1a,"Quebecisme : reperer un terme dans un echange, puis en donner le sens",num_items,effectif,532.0,pourcentage pour les metriques exprimees en taux
mistral-nemo-12b,quebec,1a,"Quebecisme : reperer un terme dans un echange, puis en donner le sens",num_no_term,effectif,0.0,pourcentage pour les metriques exprimees en taux
mistral-nemo-12b,quebec,1b,Terminologie parlementaire : reconnaitre le sens d'un terme de procedure,abstention_rate,performance,7.65,pourcentage pour les metriques exprimees en taux
mistral-nemo-12b,quebec,1b,Terminologie parlementaire : reconnaitre le sens d'un terme de procedure,accuracy,performance,88.99,pourcentage pour les metriques exprimees en taux
mistral-nemo-12b,quebec,1b,Terminologie parlementaire : reconnaitre le sens d'un terme de procedure,accuracy_hors_abstention,performance,96.36,pourcentage pour les metriques exprimees en taux
mistral-nemo-12b,quebec,1b,Terminologie parlementaire : reconnaitre le sens d'un terme de procedure,chance_level,repere,20.0,pourcentage pour les metriques exprimees en taux
mistral-nemo-12b,quebec,1b,Terminologie parlementaire : reconnaitre le sens d'un terme de procedure,macro_f1,performance,88.41,pourcentage pour les metriques exprimees en taux
mistral-nemo-12b,quebec,1b,Terminologie parlementaire : reconnaitre le sens d'un terme de procedure,majority_class_rate,repere,2.24,pourcentage pour les metriques exprimees en taux
mistral-nemo-12b,quebec,1b,Terminologie parlementaire : reconnaitre le sens d'un terme de procedure,num_answered,effectif,495.0,pourcentage pour les metriques exprimees en taux
mistral-nemo-12b,quebec,1b,Terminologie parlementaire : reconnaitre le sens d'un terme de procedure,num_items,effectif,536.0,pourcentage pour les metriques exprimees en taux
mistral-nemo-12b,quebec,1b,Terminologie parlementaire : reconnaitre le sens d'un terme de procedure,num_off_label,effectif,0.0,pourcentage pour les metriques exprimees en taux
mistral-nemo-12b,quebec,1c,Reference institutionnelle : produire l'expansion d'un sigle,abstention_rate,performance,51.5,pourcentage pour les metriques exprimees en taux
mistral-nemo-12b,quebec,1c,Reference institutionnelle : produire l'expansion d'un sigle,accuracy,performance,34.8,pourcentage pour les metriques exprimees en taux
mistral-nemo-12b,quebec,1c,Reference institutionnelle : produire l'expansion d'un sigle,containment_verbosity,performance,1.3333333333333333,pourcentage pour les metriques exprimees en taux
mistral-nemo-12b,quebec,1c,Reference institutionnelle : produire l'expansion d'un sigle,num_items,effectif,1000.0,pourcentage pour les metriques exprimees en taux
mistral-nemo-12b,quebec,1c,Reference institutionnelle : produire l'expansion d'un sigle,span_containment,performance,41.0,pourcentage pour les metriques exprimees en taux
mistral-nemo-12b,quebec,1d,Norme lexicale : retrouver le mot employe par un locuteur quebecois,abstention_rate,performance,8.36,pourcentage pour les metriques exprimees en taux
mistral-nemo-12b,quebec,1d,Norme lexicale : retrouver le mot employe par un locuteur quebecois,accuracy,performance,50.17,pourcentage pour les metriques exprimees en taux
mistral-nemo-12b,quebec,1d,Norme lexicale : retrouver le mot employe par un locuteur quebecois,accuracy_hors_abstention,performance,54.75,pourcentage pour les metriques exprimees en taux
mistral-nemo-12b,quebec,1d,Norme lexicale : retrouver le mot employe par un locuteur quebecois,chance_level,repere,20.0,pourcentage pour les metriques exprimees en taux
mistral-nemo-12b,quebec,1d,Norme lexicale : retrouver le mot employe par un locuteur quebecois,macro_f1,performance,33.22,pourcentage pour les metriques exprimees en taux
mistral-nemo-12b,quebec,1d,Norme lexicale : retrouver le mot employe par un locuteur quebecois,majority_class_rate,repere,4.18,pourcentage pour les metriques exprimees en taux
mistral-nemo-12b,quebec,1d,Norme lexicale : retrouver le mot employe par un locuteur quebecois,num_answered,effectif,263.0,pourcentage pour les metriques exprimees en taux
mistral-nemo-12b,quebec,1d,Norme lexicale : retrouver le mot employe par un locuteur quebecois,num_items,effectif,287.0,pourcentage pour les metriques exprimees en taux
mistral-nemo-12b,quebec,1d,Norme lexicale : retrouver le mot employe par un locuteur quebecois,num_off_label,effectif,0.0,pourcentage pour les metriques exprimees en taux
mistral-nemo-12b,quebec,1e,Acceptabilite : juger si une phrase est du francais quebecois acceptable,accuracy,performance,78.1,pourcentage pour les metriques exprimees en taux
mistral-nemo-12b,quebec,1e,Acceptabilite : juger si une phrase est du francais quebecois acceptable,macro_f1,performance,68.15,pourcentage pour les metriques exprimees en taux
mistral-nemo-12b,quebec,1e,Acceptabilite : juger si une phrase est du francais quebecois acceptable,majority_class_rate,repere,69.3,pourcentage pour les metriques exprimees en taux
mistral-nemo-12b,quebec,1e,Acceptabilite : juger si une phrase est du francais quebecois acceptable,num_answered,effectif,1000.0,pourcentage pour les metriques exprimees en taux
mistral-nemo-12b,quebec,1e,Acceptabilite : juger si une phrase est du francais quebecois acceptable,num_items,effectif,1000.0,pourcentage pour les metriques exprimees en taux
mistral-nemo-12b,quebec,1e,Acceptabilite : juger si une phrase est du francais quebecois acceptable,num_off_label,effectif,0.0,pourcentage pour les metriques exprimees en taux
mistral-nemo-12b,quebec,1f,"Paire minimale : preferer la phrase grammaticale, contre un plafond humain",accuracy,performance,88.74,pourcentage pour les metriques exprimees en taux
mistral-nemo-12b,quebec,1f,"Paire minimale : preferer la phrase grammaticale, contre un plafond humain",chance_level,repere,50.0,pourcentage pour les metriques exprimees en taux
mistral-nemo-12b,quebec,1f,"Paire minimale : preferer la phrase grammaticale, contre un plafond humain",human_ceiling,repere,87.42,pourcentage pour les metriques exprimees en taux
mistral-nemo-12b,quebec,1f,"Paire minimale : preferer la phrase grammaticale, contre un plafond humain",macro_f1,performance,88.74,pourcentage pour les metriques exprimees en taux
mistral-nemo-12b,quebec,1f,"Paire minimale : preferer la phrase grammaticale, contre un plafond humain",majority_class_rate,repere,51.72,pourcentage pour les metriques exprimees en taux
mistral-nemo-12b,quebec,1f,"Paire minimale : preferer la phrase grammaticale, contre un plafond humain",num_answered,effectif,524.0,pourcentage pour les metriques exprimees en taux
mistral-nemo-12b,quebec,1f,"Paire minimale : preferer la phrase grammaticale, contre un plafond humain",num_items,effectif,524.0,pourcentage pour les metriques exprimees en taux
mistral-nemo-12b,quebec,1f,"Paire minimale : preferer la phrase grammaticale, contre un plafond humain",num_items_with_ceiling,effectif,524.0,pourcentage pour les metriques exprimees en taux
mistral-nemo-12b,quebec,1f,"Paire minimale : preferer la phrase grammaticale, contre un plafond humain",num_off_label,effectif,0.0,pourcentage pour les metriques exprimees en taux
mistral-nemo-12b,quebec,1h,"Expression quebecoise : reconnaitre le sens d'une expression, hors contexte",abstention_rate,performance,10.7,pourcentage pour les metriques exprimees en taux
mistral-nemo-12b,quebec,1h,"Expression quebecoise : reconnaitre le sens d'une expression, hors contexte",accuracy,performance,69.9,pourcentage pour les metriques exprimees en taux
mistral-nemo-12b,quebec,1h,"Expression quebecoise : reconnaitre le sens d'une expression, hors contexte",accuracy_hors_abstention,performance,78.28,pourcentage pour les metriques exprimees en taux
mistral-nemo-12b,quebec,1h,"Expression quebecoise : reconnaitre le sens d'une expression, hors contexte",chance_level,repere,20.0,pourcentage pour les metriques exprimees en taux
mistral-nemo-12b,quebec,1h,"Expression quebecoise : reconnaitre le sens d'une expression, hors contexte",macro_f1,performance,60.33,pourcentage pour les metriques exprimees en taux
mistral-nemo-12b,quebec,1h,"Expression quebecoise : reconnaitre le sens d'une expression, hors contexte",majority_class_rate,repere,0.3,pourcentage pour les metriques exprimees en taux
mistral-nemo-12b,quebec,1h,"Expression quebecoise : reconnaitre le sens d'une expression, hors contexte",num_answered,effectif,893.0,pourcentage pour les metriques exprimees en taux
mistral-nemo-12b,quebec,1h,"Expression quebecoise : reconnaitre le sens d'une expression, hors contexte",num_items,effectif,1000.0,pourcentage pour les metriques exprimees en taux
mistral-nemo-12b,quebec,1h,"Expression quebecoise : reconnaitre le sens d'une expression, hors contexte",num_off_label,effectif,0.0,pourcentage pour les metriques exprimees en taux
mistral-nemo-12b,quebec,1i,"Terme quebecois : reconnaitre le sens d'un terme, hors contexte",abstention_rate,performance,7.6,pourcentage pour les metriques exprimees en taux
mistral-nemo-12b,quebec,1i,"Terme quebecois : reconnaitre le sens d'un terme, hors contexte",accuracy,performance,76.02,pourcentage pour les metriques exprimees en taux
mistral-nemo-12b,quebec,1i,"Terme quebecois : reconnaitre le sens d'un terme, hors contexte",accuracy_hors_abstention,performance,82.28,pourcentage pour les metriques exprimees en taux
mistral-nemo-12b,quebec,1i,"Terme quebecois : reconnaitre le sens d'un terme, hors contexte",chance_level,repere,20.0,pourcentage pour les metriques exprimees en taux
mistral-nemo-12b,quebec,1i,"Terme quebecois : reconnaitre le sens d'un terme, hors contexte",macro_f1,performance,71.97,pourcentage pour les metriques exprimees en taux
mistral-nemo-12b,quebec,1i,"Terme quebecois : reconnaitre le sens d'un terme, hors contexte",majority_class_rate,repere,0.58,pourcentage pour les metriques exprimees en taux
mistral-nemo-12b,quebec,1i,"Terme quebecois : reconnaitre le sens d'un terme, hors contexte",num_answered,effectif,158.0,pourcentage pour les metriques exprimees en taux
mistral-nemo-12b,quebec,1i,"Terme quebecois : reconnaitre le sens d'un terme, hors contexte",num_items,effectif,171.0,pourcentage pour les metriques exprimees en taux
mistral-nemo-12b,quebec,1i,"Terme quebecois : reconnaitre le sens d'un terme, hors contexte",num_off_label,effectif,0.0,pourcentage pour les metriques exprimees en taux
mistral-nemo-12b,quebec,1j,"Provenance : designer la phrase ecrite par une personne, contre une machine",accuracy,performance,51.2,pourcentage pour les metriques exprimees en taux
mistral-nemo-12b,quebec,1j,"Provenance : designer la phrase ecrite par une personne, contre une machine",chance_level,repere,50.0,pourcentage pour les metriques exprimees en taux
mistral-nemo-12b,quebec,1j,"Provenance : designer la phrase ecrite par une personne, contre une machine",macro_f1,performance,45.48,pourcentage pour les metriques exprimees en taux
mistral-nemo-12b,quebec,1j,"Provenance : designer la phrase ecrite par une personne, contre une machine",majority_class_rate,repere,52.4,pourcentage pour les metriques exprimees en taux
mistral-nemo-12b,quebec,1j,"Provenance : designer la phrase ecrite par une personne, contre une machine",num_answered,effectif,1000.0,pourcentage pour les metriques exprimees en taux
mistral-nemo-12b,quebec,1j,"Provenance : designer la phrase ecrite par une personne, contre une machine",num_items,effectif,1000.0,pourcentage pour les metriques exprimees en taux
mistral-nemo-12b,quebec,1j,"Provenance : designer la phrase ecrite par une personne, contre une machine",num_items_with_rules_choice,effectif,957.0,pourcentage pour les metriques exprimees en taux
mistral-nemo-12b,quebec,1j,"Provenance : designer la phrase ecrite par une personne, contre une machine",num_off_label,effectif,0.0,pourcentage pour les metriques exprimees en taux
mistral-nemo-12b,quebec,1j,"Provenance : designer la phrase ecrite par une personne, contre une machine",rules_baseline_accuracy,repere,50.26,pourcentage pour les metriques exprimees en taux
mistral-nemo-12b,quebec,2a,Camp : gouvernement ou opposition,accuracy,performance,55.7,pourcentage pour les metriques exprimees en taux
mistral-nemo-12b,quebec,2a,Camp : gouvernement ou opposition,attribution_verified_share,repere,0.0,pourcentage pour les metriques exprimees en taux
mistral-nemo-12b,quebec,2a,Camp : gouvernement ou opposition,chance_level,repere,50.0,pourcentage pour les metriques exprimees en taux
mistral-nemo-12b,quebec,2a,Camp : gouvernement ou opposition,macro_f1,performance,45.0,pourcentage pour les metriques exprimees en taux
mistral-nemo-12b,quebec,2a,Camp : gouvernement ou opposition,majority_class_rate,repere,50.0,pourcentage pour les metriques exprimees en taux
mistral-nemo-12b,quebec,2a,Camp : gouvernement ou opposition,num_items,effectif,1000.0,pourcentage pour les metriques exprimees en taux
mistral-nemo-12b,quebec,2a,Camp : gouvernement ou opposition,num_off_label,effectif,0.0,pourcentage pour les metriques exprimees en taux
mistral-nemo-12b,quebec,2a,Camp : gouvernement ou opposition,question_period_share,repere,2.6,pourcentage pour les metriques exprimees en taux
mistral-nemo-12b,quebec,2b,"Parti : lequel, parmi ceux qui siegeaient a cette legislature",accuracy,performance,27.5,pourcentage pour les metriques exprimees en taux
mistral-nemo-12b,quebec,2b,"Parti : lequel, parmi ceux qui siegeaient a cette legislature",attribution_verified_share,repere,100.0,pourcentage pour les metriques exprimees en taux
mistral-nemo-12b,quebec,2b,"Parti : lequel, parmi ceux qui siegeaient a cette legislature",macro_f1,performance,19.87,pourcentage pour les metriques exprimees en taux
mistral-nemo-12b,quebec,2b,"Parti : lequel, parmi ceux qui siegeaient a cette legislature",majority_class_rate,repere,20.0,pourcentage pour les metriques exprimees en taux
mistral-nemo-12b,quebec,2b,"Parti : lequel, parmi ceux qui siegeaient a cette legislature",mean_options,effectif,4.884,pourcentage pour les metriques exprimees en taux
mistral-nemo-12b,quebec,2b,"Parti : lequel, parmi ceux qui siegeaient a cette legislature",num_items,effectif,1000.0,pourcentage pour les metriques exprimees en taux
mistral-nemo-12b,quebec,2b,"Parti : lequel, parmi ceux qui siegeaient a cette legislature",num_off_label,effectif,1.0,pourcentage pour les metriques exprimees en taux
mistral-nemo-12b,quebec,2b,"Parti : lequel, parmi ceux qui siegeaient a cette legislature",question_period_share,repere,1.1,pourcentage pour les metriques exprimees en taux
olmo2-32b,quebec,1a,"Quebecisme : reperer un terme dans un echange, puis en donner le sens",definition_accuracy,performance,91.57,pourcentage pour les metriques exprimees en taux
olmo2-32b,quebec,1a,"Quebecisme : reperer un terme dans un echange, puis en donner le sens",detection_accuracy,performance,20.11,pourcentage pour les metriques exprimees en taux
olmo2-32b,quebec,1a,"Quebecisme : reperer un terme dans un echange, puis en donner le sens",num_definitions_scored,effectif,83.0,pourcentage pour les metriques exprimees en taux
olmo2-32b,quebec,1a,"Quebecisme : reperer un terme dans un echange, puis en donner le sens",num_detected,effectif,107.0,pourcentage pour les metriques exprimees en taux
olmo2-32b,quebec,1a,"Quebecisme : reperer un terme dans un echange, puis en donner le sens",num_items,effectif,532.0,pourcentage pour les metriques exprimees en taux
olmo2-32b,quebec,1a,"Quebecisme : reperer un terme dans un echange, puis en donner le sens",num_no_term,effectif,0.0,pourcentage pour les metriques exprimees en taux
olmo2-32b,quebec,1b,Terminologie parlementaire : reconnaitre le sens d'un terme de procedure,abstention_rate,performance,6.34,pourcentage pour les metriques exprimees en taux
olmo2-32b,quebec,1b,Terminologie parlementaire : reconnaitre le sens d'un terme de procedure,accuracy,performance,91.6,pourcentage pour les metriques exprimees en taux
olmo2-32b,quebec,1b,Terminologie parlementaire : reconnaitre le sens d'un terme de procedure,accuracy_hors_abstention,performance,97.81,pourcentage pour les metriques exprimees en taux
olmo2-32b,quebec,1b,Terminologie parlementaire : reconnaitre le sens d'un terme de procedure,chance_level,repere,20.0,pourcentage pour les metriques exprimees en taux
olmo2-32b,quebec,1b,Terminologie parlementaire : reconnaitre le sens d'un terme de procedure,macro_f1,performance,89.18,pourcentage pour les metriques exprimees en taux
olmo2-32b,quebec,1b,Terminologie parlementaire : reconnaitre le sens d'un terme de procedure,majority_class_rate,repere,2.24,pourcentage pour les metriques exprimees en taux
olmo2-32b,quebec,1b,Terminologie parlementaire : reconnaitre le sens d'un terme de procedure,num_answered,effectif,502.0,pourcentage pour les metriques exprimees en taux
olmo2-32b,quebec,1b,Terminologie parlementaire : reconnaitre le sens d'un terme de procedure,num_items,effectif,536.0,pourcentage pour les metriques exprimees en taux
olmo2-32b,quebec,1b,Terminologie parlementaire : reconnaitre le sens d'un terme de procedure,num_off_label,effectif,0.0,pourcentage pour les metriques exprimees en taux
olmo2-32b,quebec,1c,Reference institutionnelle : produire l'expansion d'un sigle,abstention_rate,performance,97.2,pourcentage pour les metriques exprimees en taux
olmo2-32b,quebec,1c,Reference institutionnelle : produire l'expansion d'un sigle,accuracy,performance,1.6,pourcentage pour les metriques exprimees en taux
olmo2-32b,quebec,1c,Reference institutionnelle : produire l'expansion d'un sigle,containment_verbosity,performance,1.4,pourcentage pour les metriques exprimees en taux
olmo2-32b,quebec,1c,Reference institutionnelle : produire l'expansion d'un sigle,num_items,effectif,1000.0,pourcentage pour les metriques exprimees en taux
olmo2-32b,quebec,1c,Reference institutionnelle : produire l'expansion d'un sigle,span_containment,performance,2.4,pourcentage pour les metriques exprimees en taux
olmo2-32b,quebec,1d,Norme lexicale : retrouver le mot employe par un locuteur quebecois,abstention_rate,performance,3.83,pourcentage pour les metriques exprimees en taux
olmo2-32b,quebec,1d,Norme lexicale : retrouver le mot employe par un locuteur quebecois,accuracy,performance,50.17,pourcentage pour les metriques exprimees en taux
olmo2-32b,quebec,1d,Norme lexicale : retrouver le mot employe par un locuteur quebecois,accuracy_hors_abstention,performance,52.17,pourcentage pour les metriques exprimees en taux
olmo2-32b,quebec,1d,Norme lexicale : retrouver le mot employe par un locuteur quebecois,chance_level,repere,20.0,pourcentage pour les metriques exprimees en taux
olmo2-32b,quebec,1d,Norme lexicale : retrouver le mot employe par un locuteur quebecois,macro_f1,performance,31.64,pourcentage pour les metriques exprimees en taux
olmo2-32b,quebec,1d,Norme lexicale : retrouver le mot employe par un locuteur quebecois,majority_class_rate,repere,4.18,pourcentage pour les metriques exprimees en taux
olmo2-32b,quebec,1d,Norme lexicale : retrouver le mot employe par un locuteur quebecois,num_answered,effectif,276.0,pourcentage pour les metriques exprimees en taux
olmo2-32b,quebec,1d,Norme lexicale : retrouver le mot employe par un locuteur quebecois,num_items,effectif,287.0,pourcentage pour les metriques exprimees en taux
olmo2-32b,quebec,1d,Norme lexicale : retrouver le mot employe par un locuteur quebecois,num_off_label,effectif,0.0,pourcentage pour les metriques exprimees en taux
olmo2-32b,quebec,1e,Acceptabilite : juger si une phrase est du francais quebecois acceptable,accuracy,performance,76.4,pourcentage pour les metriques exprimees en taux
olmo2-32b,quebec,1e,Acceptabilite : juger si une phrase est du francais quebecois acceptable,macro_f1,performance,62.56,pourcentage pour les metriques exprimees en taux
olmo2-32b,quebec,1e,Acceptabilite : juger si une phrase est du francais quebecois acceptable,majority_class_rate,repere,69.3,pourcentage pour les metriques exprimees en taux
olmo2-32b,quebec,1e,Acceptabilite : juger si une phrase est du francais quebecois acceptable,num_answered,effectif,1000.0,pourcentage pour les metriques exprimees en taux
olmo2-32b,quebec,1e,Acceptabilite : juger si une phrase est du francais quebecois acceptable,num_items,effectif,1000.0,pourcentage pour les metriques exprimees en taux
olmo2-32b,quebec,1e,Acceptabilite : juger si une phrase est du francais quebecois acceptable,num_off_label,effectif,0.0,pourcentage pour les metriques exprimees en taux
olmo2-32b,quebec,1f,"Paire minimale : preferer la phrase grammaticale, contre un plafond humain",accuracy,performance,82.44,pourcentage pour les metriques exprimees en taux
olmo2-32b,quebec,1f,"Paire minimale : preferer la phrase grammaticale, contre un plafond humain",chance_level,repere,50.0,pourcentage pour les metriques exprimees en taux
olmo2-32b,quebec,1f,"Paire minimale : preferer la phrase grammaticale, contre un plafond humain",human_ceiling,repere,87.42,pourcentage pour les metriques exprimees en taux
olmo2-32b,quebec,1f,"Paire minimale : preferer la phrase grammaticale, contre un plafond humain",macro_f1,performance,82.44,pourcentage pour les metriques exprimees en taux
olmo2-32b,quebec,1f,"Paire minimale : preferer la phrase grammaticale, contre un plafond humain",majority_class_rate,repere,51.72,pourcentage pour les metriques exprimees en taux
olmo2-32b,quebec,1f,"Paire minimale : preferer la phrase grammaticale, contre un plafond humain",num_answered,effectif,524.0,pourcentage pour les metriques exprimees en taux
olmo2-32b,quebec,1f,"Paire minimale : preferer la phrase grammaticale, contre un plafond humain",num_items,effectif,524.0,pourcentage pour les metriques exprimees en taux
olmo2-32b,quebec,1f,"Paire minimale : preferer la phrase grammaticale, contre un plafond humain",num_items_with_ceiling,effectif,524.0,pourcentage pour les metriques exprimees en taux
olmo2-32b,quebec,1f,"Paire minimale : preferer la phrase grammaticale, contre un plafond humain",num_off_label,effectif,0.0,pourcentage pour les metriques exprimees en taux
olmo2-32b,quebec,1h,"Expression quebecoise : reconnaitre le sens d'une expression, hors contexte",abstention_rate,performance,10.6,pourcentage pour les metriques exprimees en taux
olmo2-32b,quebec,1h,"Expression quebecoise : reconnaitre le sens d'une expression, hors contexte",accuracy,performance,70.1,pourcentage pour les metriques exprimees en taux
olmo2-32b,quebec,1h,"Expression quebecoise : reconnaitre le sens d'une expression, hors contexte",accuracy_hors_abstention,performance,78.41,pourcentage pour les metriques exprimees en taux
olmo2-32b,quebec,1h,"Expression quebecoise : reconnaitre le sens d'une expression, hors contexte",chance_level,repere,20.0,pourcentage pour les metriques exprimees en taux
olmo2-32b,quebec,1h,"Expression quebecoise : reconnaitre le sens d'une expression, hors contexte",macro_f1,performance,60.62,pourcentage pour les metriques exprimees en taux
olmo2-32b,quebec,1h,"Expression quebecoise : reconnaitre le sens d'une expression, hors contexte",majority_class_rate,repere,0.3,pourcentage pour les metriques exprimees en taux
olmo2-32b,quebec,1h,"Expression quebecoise : reconnaitre le sens d'une expression, hors contexte",num_answered,effectif,894.0,pourcentage pour les metriques exprimees en taux
olmo2-32b,quebec,1h,"Expression quebecoise : reconnaitre le sens d'une expression, hors contexte",num_items,effectif,1000.0,pourcentage pour les metriques exprimees en taux
olmo2-32b,quebec,1h,"Expression quebecoise : reconnaitre le sens d'une expression, hors contexte",num_off_label,effectif,0.0,pourcentage pour les metriques exprimees en taux
olmo2-32b,quebec,1i,"Terme quebecois : reconnaitre le sens d'un terme, hors contexte",abstention_rate,performance,11.7,pourcentage pour les metriques exprimees en taux
olmo2-32b,quebec,1i,"Terme quebecois : reconnaitre le sens d'un terme, hors contexte",accuracy,performance,76.02,pourcentage pour les metriques exprimees en taux
olmo2-32b,quebec,1i,"Terme quebecois : reconnaitre le sens d'un terme, hors contexte",accuracy_hors_abstention,performance,86.09,pourcentage pour les metriques exprimees en taux
olmo2-32b,quebec,1i,"Terme quebecois : reconnaitre le sens d'un terme, hors contexte",chance_level,repere,20.0,pourcentage pour les metriques exprimees en taux
olmo2-32b,quebec,1i,"Terme quebecois : reconnaitre le sens d'un terme, hors contexte",macro_f1,performance,72.35,pourcentage pour les metriques exprimees en taux
olmo2-32b,quebec,1i,"Terme quebecois : reconnaitre le sens d'un terme, hors contexte",majority_class_rate,repere,0.58,pourcentage pour les metriques exprimees en taux
olmo2-32b,quebec,1i,"Terme quebecois : reconnaitre le sens d'un terme, hors contexte",num_answered,effectif,151.0,pourcentage pour les metriques exprimees en taux
olmo2-32b,quebec,1i,"Terme quebecois : reconnaitre le sens d'un terme, hors contexte",num_items,effectif,171.0,pourcentage pour les metriques exprimees en taux
olmo2-32b,quebec,1i,"Terme quebecois : reconnaitre le sens d'un terme, hors contexte",num_off_label,effectif,0.0,pourcentage pour les metriques exprimees en taux
olmo2-32b,quebec,1j,"Provenance : designer la phrase ecrite par une personne, contre une machine",accuracy,performance,43.7,pourcentage pour les metriques exprimees en taux
olmo2-32b,quebec,1j,"Provenance : designer la phrase ecrite par une personne, contre une machine",chance_level,repere,50.0,pourcentage pour les metriques exprimees en taux
olmo2-32b,quebec,1j,"Provenance : designer la phrase ecrite par une personne, contre une machine",macro_f1,performance,31.71,pourcentage pour les metriques exprimees en taux
olmo2-32b,quebec,1j,"Provenance : designer la phrase ecrite par une personne, contre une machine",majority_class_rate,repere,52.4,pourcentage pour les metriques exprimees en taux
olmo2-32b,quebec,1j,"Provenance : designer la phrase ecrite par une personne, contre une machine",num_answered,effectif,1000.0,pourcentage pour les metriques exprimees en taux
olmo2-32b,quebec,1j,"Provenance : designer la phrase ecrite par une personne, contre une machine",num_items,effectif,1000.0,pourcentage pour les metriques exprimees en taux
olmo2-32b,quebec,1j,"Provenance : designer la phrase ecrite par une personne, contre une machine",num_items_with_rules_choice,effectif,957.0,pourcentage pour les metriques exprimees en taux
olmo2-32b,quebec,1j,"Provenance : designer la phrase ecrite par une personne, contre une machine",num_off_label,effectif,0.0,pourcentage pour les metriques exprimees en taux
olmo2-32b,quebec,1j,"Provenance : designer la phrase ecrite par une personne, contre une machine",rules_baseline_accuracy,repere,50.26,pourcentage pour les metriques exprimees en taux
olmo2-32b,quebec,2a,Camp : gouvernement ou opposition,accuracy,performance,77.4,pourcentage pour les metriques exprimees en taux
olmo2-32b,quebec,2a,Camp : gouvernement ou opposition,attribution_verified_share,repere,0.0,pourcentage pour les metriques exprimees en taux
olmo2-32b,quebec,2a,Camp : gouvernement ou opposition,chance_level,repere,50.0,pourcentage pour les metriques exprimees en taux
olmo2-32b,quebec,2a,Camp : gouvernement ou opposition,macro_f1,performance,77.01,pourcentage pour les metriques exprimees en taux
olmo2-32b,quebec,2a,Camp : gouvernement ou opposition,majority_class_rate,repere,50.0,pourcentage pour les metriques exprimees en taux
olmo2-32b,quebec,2a,Camp : gouvernement ou opposition,num_items,effectif,1000.0,pourcentage pour les metriques exprimees en taux
olmo2-32b,quebec,2a,Camp : gouvernement ou opposition,num_off_label,effectif,0.0,pourcentage pour les metriques exprimees en taux
olmo2-32b,quebec,2a,Camp : gouvernement ou opposition,question_period_share,repere,2.6,pourcentage pour les metriques exprimees en taux
olmo2-32b,quebec,2b,"Parti : lequel, parmi ceux qui siegeaient a cette legislature",accuracy,performance,29.4,pourcentage pour les metriques exprimees en taux
olmo2-32b,quebec,2b,"Parti : lequel, parmi ceux qui siegeaient a cette legislature",attribution_verified_share,repere,100.0,pourcentage pour les metriques exprimees en taux
olmo2-32b,quebec,2b,"Parti : lequel, parmi ceux qui siegeaient a cette legislature",macro_f1,performance,22.77,pourcentage pour les metriques exprimees en taux
olmo2-32b,quebec,2b,"Parti : lequel, parmi ceux qui siegeaient a cette legislature",majority_class_rate,repere,20.0,pourcentage pour les metriques exprimees en taux
olmo2-32b,quebec,2b,"Parti : lequel, parmi ceux qui siegeaient a cette legislature",mean_options,effectif,4.884,pourcentage pour les metriques exprimees en taux
olmo2-32b,quebec,2b,"Parti : lequel, parmi ceux qui siegeaient a cette legislature",num_items,effectif,1000.0,pourcentage pour les metriques exprimees en taux
olmo2-32b,quebec,2b,"Parti : lequel, parmi ceux qui siegeaient a cette legislature",num_off_label,effectif,0.0,pourcentage pour les metriques exprimees en taux
olmo2-32b,quebec,2b,"Parti : lequel, parmi ceux qui siegeaient a cette legislature",question_period_share,repere,1.1,pourcentage pour les metriques exprimees en taux
phi4-14b,quebec,1a,"Quebecisme : reperer un terme dans un echange, puis en donner le sens",definition_accuracy,performance,94.07,pourcentage pour les metriques exprimees en taux
phi4-14b,quebec,1a,"Quebecisme : reperer un terme dans un echange, puis en donner le sens",detection_accuracy,performance,28.01,pourcentage pour les metriques exprimees en taux
phi4-14b,quebec,1a,"Quebecisme : reperer un terme dans un echange, puis en donner le sens",num_definitions_scored,effectif,118.0,pourcentage pour les metriques exprimees en taux
phi4-14b,quebec,1a,"Quebecisme : reperer un terme dans un echange, puis en donner le sens",num_detected,effectif,149.0,pourcentage pour les metriques exprimees en taux
phi4-14b,quebec,1a,"Quebecisme : reperer un terme dans un echange, puis en donner le sens",num_items,effectif,532.0,pourcentage pour les metriques exprimees en taux
phi4-14b,quebec,1a,"Quebecisme : reperer un terme dans un echange, puis en donner le sens",num_no_term,effectif,0.0,pourcentage pour les metriques exprimees en taux
phi4-14b,quebec,1b,Terminologie parlementaire : reconnaitre le sens d'un terme de procedure,abstention_rate,performance,3.54,pourcentage pour les metriques exprimees en taux
phi4-14b,quebec,1b,Terminologie parlementaire : reconnaitre le sens d'un terme de procedure,accuracy,performance,93.1,pourcentage pour les metriques exprimees en taux
phi4-14b,quebec,1b,Terminologie parlementaire : reconnaitre le sens d'un terme de procedure,accuracy_hors_abstention,performance,96.52,pourcentage pour les metriques exprimees en taux
phi4-14b,quebec,1b,Terminologie parlementaire : reconnaitre le sens d'un terme de procedure,chance_level,repere,20.0,pourcentage pour les metriques exprimees en taux
phi4-14b,quebec,1b,Terminologie parlementaire : reconnaitre le sens d'un terme de procedure,macro_f1,performance,92.0,pourcentage pour les metriques exprimees en taux
phi4-14b,quebec,1b,Terminologie parlementaire : reconnaitre le sens d'un terme de procedure,majority_class_rate,repere,2.24,pourcentage pour les metriques exprimees en taux
phi4-14b,quebec,1b,Terminologie parlementaire : reconnaitre le sens d'un terme de procedure,num_answered,effectif,517.0,pourcentage pour les metriques exprimees en taux
phi4-14b,quebec,1b,Terminologie parlementaire : reconnaitre le sens d'un terme de procedure,num_items,effectif,536.0,pourcentage pour les metriques exprimees en taux
phi4-14b,quebec,1b,Terminologie parlementaire : reconnaitre le sens d'un terme de procedure,num_off_label,effectif,0.0,pourcentage pour les metriques exprimees en taux
phi4-14b,quebec,1c,Reference institutionnelle : produire l'expansion d'un sigle,abstention_rate,performance,8.9,pourcentage pour les metriques exprimees en taux
phi4-14b,quebec,1c,Reference institutionnelle : produire l'expansion d'un sigle,accuracy,performance,45.0,pourcentage pour les metriques exprimees en taux
phi4-14b,quebec,1c,Reference institutionnelle : produire l'expansion d'un sigle,containment_verbosity,performance,2.5,pourcentage pour les metriques exprimees en taux
phi4-14b,quebec,1c,Reference institutionnelle : produire l'expansion d'un sigle,num_items,effectif,1000.0,pourcentage pour les metriques exprimees en taux
phi4-14b,quebec,1c,Reference institutionnelle : produire l'expansion d'un sigle,span_containment,performance,73.5,pourcentage pour les metriques exprimees en taux
phi4-14b,quebec,1d,Norme lexicale : retrouver le mot employe par un locuteur quebecois,abstention_rate,performance,8.71,pourcentage pour les metriques exprimees en taux
phi4-14b,quebec,1d,Norme lexicale : retrouver le mot employe par un locuteur quebecois,accuracy,performance,57.49,pourcentage pour les metriques exprimees en taux
phi4-14b,quebec,1d,Norme lexicale : retrouver le mot employe par un locuteur quebecois,accuracy_hors_abstention,performance,62.98,pourcentage pour les metriques exprimees en taux
phi4-14b,quebec,1d,Norme lexicale : retrouver le mot employe par un locuteur quebecois,chance_level,repere,20.0,pourcentage pour les metriques exprimees en taux
phi4-14b,quebec,1d,Norme lexicale : retrouver le mot employe par un locuteur quebecois,macro_f1,performance,37.8,pourcentage pour les metriques exprimees en taux
phi4-14b,quebec,1d,Norme lexicale : retrouver le mot employe par un locuteur quebecois,majority_class_rate,repere,4.18,pourcentage pour les metriques exprimees en taux
phi4-14b,quebec,1d,Norme lexicale : retrouver le mot employe par un locuteur quebecois,num_answered,effectif,262.0,pourcentage pour les metriques exprimees en taux
phi4-14b,quebec,1d,Norme lexicale : retrouver le mot employe par un locuteur quebecois,num_items,effectif,287.0,pourcentage pour les metriques exprimees en taux
phi4-14b,quebec,1d,Norme lexicale : retrouver le mot employe par un locuteur quebecois,num_off_label,effectif,0.0,pourcentage pour les metriques exprimees en taux
phi4-14b,quebec,1e,Acceptabilite : juger si une phrase est du francais quebecois acceptable,accuracy,performance,81.2,pourcentage pour les metriques exprimees en taux
phi4-14b,quebec,1e,Acceptabilite : juger si une phrase est du francais quebecois acceptable,macro_f1,performance,76.37,pourcentage pour les metriques exprimees en taux
phi4-14b,quebec,1e,Acceptabilite : juger si une phrase est du francais quebecois acceptable,majority_class_rate,repere,69.3,pourcentage pour les metriques exprimees en taux
phi4-14b,quebec,1e,Acceptabilite : juger si une phrase est du francais quebecois acceptable,num_answered,effectif,1000.0,pourcentage pour les metriques exprimees en taux
phi4-14b,quebec,1e,Acceptabilite : juger si une phrase est du francais quebecois acceptable,num_items,effectif,1000.0,pourcentage pour les metriques exprimees en taux
phi4-14b,quebec,1e,Acceptabilite : juger si une phrase est du francais quebecois acceptable,num_off_label,effectif,0.0,pourcentage pour les metriques exprimees en taux
phi4-14b,quebec,1f,"Paire minimale : preferer la phrase grammaticale, contre un plafond humain",accuracy,performance,87.79,pourcentage pour les metriques exprimees en taux
phi4-14b,quebec,1f,"Paire minimale : preferer la phrase grammaticale, contre un plafond humain",chance_level,repere,50.0,pourcentage pour les metriques exprimees en taux
phi4-14b,quebec,1f,"Paire minimale : preferer la phrase grammaticale, contre un plafond humain",human_ceiling,repere,87.42,pourcentage pour les metriques exprimees en taux
phi4-14b,quebec,1f,"Paire minimale : preferer la phrase grammaticale, contre un plafond humain",macro_f1,performance,87.63,pourcentage pour les metriques exprimees en taux
phi4-14b,quebec,1f,"Paire minimale : preferer la phrase grammaticale, contre un plafond humain",majority_class_rate,repere,51.72,pourcentage pour les metriques exprimees en taux
phi4-14b,quebec,1f,"Paire minimale : preferer la phrase grammaticale, contre un plafond humain",num_answered,effectif,524.0,pourcentage pour les metriques exprimees en taux
phi4-14b,quebec,1f,"Paire minimale : preferer la phrase grammaticale, contre un plafond humain",num_items,effectif,524.0,pourcentage pour les metriques exprimees en taux
phi4-14b,quebec,1f,"Paire minimale : preferer la phrase grammaticale, contre un plafond humain",num_items_with_ceiling,effectif,524.0,pourcentage pour les metriques exprimees en taux
phi4-14b,quebec,1f,"Paire minimale : preferer la phrase grammaticale, contre un plafond humain",num_off_label,effectif,0.0,pourcentage pour les metriques exprimees en taux
phi4-14b,quebec,1h,"Expression quebecoise : reconnaitre le sens d'une expression, hors contexte",abstention_rate,performance,5.7,pourcentage pour les metriques exprimees en taux
phi4-14b,quebec,1h,"Expression quebecoise : reconnaitre le sens d'une expression, hors contexte",accuracy,performance,71.6,pourcentage pour les metriques exprimees en taux
phi4-14b,quebec,1h,"Expression quebecoise : reconnaitre le sens d'une expression, hors contexte",accuracy_hors_abstention,performance,75.93,pourcentage pour les metriques exprimees en taux
phi4-14b,quebec,1h,"Expression quebecoise : reconnaitre le sens d'une expression, hors contexte",chance_level,repere,20.0,pourcentage pour les metriques exprimees en taux
phi4-14b,quebec,1h,"Expression quebecoise : reconnaitre le sens d'une expression, hors contexte",macro_f1,performance,60.24,pourcentage pour les metriques exprimees en taux
phi4-14b,quebec,1h,"Expression quebecoise : reconnaitre le sens d'une expression, hors contexte",majority_class_rate,repere,0.3,pourcentage pour les metriques exprimees en taux
phi4-14b,quebec,1h,"Expression quebecoise : reconnaitre le sens d'une expression, hors contexte",num_answered,effectif,943.0,pourcentage pour les metriques exprimees en taux
phi4-14b,quebec,1h,"Expression quebecoise : reconnaitre le sens d'une expression, hors contexte",num_items,effectif,1000.0,pourcentage pour les metriques exprimees en taux
phi4-14b,quebec,1h,"Expression quebecoise : reconnaitre le sens d'une expression, hors contexte",num_off_label,effectif,0.0,pourcentage pour les metriques exprimees en taux
phi4-14b,quebec,1i,"Terme quebecois : reconnaitre le sens d'un terme, hors contexte",abstention_rate,performance,5.85,pourcentage pour les metriques exprimees en taux
phi4-14b,quebec,1i,"Terme quebecois : reconnaitre le sens d'un terme, hors contexte",accuracy,performance,69.01,pourcentage pour les metriques exprimees en taux
phi4-14b,quebec,1i,"Terme quebecois : reconnaitre le sens d'un terme, hors contexte",accuracy_hors_abstention,performance,73.29,pourcentage pour les metriques exprimees en taux
phi4-14b,quebec,1i,"Terme quebecois : reconnaitre le sens d'un terme, hors contexte",chance_level,repere,20.0,pourcentage pour les metriques exprimees en taux
phi4-14b,quebec,1i,"Terme quebecois : reconnaitre le sens d'un terme, hors contexte",macro_f1,performance,62.3,pourcentage pour les metriques exprimees en taux
phi4-14b,quebec,1i,"Terme quebecois : reconnaitre le sens d'un terme, hors contexte",majority_class_rate,repere,0.58,pourcentage pour les metriques exprimees en taux
phi4-14b,quebec,1i,"Terme quebecois : reconnaitre le sens d'un terme, hors contexte",num_answered,effectif,161.0,pourcentage pour les metriques exprimees en taux
phi4-14b,quebec,1i,"Terme quebecois : reconnaitre le sens d'un terme, hors contexte",num_items,effectif,171.0,pourcentage pour les metriques exprimees en taux
phi4-14b,quebec,1i,"Terme quebecois : reconnaitre le sens d'un terme, hors contexte",num_off_label,effectif,0.0,pourcentage pour les metriques exprimees en taux
phi4-14b,quebec,1j,"Provenance : designer la phrase ecrite par une personne, contre une machine",accuracy,performance,27.4,pourcentage pour les metriques exprimees en taux
phi4-14b,quebec,1j,"Provenance : designer la phrase ecrite par une personne, contre une machine",chance_level,repere,50.0,pourcentage pour les metriques exprimees en taux
phi4-14b,quebec,1j,"Provenance : designer la phrase ecrite par une personne, contre une machine",macro_f1,performance,27.39,pourcentage pour les metriques exprimees en taux
phi4-14b,quebec,1j,"Provenance : designer la phrase ecrite par une personne, contre une machine",majority_class_rate,repere,52.4,pourcentage pour les metriques exprimees en taux
phi4-14b,quebec,1j,"Provenance : designer la phrase ecrite par une personne, contre une machine",num_answered,effectif,1000.0,pourcentage pour les metriques exprimees en taux
phi4-14b,quebec,1j,"Provenance : designer la phrase ecrite par une personne, contre une machine",num_items,effectif,1000.0,pourcentage pour les metriques exprimees en taux
phi4-14b,quebec,1j,"Provenance : designer la phrase ecrite par une personne, contre une machine",num_items_with_rules_choice,effectif,957.0,pourcentage pour les metriques exprimees en taux
phi4-14b,quebec,1j,"Provenance : designer la phrase ecrite par une personne, contre une machine",num_off_label,effectif,0.0,pourcentage pour les metriques exprimees en taux
phi4-14b,quebec,1j,"Provenance : designer la phrase ecrite par une personne, contre une machine",rules_baseline_accuracy,repere,50.26,pourcentage pour les metriques exprimees en taux
phi4-14b,quebec,2a,Camp : gouvernement ou opposition,accuracy,performance,81.2,pourcentage pour les metriques exprimees en taux
phi4-14b,quebec,2a,Camp : gouvernement ou opposition,attribution_verified_share,repere,0.0,pourcentage pour les metriques exprimees en taux
phi4-14b,quebec,2a,Camp : gouvernement ou opposition,chance_level,repere,50.0,pourcentage pour les metriques exprimees en taux
phi4-14b,quebec,2a,Camp : gouvernement ou opposition,macro_f1,performance,81.0,pourcentage pour les metriques exprimees en taux
phi4-14b,quebec,2a,Camp : gouvernement ou opposition,majority_class_rate,repere,50.0,pourcentage pour les metriques exprimees en taux
phi4-14b,quebec,2a,Camp : gouvernement ou opposition,num_items,effectif,1000.0,pourcentage pour les metriques exprimees en taux
phi4-14b,quebec,2a,Camp : gouvernement ou opposition,num_off_label,effectif,0.0,pourcentage pour les metriques exprimees en taux
phi4-14b,quebec,2a,Camp : gouvernement ou opposition,question_period_share,repere,2.6,pourcentage pour les metriques exprimees en taux
phi4-14b,quebec,2b,"Parti : lequel, parmi ceux qui siegeaient a cette legislature",accuracy,performance,31.1,pourcentage pour les metriques exprimees en taux
phi4-14b,quebec,2b,"Parti : lequel, parmi ceux qui siegeaient a cette legislature",attribution_verified_share,repere,100.0,pourcentage pour les metriques exprimees en taux
phi4-14b,quebec,2b,"Parti : lequel, parmi ceux qui siegeaient a cette legislature",macro_f1,performance,27.04,pourcentage pour les metriques exprimees en taux
phi4-14b,quebec,2b,"Parti : lequel, parmi ceux qui siegeaient a cette legislature",majority_class_rate,repere,20.0,pourcentage pour les metriques exprimees en taux
phi4-14b,quebec,2b,"Parti : lequel, parmi ceux qui siegeaient a cette legislature",mean_options,effectif,4.884,pourcentage pour les metriques exprimees en taux
phi4-14b,quebec,2b,"Parti : lequel, parmi ceux qui siegeaient a cette legislature",num_items,effectif,1000.0,pourcentage pour les metriques exprimees en taux
phi4-14b,quebec,2b,"Parti : lequel, parmi ceux qui siegeaient a cette legislature",num_off_label,effectif,0.0,pourcentage pour les metriques exprimees en taux
phi4-14b,quebec,2b,"Parti : lequel, parmi ceux qui siegeaient a cette legislature",question_period_share,repere,1.1,pourcentage pour les metriques exprimees en taux
qwen2.5-32b,quebec,1a,"Quebecisme : reperer un terme dans un echange, puis en donner le sens",definition_accuracy,performance,87.13,pourcentage pour les metriques exprimees en taux
qwen2.5-32b,quebec,1a,"Quebecisme : reperer un terme dans un echange, puis en donner le sens",detection_accuracy,performance,21.8,pourcentage pour les metriques exprimees en taux
qwen2.5-32b,quebec,1a,"Quebecisme : reperer un terme dans un echange, puis en donner le sens",num_definitions_scored,effectif,101.0,pourcentage pour les metriques exprimees en taux
qwen2.5-32b,quebec,1a,"Quebecisme : reperer un terme dans un echange, puis en donner le sens",num_detected,effectif,116.0,pourcentage pour les metriques exprimees en taux
qwen2.5-32b,quebec,1a,"Quebecisme : reperer un terme dans un echange, puis en donner le sens",num_items,effectif,532.0,pourcentage pour les metriques exprimees en taux
qwen2.5-32b,quebec,1a,"Quebecisme : reperer un terme dans un echange, puis en donner le sens",num_no_term,effectif,0.0,pourcentage pour les metriques exprimees en taux
qwen2.5-32b,quebec,1b,Terminologie parlementaire : reconnaitre le sens d'un terme de procedure,abstention_rate,performance,11.38,pourcentage pour les metriques exprimees en taux
qwen2.5-32b,quebec,1b,Terminologie parlementaire : reconnaitre le sens d'un terme de procedure,accuracy,performance,86.75,pourcentage pour les metriques exprimees en taux
qwen2.5-32b,quebec,1b,Terminologie parlementaire : reconnaitre le sens d'un terme de procedure,accuracy_hors_abstention,performance,97.89,pourcentage pour les metriques exprimees en taux
qwen2.5-32b,quebec,1b,Terminologie parlementaire : reconnaitre le sens d'un terme de procedure,chance_level,repere,20.0,pourcentage pour les metriques exprimees en taux
qwen2.5-32b,quebec,1b,Terminologie parlementaire : reconnaitre le sens d'un terme de procedure,macro_f1,performance,85.06,pourcentage pour les metriques exprimees en taux
qwen2.5-32b,quebec,1b,Terminologie parlementaire : reconnaitre le sens d'un terme de procedure,majority_class_rate,repere,2.24,pourcentage pour les metriques exprimees en taux
qwen2.5-32b,quebec,1b,Terminologie parlementaire : reconnaitre le sens d'un terme de procedure,num_answered,effectif,475.0,pourcentage pour les metriques exprimees en taux
qwen2.5-32b,quebec,1b,Terminologie parlementaire : reconnaitre le sens d'un terme de procedure,num_items,effectif,536.0,pourcentage pour les metriques exprimees en taux
qwen2.5-32b,quebec,1b,Terminologie parlementaire : reconnaitre le sens d'un terme de procedure,num_off_label,effectif,0.0,pourcentage pour les metriques exprimees en taux
qwen2.5-32b,quebec,1c,Reference institutionnelle : produire l'expansion d'un sigle,abstention_rate,performance,58.1,pourcentage pour les metriques exprimees en taux
qwen2.5-32b,quebec,1c,Reference institutionnelle : produire l'expansion d'un sigle,accuracy,performance,38.4,pourcentage pour les metriques exprimees en taux
qwen2.5-32b,quebec,1c,Reference institutionnelle : produire l'expansion d'un sigle,containment_verbosity,performance,1.6666666666666667,pourcentage pour les metriques exprimees en taux
qwen2.5-32b,quebec,1c,Reference institutionnelle : produire l'expansion d'un sigle,num_items,effectif,1000.0,pourcentage pour les metriques exprimees en taux
qwen2.5-32b,quebec,1c,Reference institutionnelle : produire l'expansion d'un sigle,span_containment,performance,39.4,pourcentage pour les metriques exprimees en taux
qwen2.5-32b,quebec,1d,Norme lexicale : retrouver le mot employe par un locuteur quebecois,abstention_rate,performance,21.6,pourcentage pour les metriques exprimees en taux
qwen2.5-32b,quebec,1d,Norme lexicale : retrouver le mot employe par un locuteur quebecois,accuracy,performance,65.85,pourcentage pour les metriques exprimees en taux
qwen2.5-32b,quebec,1d,Norme lexicale : retrouver le mot employe par un locuteur quebecois,accuracy_hors_abstention,performance,84.0,pourcentage pour les metriques exprimees en taux
qwen2.5-32b,quebec,1d,Norme lexicale : retrouver le mot employe par un locuteur quebecois,chance_level,repere,20.0,pourcentage pour les metriques exprimees en taux
qwen2.5-32b,quebec,1d,Norme lexicale : retrouver le mot employe par un locuteur quebecois,macro_f1,performance,43.57,pourcentage pour les metriques exprimees en taux
qwen2.5-32b,quebec,1d,Norme lexicale : retrouver le mot employe par un locuteur quebecois,majority_class_rate,repere,4.18,pourcentage pour les metriques exprimees en taux
qwen2.5-32b,quebec,1d,Norme lexicale : retrouver le mot employe par un locuteur quebecois,num_answered,effectif,225.0,pourcentage pour les metriques exprimees en taux
qwen2.5-32b,quebec,1d,Norme lexicale : retrouver le mot employe par un locuteur quebecois,num_items,effectif,287.0,pourcentage pour les metriques exprimees en taux
qwen2.5-32b,quebec,1d,Norme lexicale : retrouver le mot employe par un locuteur quebecois,num_off_label,effectif,0.0,pourcentage pour les metriques exprimees en taux
qwen2.5-32b,quebec,1e,Acceptabilite : juger si une phrase est du francais quebecois acceptable,accuracy,performance,80.2,pourcentage pour les metriques exprimees en taux
qwen2.5-32b,quebec,1e,Acceptabilite : juger si une phrase est du francais quebecois acceptable,macro_f1,performance,76.25,pourcentage pour les metriques exprimees en taux
qwen2.5-32b,quebec,1e,Acceptabilite : juger si une phrase est du francais quebecois acceptable,majority_class_rate,repere,69.3,pourcentage pour les metriques exprimees en taux
qwen2.5-32b,quebec,1e,Acceptabilite : juger si une phrase est du francais quebecois acceptable,num_answered,effectif,1000.0,pourcentage pour les metriques exprimees en taux
qwen2.5-32b,quebec,1e,Acceptabilite : juger si une phrase est du francais quebecois acceptable,num_items,effectif,1000.0,pourcentage pour les metriques exprimees en taux
qwen2.5-32b,quebec,1e,Acceptabilite : juger si une phrase est du francais quebecois acceptable,num_off_label,effectif,0.0,pourcentage pour les metriques exprimees en taux
qwen2.5-32b,quebec,1f,"Paire minimale : preferer la phrase grammaticale, contre un plafond humain",accuracy,performance,86.64,pourcentage pour les metriques exprimees en taux
qwen2.5-32b,quebec,1f,"Paire minimale : preferer la phrase grammaticale, contre un plafond humain",chance_level,repere,50.0,pourcentage pour les metriques exprimees en taux
qwen2.5-32b,quebec,1f,"Paire minimale : preferer la phrase grammaticale, contre un plafond humain",human_ceiling,repere,87.42,pourcentage pour les metriques exprimees en taux
qwen2.5-32b,quebec,1f,"Paire minimale : preferer la phrase grammaticale, contre un plafond humain",macro_f1,performance,86.52,pourcentage pour les metriques exprimees en taux
qwen2.5-32b,quebec,1f,"Paire minimale : preferer la phrase grammaticale, contre un plafond humain",majority_class_rate,repere,51.72,pourcentage pour les metriques exprimees en taux
qwen2.5-32b,quebec,1f,"Paire minimale : preferer la phrase grammaticale, contre un plafond humain",num_answered,effectif,524.0,pourcentage pour les metriques exprimees en taux
qwen2.5-32b,quebec,1f,"Paire minimale : preferer la phrase grammaticale, contre un plafond humain",num_items,effectif,524.0,pourcentage pour les metriques exprimees en taux
qwen2.5-32b,quebec,1f,"Paire minimale : preferer la phrase grammaticale, contre un plafond humain",num_items_with_ceiling,effectif,524.0,pourcentage pour les metriques exprimees en taux
qwen2.5-32b,quebec,1f,"Paire minimale : preferer la phrase grammaticale, contre un plafond humain",num_off_label,effectif,0.0,pourcentage pour les metriques exprimees en taux
qwen2.5-32b,quebec,1h,"Expression quebecoise : reconnaitre le sens d'une expression, hors contexte",abstention_rate,performance,31.8,pourcentage pour les metriques exprimees en taux
qwen2.5-32b,quebec,1h,"Expression quebecoise : reconnaitre le sens d'une expression, hors contexte",accuracy,performance,63.8,pourcentage pour les metriques exprimees en taux
qwen2.5-32b,quebec,1h,"Expression quebecoise : reconnaitre le sens d'une expression, hors contexte",accuracy_hors_abstention,performance,93.55,pourcentage pour les metriques exprimees en taux
qwen2.5-32b,quebec,1h,"Expression quebecoise : reconnaitre le sens d'une expression, hors contexte",chance_level,repere,20.0,pourcentage pour les metriques exprimees en taux
qwen2.5-32b,quebec,1h,"Expression quebecoise : reconnaitre le sens d'une expression, hors contexte",macro_f1,performance,61.96,pourcentage pour les metriques exprimees en taux
qwen2.5-32b,quebec,1h,"Expression quebecoise : reconnaitre le sens d'une expression, hors contexte",majority_class_rate,repere,0.3,pourcentage pour les metriques exprimees en taux
qwen2.5-32b,quebec,1h,"Expression quebecoise : reconnaitre le sens d'une expression, hors contexte",num_answered,effectif,682.0,pourcentage pour les metriques exprimees en taux
qwen2.5-32b,quebec,1h,"Expression quebecoise : reconnaitre le sens d'une expression, hors contexte",num_items,effectif,1000.0,pourcentage pour les metriques exprimees en taux
qwen2.5-32b,quebec,1h,"Expression quebecoise : reconnaitre le sens d'une expression, hors contexte",num_off_label,effectif,0.0,pourcentage pour les metriques exprimees en taux
qwen2.5-32b,quebec,1i,"Terme quebecois : reconnaitre le sens d'un terme, hors contexte",abstention_rate,performance,19.3,pourcentage pour les metriques exprimees en taux
qwen2.5-32b,quebec,1i,"Terme quebecois : reconnaitre le sens d'un terme, hors contexte",accuracy,performance,76.02,pourcentage pour les metriques exprimees en taux
qwen2.5-32b,quebec,1i,"Terme quebecois : reconnaitre le sens d'un terme, hors contexte",accuracy_hors_abstention,performance,94.2,pourcentage pour les metriques exprimees en taux
qwen2.5-32b,quebec,1i,"Terme quebecois : reconnaitre le sens d'un terme, hors contexte",chance_level,repere,20.0,pourcentage pour les metriques exprimees en taux
qwen2.5-32b,quebec,1i,"Terme quebecois : reconnaitre le sens d'un terme, hors contexte",macro_f1,performance,74.18,pourcentage pour les metriques exprimees en taux
qwen2.5-32b,quebec,1i,"Terme quebecois : reconnaitre le sens d'un terme, hors contexte",majority_class_rate,repere,0.58,pourcentage pour les metriques exprimees en taux
qwen2.5-32b,quebec,1i,"Terme quebecois : reconnaitre le sens d'un terme, hors contexte",num_answered,effectif,138.0,pourcentage pour les metriques exprimees en taux
qwen2.5-32b,quebec,1i,"Terme quebecois : reconnaitre le sens d'un terme, hors contexte",num_items,effectif,171.0,pourcentage pour les metriques exprimees en taux
qwen2.5-32b,quebec,1i,"Terme quebecois : reconnaitre le sens d'un terme, hors contexte",num_off_label,effectif,0.0,pourcentage pour les metriques exprimees en taux
qwen2.5-32b,quebec,1j,"Provenance : designer la phrase ecrite par une personne, contre une machine",accuracy,performance,37.5,pourcentage pour les metriques exprimees en taux
qwen2.5-32b,quebec,1j,"Provenance : designer la phrase ecrite par une personne, contre une machine",chance_level,repere,50.0,pourcentage pour les metriques exprimees en taux
qwen2.5-32b,quebec,1j,"Provenance : designer la phrase ecrite par une personne, contre une machine",macro_f1,performance,33.78,pourcentage pour les metriques exprimees en taux
qwen2.5-32b,quebec,1j,"Provenance : designer la phrase ecrite par une personne, contre une machine",majority_class_rate,repere,52.4,pourcentage pour les metriques exprimees en taux
qwen2.5-32b,quebec,1j,"Provenance : designer la phrase ecrite par une personne, contre une machine",num_answered,effectif,1000.0,pourcentage pour les metriques exprimees en taux
qwen2.5-32b,quebec,1j,"Provenance : designer la phrase ecrite par une personne, contre une machine",num_items,effectif,1000.0,pourcentage pour les metriques exprimees en taux
qwen2.5-32b,quebec,1j,"Provenance : designer la phrase ecrite par une personne, contre une machine",num_items_with_rules_choice,effectif,957.0,pourcentage pour les metriques exprimees en taux
qwen2.5-32b,quebec,1j,"Provenance : designer la phrase ecrite par une personne, contre une machine",num_off_label,effectif,0.0,pourcentage pour les metriques exprimees en taux
qwen2.5-32b,quebec,1j,"Provenance : designer la phrase ecrite par une personne, contre une machine",rules_baseline_accuracy,repere,50.26,pourcentage pour les metriques exprimees en taux
qwen2.5-32b,quebec,2a,Camp : gouvernement ou opposition,accuracy,performance,83.7,pourcentage pour les metriques exprimees en taux
qwen2.5-32b,quebec,2a,Camp : gouvernement ou opposition,attribution_verified_share,repere,0.0,pourcentage pour les metriques exprimees en taux
qwen2.5-32b,quebec,2a,Camp : gouvernement ou opposition,chance_level,repere,50.0,pourcentage pour les metriques exprimees en taux
qwen2.5-32b,quebec,2a,Camp : gouvernement ou opposition,macro_f1,performance,83.68,pourcentage pour les metriques exprimees en taux
qwen2.5-32b,quebec,2a,Camp : gouvernement ou opposition,majority_class_rate,repere,50.0,pourcentage pour les metriques exprimees en taux
qwen2.5-32b,quebec,2a,Camp : gouvernement ou opposition,num_items,effectif,1000.0,pourcentage pour les metriques exprimees en taux
qwen2.5-32b,quebec,2a,Camp : gouvernement ou opposition,num_off_label,effectif,0.0,pourcentage pour les metriques exprimees en taux
qwen2.5-32b,quebec,2a,Camp : gouvernement ou opposition,question_period_share,repere,2.6,pourcentage pour les metriques exprimees en taux
qwen2.5-32b,quebec,2b,"Parti : lequel, parmi ceux qui siegeaient a cette legislature",accuracy,performance,35.3,pourcentage pour les metriques exprimees en taux
qwen2.5-32b,quebec,2b,"Parti : lequel, parmi ceux qui siegeaient a cette legislature",attribution_verified_share,repere,100.0,pourcentage pour les metriques exprimees en taux
qwen2.5-32b,quebec,2b,"Parti : lequel, parmi ceux qui siegeaient a cette legislature",macro_f1,performance,32.29,pourcentage pour les metriques exprimees en taux
qwen2.5-32b,quebec,2b,"Parti : lequel, parmi ceux qui siegeaient a cette legislature",majority_class_rate,repere,20.0,pourcentage pour les metriques exprimees en taux
qwen2.5-32b,quebec,2b,"Parti : lequel, parmi ceux qui siegeaient a cette legislature",mean_options,effectif,4.884,pourcentage pour les metriques exprimees en taux
qwen2.5-32b,quebec,2b,"Parti : lequel, parmi ceux qui siegeaient a cette legislature",num_items,effectif,1000.0,pourcentage pour les metriques exprimees en taux
qwen2.5-32b,quebec,2b,"Parti : lequel, parmi ceux qui siegeaient a cette legislature",num_off_label,effectif,0.0,pourcentage pour les metriques exprimees en taux
qwen2.5-32b,quebec,2b,"Parti : lequel, parmi ceux qui siegeaient a cette legislature",question_period_share,repere,1.1,pourcentage pour les metriques exprimees en taux
qwen2.5-7b,quebec,1a,"Quebecisme : reperer un terme dans un echange, puis en donner le sens",definition_accuracy,performance,82.22,pourcentage pour les metriques exprimees en taux
qwen2.5-7b,quebec,1a,"Quebecisme : reperer un terme dans un echange, puis en donner le sens",detection_accuracy,performance,19.92,pourcentage pour les metriques exprimees en taux
qwen2.5-7b,quebec,1a,"Quebecisme : reperer un terme dans un echange, puis en donner le sens",num_definitions_scored,effectif,90.0,pourcentage pour les metriques exprimees en taux
qwen2.5-7b,quebec,1a,"Quebecisme : reperer un terme dans un echange, puis en donner le sens",num_detected,effectif,106.0,pourcentage pour les metriques exprimees en taux
qwen2.5-7b,quebec,1a,"Quebecisme : reperer un terme dans un echange, puis en donner le sens",num_items,effectif,532.0,pourcentage pour les metriques exprimees en taux
qwen2.5-7b,quebec,1a,"Quebecisme : reperer un terme dans un echange, puis en donner le sens",num_no_term,effectif,0.0,pourcentage pour les metriques exprimees en taux
qwen2.5-7b,quebec,1b,Terminologie parlementaire : reconnaitre le sens d'un terme de procedure,abstention_rate,performance,8.58,pourcentage pour les metriques exprimees en taux
qwen2.5-7b,quebec,1b,Terminologie parlementaire : reconnaitre le sens d'un terme de procedure,accuracy,performance,86.57,pourcentage pour les metriques exprimees en taux
qwen2.5-7b,quebec,1b,Terminologie parlementaire : reconnaitre le sens d'un terme de procedure,accuracy_hors_abstention,performance,94.69,pourcentage pour les metriques exprimees en taux
qwen2.5-7b,quebec,1b,Terminologie parlementaire : reconnaitre le sens d'un terme de procedure,chance_level,repere,20.0,pourcentage pour les metriques exprimees en taux
qwen2.5-7b,quebec,1b,Terminologie parlementaire : reconnaitre le sens d'un terme de procedure,macro_f1,performance,84.58,pourcentage pour les metriques exprimees en taux
qwen2.5-7b,quebec,1b,Terminologie parlementaire : reconnaitre le sens d'un terme de procedure,majority_class_rate,repere,2.24,pourcentage pour les metriques exprimees en taux
qwen2.5-7b,quebec,1b,Terminologie parlementaire : reconnaitre le sens d'un terme de procedure,num_answered,effectif,490.0,pourcentage pour les metriques exprimees en taux
qwen2.5-7b,quebec,1b,Terminologie parlementaire : reconnaitre le sens d'un terme de procedure,num_items,effectif,536.0,pourcentage pour les metriques exprimees en taux
qwen2.5-7b,quebec,1b,Terminologie parlementaire : reconnaitre le sens d'un terme de procedure,num_off_label,effectif,0.0,pourcentage pour les metriques exprimees en taux
qwen2.5-7b,quebec,1c,Reference institutionnelle : produire l'expansion d'un sigle,abstention_rate,performance,14.3,pourcentage pour les metriques exprimees en taux
qwen2.5-7b,quebec,1c,Reference institutionnelle : produire l'expansion d'un sigle,accuracy,performance,35.3,pourcentage pour les metriques exprimees en taux
qwen2.5-7b,quebec,1c,Reference institutionnelle : produire l'expansion d'un sigle,containment_verbosity,performance,1.5,pourcentage pour les metriques exprimees en taux
qwen2.5-7b,quebec,1c,Reference institutionnelle : produire l'expansion d'un sigle,num_items,effectif,1000.0,pourcentage pour les metriques exprimees en taux
qwen2.5-7b,quebec,1c,Reference institutionnelle : produire l'expansion d'un sigle,span_containment,performance,35.8,pourcentage pour les metriques exprimees en taux
qwen2.5-7b,quebec,1d,Norme lexicale : retrouver le mot employe par un locuteur quebecois,abstention_rate,performance,39.02,pourcentage pour les metriques exprimees en taux
qwen2.5-7b,quebec,1d,Norme lexicale : retrouver le mot employe par un locuteur quebecois,accuracy,performance,36.59,pourcentage pour les metriques exprimees en taux
qwen2.5-7b,quebec,1d,Norme lexicale : retrouver le mot employe par un locuteur quebecois,accuracy_hors_abstention,performance,60.34,pourcentage pour les metriques exprimees en taux
qwen2.5-7b,quebec,1d,Norme lexicale : retrouver le mot employe par un locuteur quebecois,chance_level,repere,20.0,pourcentage pour les metriques exprimees en taux
qwen2.5-7b,quebec,1d,Norme lexicale : retrouver le mot employe par un locuteur quebecois,macro_f1,performance,26.94,pourcentage pour les metriques exprimees en taux
qwen2.5-7b,quebec,1d,Norme lexicale : retrouver le mot employe par un locuteur quebecois,majority_class_rate,repere,4.18,pourcentage pour les metriques exprimees en taux
qwen2.5-7b,quebec,1d,Norme lexicale : retrouver le mot employe par un locuteur quebecois,num_answered,effectif,174.0,pourcentage pour les metriques exprimees en taux
qwen2.5-7b,quebec,1d,Norme lexicale : retrouver le mot employe par un locuteur quebecois,num_items,effectif,287.0,pourcentage pour les metriques exprimees en taux
qwen2.5-7b,quebec,1d,Norme lexicale : retrouver le mot employe par un locuteur quebecois,num_off_label,effectif,1.0,pourcentage pour les metriques exprimees en taux
qwen2.5-7b,quebec,1e,Acceptabilite : juger si une phrase est du francais quebecois acceptable,accuracy,performance,79.0,pourcentage pour les metriques exprimees en taux
qwen2.5-7b,quebec,1e,Acceptabilite : juger si une phrase est du francais quebecois acceptable,macro_f1,performance,73.61,pourcentage pour les metriques exprimees en taux
qwen2.5-7b,quebec,1e,Acceptabilite : juger si une phrase est du francais quebecois acceptable,majority_class_rate,repere,69.3,pourcentage pour les metriques exprimees en taux
qwen2.5-7b,quebec,1e,Acceptabilite : juger si une phrase est du francais quebecois acceptable,num_answered,effectif,1000.0,pourcentage pour les metriques exprimees en taux
qwen2.5-7b,quebec,1e,Acceptabilite : juger si une phrase est du francais quebecois acceptable,num_items,effectif,1000.0,pourcentage pour les metriques exprimees en taux
qwen2.5-7b,quebec,1e,Acceptabilite : juger si une phrase est du francais quebecois acceptable,num_off_label,effectif,0.0,pourcentage pour les metriques exprimees en taux
qwen2.5-7b,quebec,1f,"Paire minimale : preferer la phrase grammaticale, contre un plafond humain",accuracy,performance,80.34,pourcentage pour les metriques exprimees en taux
qwen2.5-7b,quebec,1f,"Paire minimale : preferer la phrase grammaticale, contre un plafond humain",chance_level,repere,50.0,pourcentage pour les metriques exprimees en taux
qwen2.5-7b,quebec,1f,"Paire minimale : preferer la phrase grammaticale, contre un plafond humain",human_ceiling,repere,87.42,pourcentage pour les metriques exprimees en taux
qwen2.5-7b,quebec,1f,"Paire minimale : preferer la phrase grammaticale, contre un plafond humain",macro_f1,performance,80.06,pourcentage pour les metriques exprimees en taux
qwen2.5-7b,quebec,1f,"Paire minimale : preferer la phrase grammaticale, contre un plafond humain",majority_class_rate,repere,51.72,pourcentage pour les metriques exprimees en taux
qwen2.5-7b,quebec,1f,"Paire minimale : preferer la phrase grammaticale, contre un plafond humain",num_answered,effectif,524.0,pourcentage pour les metriques exprimees en taux
qwen2.5-7b,quebec,1f,"Paire minimale : preferer la phrase grammaticale, contre un plafond humain",num_items,effectif,524.0,pourcentage pour les metriques exprimees en taux
qwen2.5-7b,quebec,1f,"Paire minimale : preferer la phrase grammaticale, contre un plafond humain",num_items_with_ceiling,effectif,524.0,pourcentage pour les metriques exprimees en taux
qwen2.5-7b,quebec,1f,"Paire minimale : preferer la phrase grammaticale, contre un plafond humain",num_off_label,effectif,0.0,pourcentage pour les metriques exprimees en taux
qwen2.5-7b,quebec,1h,"Expression quebecoise : reconnaitre le sens d'une expression, hors contexte",abstention_rate,performance,20.2,pourcentage pour les metriques exprimees en taux
qwen2.5-7b,quebec,1h,"Expression quebecoise : reconnaitre le sens d'une expression, hors contexte",accuracy,performance,61.8,pourcentage pour les metriques exprimees en taux
qwen2.5-7b,quebec,1h,"Expression quebecoise : reconnaitre le sens d'une expression, hors contexte",accuracy_hors_abstention,performance,77.44,pourcentage pour les metriques exprimees en taux
qwen2.5-7b,quebec,1h,"Expression quebecoise : reconnaitre le sens d'une expression, hors contexte",chance_level,repere,20.0,pourcentage pour les metriques exprimees en taux
qwen2.5-7b,quebec,1h,"Expression quebecoise : reconnaitre le sens d'une expression, hors contexte",macro_f1,performance,54.19,pourcentage pour les metriques exprimees en taux
qwen2.5-7b,quebec,1h,"Expression quebecoise : reconnaitre le sens d'une expression, hors contexte",majority_class_rate,repere,0.3,pourcentage pour les metriques exprimees en taux
qwen2.5-7b,quebec,1h,"Expression quebecoise : reconnaitre le sens d'une expression, hors contexte",num_answered,effectif,798.0,pourcentage pour les metriques exprimees en taux
qwen2.5-7b,quebec,1h,"Expression quebecoise : reconnaitre le sens d'une expression, hors contexte",num_items,effectif,1000.0,pourcentage pour les metriques exprimees en taux
qwen2.5-7b,quebec,1h,"Expression quebecoise : reconnaitre le sens d'une expression, hors contexte",num_off_label,effectif,0.0,pourcentage pour les metriques exprimees en taux
qwen2.5-7b,quebec,1i,"Terme quebecois : reconnaitre le sens d'un terme, hors contexte",abstention_rate,performance,31.58,pourcentage pour les metriques exprimees en taux
qwen2.5-7b,quebec,1i,"Terme quebecois : reconnaitre le sens d'un terme, hors contexte",accuracy,performance,61.4,pourcentage pour les metriques exprimees en taux
qwen2.5-7b,quebec,1i,"Terme quebecois : reconnaitre le sens d'un terme, hors contexte",accuracy_hors_abstention,performance,89.74,pourcentage pour les metriques exprimees en taux
qwen2.5-7b,quebec,1i,"Terme quebecois : reconnaitre le sens d'un terme, hors contexte",chance_level,repere,20.0,pourcentage pour les metriques exprimees en taux
qwen2.5-7b,quebec,1i,"Terme quebecois : reconnaitre le sens d'un terme, hors contexte",macro_f1,performance,60.08,pourcentage pour les metriques exprimees en taux
qwen2.5-7b,quebec,1i,"Terme quebecois : reconnaitre le sens d'un terme, hors contexte",majority_class_rate,repere,0.58,pourcentage pour les metriques exprimees en taux
qwen2.5-7b,quebec,1i,"Terme quebecois : reconnaitre le sens d'un terme, hors contexte",num_answered,effectif,117.0,pourcentage pour les metriques exprimees en taux
qwen2.5-7b,quebec,1i,"Terme quebecois : reconnaitre le sens d'un terme, hors contexte",num_items,effectif,171.0,pourcentage pour les metriques exprimees en taux
qwen2.5-7b,quebec,1i,"Terme quebecois : reconnaitre le sens d'un terme, hors contexte",num_off_label,effectif,0.0,pourcentage pour les metriques exprimees en taux
qwen2.5-7b,quebec,1j,"Provenance : designer la phrase ecrite par une personne, contre une machine",accuracy,performance,66.7,pourcentage pour les metriques exprimees en taux
qwen2.5-7b,quebec,1j,"Provenance : designer la phrase ecrite par une personne, contre une machine",chance_level,repere,50.0,pourcentage pour les metriques exprimees en taux
qwen2.5-7b,quebec,1j,"Provenance : designer la phrase ecrite par une personne, contre une machine",macro_f1,performance,66.06,pourcentage pour les metriques exprimees en taux
qwen2.5-7b,quebec,1j,"Provenance : designer la phrase ecrite par une personne, contre une machine",majority_class_rate,repere,52.4,pourcentage pour les metriques exprimees en taux
qwen2.5-7b,quebec,1j,"Provenance : designer la phrase ecrite par une personne, contre une machine",num_answered,effectif,1000.0,pourcentage pour les metriques exprimees en taux
qwen2.5-7b,quebec,1j,"Provenance : designer la phrase ecrite par une personne, contre une machine",num_items,effectif,1000.0,pourcentage pour les metriques exprimees en taux
qwen2.5-7b,quebec,1j,"Provenance : designer la phrase ecrite par une personne, contre une machine",num_items_with_rules_choice,effectif,957.0,pourcentage pour les metriques exprimees en taux
qwen2.5-7b,quebec,1j,"Provenance : designer la phrase ecrite par une personne, contre une machine",num_off_label,effectif,0.0,pourcentage pour les metriques exprimees en taux
qwen2.5-7b,quebec,1j,"Provenance : designer la phrase ecrite par une personne, contre une machine",rules_baseline_accuracy,repere,50.26,pourcentage pour les metriques exprimees en taux
qwen2.5-7b,quebec,2a,Camp : gouvernement ou opposition,accuracy,performance,76.5,pourcentage pour les metriques exprimees en taux
qwen2.5-7b,quebec,2a,Camp : gouvernement ou opposition,attribution_verified_share,repere,0.0,pourcentage pour les metriques exprimees en taux
qwen2.5-7b,quebec,2a,Camp : gouvernement ou opposition,chance_level,repere,50.0,pourcentage pour les metriques exprimees en taux
qwen2.5-7b,quebec,2a,Camp : gouvernement ou opposition,macro_f1,performance,76.5,pourcentage pour les metriques exprimees en taux
qwen2.5-7b,quebec,2a,Camp : gouvernement ou opposition,majority_class_rate,repere,50.0,pourcentage pour les metriques exprimees en taux
qwen2.5-7b,quebec,2a,Camp : gouvernement ou opposition,num_items,effectif,1000.0,pourcentage pour les metriques exprimees en taux
qwen2.5-7b,quebec,2a,Camp : gouvernement ou opposition,num_off_label,effectif,0.0,pourcentage pour les metriques exprimees en taux
qwen2.5-7b,quebec,2a,Camp : gouvernement ou opposition,question_period_share,repere,2.6,pourcentage pour les metriques exprimees en taux
qwen2.5-7b,quebec,2b,"Parti : lequel, parmi ceux qui siegeaient a cette legislature",accuracy,performance,23.1,pourcentage pour les metriques exprimees en taux
qwen2.5-7b,quebec,2b,"Parti : lequel, parmi ceux qui siegeaient a cette legislature",attribution_verified_share,repere,100.0,pourcentage pour les metriques exprimees en taux
qwen2.5-7b,quebec,2b,"Parti : lequel, parmi ceux qui siegeaient a cette legislature",macro_f1,performance,19.82,pourcentage pour les metriques exprimees en taux
qwen2.5-7b,quebec,2b,"Parti : lequel, parmi ceux qui siegeaient a cette legislature",majority_class_rate,repere,20.0,pourcentage pour les metriques exprimees en taux
qwen2.5-7b,quebec,2b,"Parti : lequel, parmi ceux qui siegeaient a cette legislature",mean_options,effectif,4.884,pourcentage pour les metriques exprimees en taux
qwen2.5-7b,quebec,2b,"Parti : lequel, parmi ceux qui siegeaient a cette legislature",num_items,effectif,1000.0,pourcentage pour les metriques exprimees en taux
qwen2.5-7b,quebec,2b,"Parti : lequel, parmi ceux qui siegeaient a cette legislature",num_off_label,effectif,0.0,pourcentage pour les metriques exprimees en taux
qwen2.5-7b,quebec,2b,"Parti : lequel, parmi ceux qui siegeaient a cette legislature",question_period_share,repere,1.1,pourcentage pour les metriques exprimees en taux
qwen3-30b-a3b,quebec,1a,"Quebecisme : reperer un terme dans un echange, puis en donner le sens",definition_accuracy,performance,79.49,pourcentage pour les metriques exprimees en taux
qwen3-30b-a3b,quebec,1a,"Quebecisme : reperer un terme dans un echange, puis en donner le sens",detection_accuracy,performance,17.11,pourcentage pour les metriques exprimees en taux
qwen3-30b-a3b,quebec,1a,"Quebecisme : reperer un terme dans un echange, puis en donner le sens",num_definitions_scored,effectif,78.0,pourcentage pour les metriques exprimees en taux
qwen3-30b-a3b,quebec,1a,"Quebecisme : reperer un terme dans un echange, puis en donner le sens",num_detected,effectif,91.0,pourcentage pour les metriques exprimees en taux
qwen3-30b-a3b,quebec,1a,"Quebecisme : reperer un terme dans un echange, puis en donner le sens",num_items,effectif,532.0,pourcentage pour les metriques exprimees en taux
qwen3-30b-a3b,quebec,1a,"Quebecisme : reperer un terme dans un echange, puis en donner le sens",num_no_term,effectif,0.0,pourcentage pour les metriques exprimees en taux
qwen3-30b-a3b,quebec,1b,Terminologie parlementaire : reconnaitre le sens d'un terme de procedure,abstention_rate,performance,8.4,pourcentage pour les metriques exprimees en taux
qwen3-30b-a3b,quebec,1b,Terminologie parlementaire : reconnaitre le sens d'un terme de procedure,accuracy,performance,88.99,pourcentage pour les metriques exprimees en taux
qwen3-30b-a3b,quebec,1b,Terminologie parlementaire : reconnaitre le sens d'un terme de procedure,accuracy_hors_abstention,performance,97.15,pourcentage pour les metriques exprimees en taux
qwen3-30b-a3b,quebec,1b,Terminologie parlementaire : reconnaitre le sens d'un terme de procedure,chance_level,repere,20.0,pourcentage pour les metriques exprimees en taux
qwen3-30b-a3b,quebec,1b,Terminologie parlementaire : reconnaitre le sens d'un terme de procedure,macro_f1,performance,85.32,pourcentage pour les metriques exprimees en taux
qwen3-30b-a3b,quebec,1b,Terminologie parlementaire : reconnaitre le sens d'un terme de procedure,majority_class_rate,repere,2.24,pourcentage pour les metriques exprimees en taux
qwen3-30b-a3b,quebec,1b,Terminologie parlementaire : reconnaitre le sens d'un terme de procedure,num_answered,effectif,491.0,pourcentage pour les metriques exprimees en taux
qwen3-30b-a3b,quebec,1b,Terminologie parlementaire : reconnaitre le sens d'un terme de procedure,num_items,effectif,536.0,pourcentage pour les metriques exprimees en taux
qwen3-30b-a3b,quebec,1b,Terminologie parlementaire : reconnaitre le sens d'un terme de procedure,num_off_label,effectif,0.0,pourcentage pour les metriques exprimees en taux
qwen3-30b-a3b,quebec,1c,Reference institutionnelle : produire l'expansion d'un sigle,abstention_rate,performance,0.0,pourcentage pour les metriques exprimees en taux
qwen3-30b-a3b,quebec,1c,Reference institutionnelle : produire l'expansion d'un sigle,accuracy,performance,50.5,pourcentage pour les metriques exprimees en taux
qwen3-30b-a3b,quebec,1c,Reference institutionnelle : produire l'expansion d'un sigle,containment_verbosity,performance,1.3333333333333333,pourcentage pour les metriques exprimees en taux
qwen3-30b-a3b,quebec,1c,Reference institutionnelle : produire l'expansion d'un sigle,num_items,effectif,1000.0,pourcentage pour les metriques exprimees en taux
qwen3-30b-a3b,quebec,1c,Reference institutionnelle : produire l'expansion d'un sigle,span_containment,performance,51.1,pourcentage pour les metriques exprimees en taux
qwen3-30b-a3b,quebec,1d,Norme lexicale : retrouver le mot employe par un locuteur quebecois,abstention_rate,performance,3.14,pourcentage pour les metriques exprimees en taux
qwen3-30b-a3b,quebec,1d,Norme lexicale : retrouver le mot employe par un locuteur quebecois,accuracy,performance,54.01,pourcentage pour les metriques exprimees en taux
qwen3-30b-a3b,quebec,1d,Norme lexicale : retrouver le mot employe par un locuteur quebecois,accuracy_hors_abstention,performance,55.76,pourcentage pour les metriques exprimees en taux
qwen3-30b-a3b,quebec,1d,Norme lexicale : retrouver le mot employe par un locuteur quebecois,chance_level,repere,20.0,pourcentage pour les metriques exprimees en taux
qwen3-30b-a3b,quebec,1d,Norme lexicale : retrouver le mot employe par un locuteur quebecois,macro_f1,performance,32.87,pourcentage pour les metriques exprimees en taux
qwen3-30b-a3b,quebec,1d,Norme lexicale : retrouver le mot employe par un locuteur quebecois,majority_class_rate,repere,4.18,pourcentage pour les metriques exprimees en taux
qwen3-30b-a3b,quebec,1d,Norme lexicale : retrouver le mot employe par un locuteur quebecois,num_answered,effectif,278.0,pourcentage pour les metriques exprimees en taux
qwen3-30b-a3b,quebec,1d,Norme lexicale : retrouver le mot employe par un locuteur quebecois,num_items,effectif,287.0,pourcentage pour les metriques exprimees en taux
qwen3-30b-a3b,quebec,1d,Norme lexicale : retrouver le mot employe par un locuteur quebecois,num_off_label,effectif,0.0,pourcentage pour les metriques exprimees en taux
qwen3-30b-a3b,quebec,1e,Acceptabilite : juger si une phrase est du francais quebecois acceptable,accuracy,performance,81.9,pourcentage pour les metriques exprimees en taux
qwen3-30b-a3b,quebec,1e,Acceptabilite : juger si une phrase est du francais quebecois acceptable,macro_f1,performance,77.72,pourcentage pour les metriques exprimees en taux
qwen3-30b-a3b,quebec,1e,Acceptabilite : juger si une phrase est du francais quebecois acceptable,majority_class_rate,repere,69.3,pourcentage pour les metriques exprimees en taux
qwen3-30b-a3b,quebec,1e,Acceptabilite : juger si une phrase est du francais quebecois acceptable,num_answered,effectif,1000.0,pourcentage pour les metriques exprimees en taux
qwen3-30b-a3b,quebec,1e,Acceptabilite : juger si une phrase est du francais quebecois acceptable,num_items,effectif,1000.0,pourcentage pour les metriques exprimees en taux
qwen3-30b-a3b,quebec,1e,Acceptabilite : juger si une phrase est du francais quebecois acceptable,num_off_label,effectif,0.0,pourcentage pour les metriques exprimees en taux
qwen3-30b-a3b,quebec,1f,"Paire minimale : preferer la phrase grammaticale, contre un plafond humain",accuracy,performance,86.07,pourcentage pour les metriques exprimees en taux
qwen3-30b-a3b,quebec,1f,"Paire minimale : preferer la phrase grammaticale, contre un plafond humain",chance_level,repere,50.0,pourcentage pour les metriques exprimees en taux
qwen3-30b-a3b,quebec,1f,"Paire minimale : preferer la phrase grammaticale, contre un plafond humain",human_ceiling,repere,87.42,pourcentage pour les metriques exprimees en taux
qwen3-30b-a3b,quebec,1f,"Paire minimale : preferer la phrase grammaticale, contre un plafond humain",macro_f1,performance,85.81,pourcentage pour les metriques exprimees en taux
qwen3-30b-a3b,quebec,1f,"Paire minimale : preferer la phrase grammaticale, contre un plafond humain",majority_class_rate,repere,51.72,pourcentage pour les metriques exprimees en taux
qwen3-30b-a3b,quebec,1f,"Paire minimale : preferer la phrase grammaticale, contre un plafond humain",num_answered,effectif,524.0,pourcentage pour les metriques exprimees en taux
qwen3-30b-a3b,quebec,1f,"Paire minimale : preferer la phrase grammaticale, contre un plafond humain",num_items,effectif,524.0,pourcentage pour les metriques exprimees en taux
qwen3-30b-a3b,quebec,1f,"Paire minimale : preferer la phrase grammaticale, contre un plafond humain",num_items_with_ceiling,effectif,524.0,pourcentage pour les metriques exprimees en taux
qwen3-30b-a3b,quebec,1f,"Paire minimale : preferer la phrase grammaticale, contre un plafond humain",num_off_label,effectif,0.0,pourcentage pour les metriques exprimees en taux
qwen3-30b-a3b,quebec,1h,"Expression quebecoise : reconnaitre le sens d'une expression, hors contexte",abstention_rate,performance,30.1,pourcentage pour les metriques exprimees en taux
qwen3-30b-a3b,quebec,1h,"Expression quebecoise : reconnaitre le sens d'une expression, hors contexte",accuracy,performance,62.3,pourcentage pour les metriques exprimees en taux
qwen3-30b-a3b,quebec,1h,"Expression quebecoise : reconnaitre le sens d'une expression, hors contexte",accuracy_hors_abstention,performance,89.13,pourcentage pour les metriques exprimees en taux
qwen3-30b-a3b,quebec,1h,"Expression quebecoise : reconnaitre le sens d'une expression, hors contexte",chance_level,repere,20.0,pourcentage pour les metriques exprimees en taux
qwen3-30b-a3b,quebec,1h,"Expression quebecoise : reconnaitre le sens d'une expression, hors contexte",macro_f1,performance,58.75,pourcentage pour les metriques exprimees en taux
qwen3-30b-a3b,quebec,1h,"Expression quebecoise : reconnaitre le sens d'une expression, hors contexte",majority_class_rate,repere,0.3,pourcentage pour les metriques exprimees en taux
qwen3-30b-a3b,quebec,1h,"Expression quebecoise : reconnaitre le sens d'une expression, hors contexte",num_answered,effectif,699.0,pourcentage pour les metriques exprimees en taux
qwen3-30b-a3b,quebec,1h,"Expression quebecoise : reconnaitre le sens d'une expression, hors contexte",num_items,effectif,1000.0,pourcentage pour les metriques exprimees en taux
qwen3-30b-a3b,quebec,1h,"Expression quebecoise : reconnaitre le sens d'une expression, hors contexte",num_off_label,effectif,0.0,pourcentage pour les metriques exprimees en taux
qwen3-30b-a3b,quebec,1i,"Terme quebecois : reconnaitre le sens d'un terme, hors contexte",abstention_rate,performance,29.82,pourcentage pour les metriques exprimees en taux
qwen3-30b-a3b,quebec,1i,"Terme quebecois : reconnaitre le sens d'un terme, hors contexte",accuracy,performance,67.25,pourcentage pour les metriques exprimees en taux
qwen3-30b-a3b,quebec,1i,"Terme quebecois : reconnaitre le sens d'un terme, hors contexte",accuracy_hors_abstention,performance,95.83,pourcentage pour les metriques exprimees en taux
qwen3-30b-a3b,quebec,1i,"Terme quebecois : reconnaitre le sens d'un terme, hors contexte",chance_level,repere,20.0,pourcentage pour les metriques exprimees en taux
qwen3-30b-a3b,quebec,1i,"Terme quebecois : reconnaitre le sens d'un terme, hors contexte",macro_f1,performance,66.38,pourcentage pour les metriques exprimees en taux
qwen3-30b-a3b,quebec,1i,"Terme quebecois : reconnaitre le sens d'un terme, hors contexte",majority_class_rate,repere,0.58,pourcentage pour les metriques exprimees en taux
qwen3-30b-a3b,quebec,1i,"Terme quebecois : reconnaitre le sens d'un terme, hors contexte",num_answered,effectif,120.0,pourcentage pour les metriques exprimees en taux
qwen3-30b-a3b,quebec,1i,"Terme quebecois : reconnaitre le sens d'un terme, hors contexte",num_items,effectif,171.0,pourcentage pour les metriques exprimees en taux
qwen3-30b-a3b,quebec,1i,"Terme quebecois : reconnaitre le sens d'un terme, hors contexte",num_off_label,effectif,0.0,pourcentage pour les metriques exprimees en taux
qwen3-30b-a3b,quebec,1j,"Provenance : designer la phrase ecrite par une personne, contre une machine",accuracy,performance,58.5,pourcentage pour les metriques exprimees en taux
qwen3-30b-a3b,quebec,1j,"Provenance : designer la phrase ecrite par une personne, contre une machine",chance_level,repere,50.0,pourcentage pour les metriques exprimees en taux
qwen3-30b-a3b,quebec,1j,"Provenance : designer la phrase ecrite par une personne, contre une machine",macro_f1,performance,58.36,pourcentage pour les metriques exprimees en taux
qwen3-30b-a3b,quebec,1j,"Provenance : designer la phrase ecrite par une personne, contre une machine",majority_class_rate,repere,52.4,pourcentage pour les metriques exprimees en taux
qwen3-30b-a3b,quebec,1j,"Provenance : designer la phrase ecrite par une personne, contre une machine",num_answered,effectif,1000.0,pourcentage pour les metriques exprimees en taux
qwen3-30b-a3b,quebec,1j,"Provenance : designer la phrase ecrite par une personne, contre une machine",num_items,effectif,1000.0,pourcentage pour les metriques exprimees en taux
qwen3-30b-a3b,quebec,1j,"Provenance : designer la phrase ecrite par une personne, contre une machine",num_items_with_rules_choice,effectif,957.0,pourcentage pour les metriques exprimees en taux
qwen3-30b-a3b,quebec,1j,"Provenance : designer la phrase ecrite par une personne, contre une machine",num_off_label,effectif,0.0,pourcentage pour les metriques exprimees en taux
qwen3-30b-a3b,quebec,1j,"Provenance : designer la phrase ecrite par une personne, contre une machine",rules_baseline_accuracy,repere,50.26,pourcentage pour les metriques exprimees en taux
qwen3-30b-a3b,quebec,2a,Camp : gouvernement ou opposition,accuracy,performance,75.7,pourcentage pour les metriques exprimees en taux
qwen3-30b-a3b,quebec,2a,Camp : gouvernement ou opposition,attribution_verified_share,repere,0.0,pourcentage pour les metriques exprimees en taux
qwen3-30b-a3b,quebec,2a,Camp : gouvernement ou opposition,chance_level,repere,50.0,pourcentage pour les metriques exprimees en taux
qwen3-30b-a3b,quebec,2a,Camp : gouvernement ou opposition,macro_f1,performance,74.97,pourcentage pour les metriques exprimees en taux
qwen3-30b-a3b,quebec,2a,Camp : gouvernement ou opposition,majority_class_rate,repere,50.0,pourcentage pour les metriques exprimees en taux
qwen3-30b-a3b,quebec,2a,Camp : gouvernement ou opposition,num_items,effectif,1000.0,pourcentage pour les metriques exprimees en taux
qwen3-30b-a3b,quebec,2a,Camp : gouvernement ou opposition,num_off_label,effectif,0.0,pourcentage pour les metriques exprimees en taux
qwen3-30b-a3b,quebec,2a,Camp : gouvernement ou opposition,question_period_share,repere,2.6,pourcentage pour les metriques exprimees en taux
qwen3-30b-a3b,quebec,2b,"Parti : lequel, parmi ceux qui siegeaient a cette legislature",accuracy,performance,28.7,pourcentage pour les metriques exprimees en taux
qwen3-30b-a3b,quebec,2b,"Parti : lequel, parmi ceux qui siegeaient a cette legislature",attribution_verified_share,repere,100.0,pourcentage pour les metriques exprimees en taux
qwen3-30b-a3b,quebec,2b,"Parti : lequel, parmi ceux qui siegeaient a cette legislature",macro_f1,performance,25.61,pourcentage pour les metriques exprimees en taux
qwen3-30b-a3b,quebec,2b,"Parti : lequel, parmi ceux qui siegeaient a cette legislature",majority_class_rate,repere,20.0,pourcentage pour les metriques exprimees en taux
qwen3-30b-a3b,quebec,2b,"Parti : lequel, parmi ceux qui siegeaient a cette legislature",mean_options,effectif,4.884,pourcentage pour les metriques exprimees en taux
qwen3-30b-a3b,quebec,2b,"Parti : lequel, parmi ceux qui siegeaient a cette legislature",num_items,effectif,1000.0,pourcentage pour les metriques exprimees en taux
qwen3-30b-a3b,quebec,2b,"Parti : lequel, parmi ceux qui siegeaient a cette legislature",num_off_label,effectif,0.0,pourcentage pour les metriques exprimees en taux
qwen3-30b-a3b,quebec,2b,"Parti : lequel, parmi ceux qui siegeaient a cette legislature",question_period_share,repere,1.1,pourcentage pour les metriques exprimees en taux
qwen3-32b,quebec,1a,"Quebecisme : reperer un terme dans un echange, puis en donner le sens",definition_accuracy,performance,74.34,pourcentage pour les metriques exprimees en taux
qwen3-32b,quebec,1a,"Quebecisme : reperer un terme dans un echange, puis en donner le sens",detection_accuracy,performance,24.62,pourcentage pour les metriques exprimees en taux
qwen3-32b,quebec,1a,"Quebecisme : reperer un terme dans un echange, puis en donner le sens",num_definitions_scored,effectif,113.0,pourcentage pour les metriques exprimees en taux
qwen3-32b,quebec,1a,"Quebecisme : reperer un terme dans un echange, puis en donner le sens",num_detected,effectif,131.0,pourcentage pour les metriques exprimees en taux
qwen3-32b,quebec,1a,"Quebecisme : reperer un terme dans un echange, puis en donner le sens",num_items,effectif,532.0,pourcentage pour les metriques exprimees en taux
qwen3-32b,quebec,1a,"Quebecisme : reperer un terme dans un echange, puis en donner le sens",num_no_term,effectif,0.0,pourcentage pour les metriques exprimees en taux
qwen3-32b,quebec,1b,Terminologie parlementaire : reconnaitre le sens d'un terme de procedure,abstention_rate,performance,10.82,pourcentage pour les metriques exprimees en taux
qwen3-32b,quebec,1b,Terminologie parlementaire : reconnaitre le sens d'un terme de procedure,accuracy,performance,87.31,pourcentage pour les metriques exprimees en taux
qwen3-32b,quebec,1b,Terminologie parlementaire : reconnaitre le sens d'un terme de procedure,accuracy_hors_abstention,performance,97.91,pourcentage pour les metriques exprimees en taux
qwen3-32b,quebec,1b,Terminologie parlementaire : reconnaitre le sens d'un terme de procedure,chance_level,repere,20.0,pourcentage pour les metriques exprimees en taux
qwen3-32b,quebec,1b,Terminologie parlementaire : reconnaitre le sens d'un terme de procedure,macro_f1,performance,83.07,pourcentage pour les metriques exprimees en taux
qwen3-32b,quebec,1b,Terminologie parlementaire : reconnaitre le sens d'un terme de procedure,majority_class_rate,repere,2.24,pourcentage pour les metriques exprimees en taux
qwen3-32b,quebec,1b,Terminologie parlementaire : reconnaitre le sens d'un terme de procedure,num_answered,effectif,478.0,pourcentage pour les metriques exprimees en taux
qwen3-32b,quebec,1b,Terminologie parlementaire : reconnaitre le sens d'un terme de procedure,num_items,effectif,536.0,pourcentage pour les metriques exprimees en taux
qwen3-32b,quebec,1b,Terminologie parlementaire : reconnaitre le sens d'un terme de procedure,num_off_label,effectif,0.0,pourcentage pour les metriques exprimees en taux
qwen3-32b,quebec,1c,Reference institutionnelle : produire l'expansion d'un sigle,abstention_rate,performance,0.0,pourcentage pour les metriques exprimees en taux
qwen3-32b,quebec,1c,Reference institutionnelle : produire l'expansion d'un sigle,accuracy,performance,54.2,pourcentage pour les metriques exprimees en taux
qwen3-32b,quebec,1c,Reference institutionnelle : produire l'expansion d'un sigle,containment_verbosity,performance,1.6666666666666667,pourcentage pour les metriques exprimees en taux
qwen3-32b,quebec,1c,Reference institutionnelle : produire l'expansion d'un sigle,num_items,effectif,1000.0,pourcentage pour les metriques exprimees en taux
qwen3-32b,quebec,1c,Reference institutionnelle : produire l'expansion d'un sigle,span_containment,performance,54.7,pourcentage pour les metriques exprimees en taux
qwen3-32b,quebec,1d,Norme lexicale : retrouver le mot employe par un locuteur quebecois,abstention_rate,performance,16.72,pourcentage pour les metriques exprimees en taux
qwen3-32b,quebec,1d,Norme lexicale : retrouver le mot employe par un locuteur quebecois,accuracy,performance,58.19,pourcentage pour les metriques exprimees en taux
qwen3-32b,quebec,1d,Norme lexicale : retrouver le mot employe par un locuteur quebecois,accuracy_hors_abstention,performance,69.87,pourcentage pour les metriques exprimees en taux
qwen3-32b,quebec,1d,Norme lexicale : retrouver le mot employe par un locuteur quebecois,chance_level,repere,20.0,pourcentage pour les metriques exprimees en taux
qwen3-32b,quebec,1d,Norme lexicale : retrouver le mot employe par un locuteur quebecois,macro_f1,performance,38.03,pourcentage pour les metriques exprimees en taux
qwen3-32b,quebec,1d,Norme lexicale : retrouver le mot employe par un locuteur quebecois,majority_class_rate,repere,4.18,pourcentage pour les metriques exprimees en taux
qwen3-32b,quebec,1d,Norme lexicale : retrouver le mot employe par un locuteur quebecois,num_answered,effectif,239.0,pourcentage pour les metriques exprimees en taux
qwen3-32b,quebec,1d,Norme lexicale : retrouver le mot employe par un locuteur quebecois,num_items,effectif,287.0,pourcentage pour les metriques exprimees en taux
qwen3-32b,quebec,1d,Norme lexicale : retrouver le mot employe par un locuteur quebecois,num_off_label,effectif,0.0,pourcentage pour les metriques exprimees en taux
qwen3-32b,quebec,1e,Acceptabilite : juger si une phrase est du francais quebecois acceptable,accuracy,performance,79.6,pourcentage pour les metriques exprimees en taux
qwen3-32b,quebec,1e,Acceptabilite : juger si une phrase est du francais quebecois acceptable,macro_f1,performance,76.71,pourcentage pour les metriques exprimees en taux
qwen3-32b,quebec,1e,Acceptabilite : juger si une phrase est du francais quebecois acceptable,majority_class_rate,repere,69.3,pourcentage pour les metriques exprimees en taux
qwen3-32b,quebec,1e,Acceptabilite : juger si une phrase est du francais quebecois acceptable,num_answered,effectif,1000.0,pourcentage pour les metriques exprimees en taux
qwen3-32b,quebec,1e,Acceptabilite : juger si une phrase est du francais quebecois acceptable,num_items,effectif,1000.0,pourcentage pour les metriques exprimees en taux
qwen3-32b,quebec,1e,Acceptabilite : juger si une phrase est du francais quebecois acceptable,num_off_label,effectif,0.0,pourcentage pour les metriques exprimees en taux
qwen3-32b,quebec,1f,"Paire minimale : preferer la phrase grammaticale, contre un plafond humain",accuracy,performance,81.49,pourcentage pour les metriques exprimees en taux
qwen3-32b,quebec,1f,"Paire minimale : preferer la phrase grammaticale, contre un plafond humain",chance_level,repere,50.0,pourcentage pour les metriques exprimees en taux
qwen3-32b,quebec,1f,"Paire minimale : preferer la phrase grammaticale, contre un plafond humain",human_ceiling,repere,87.42,pourcentage pour les metriques exprimees en taux
qwen3-32b,quebec,1f,"Paire minimale : preferer la phrase grammaticale, contre un plafond humain",macro_f1,performance,80.8,pourcentage pour les metriques exprimees en taux
qwen3-32b,quebec,1f,"Paire minimale : preferer la phrase grammaticale, contre un plafond humain",majority_class_rate,repere,51.72,pourcentage pour les metriques exprimees en taux
qwen3-32b,quebec,1f,"Paire minimale : preferer la phrase grammaticale, contre un plafond humain",num_answered,effectif,524.0,pourcentage pour les metriques exprimees en taux
qwen3-32b,quebec,1f,"Paire minimale : preferer la phrase grammaticale, contre un plafond humain",num_items,effectif,524.0,pourcentage pour les metriques exprimees en taux
qwen3-32b,quebec,1f,"Paire minimale : preferer la phrase grammaticale, contre un plafond humain",num_items_with_ceiling,effectif,524.0,pourcentage pour les metriques exprimees en taux
qwen3-32b,quebec,1f,"Paire minimale : preferer la phrase grammaticale, contre un plafond humain",num_off_label,effectif,0.0,pourcentage pour les metriques exprimees en taux
qwen3-32b,quebec,1h,"Expression quebecoise : reconnaitre le sens d'une expression, hors contexte",abstention_rate,performance,31.7,pourcentage pour les metriques exprimees en taux
qwen3-32b,quebec,1h,"Expression quebecoise : reconnaitre le sens d'une expression, hors contexte",accuracy,performance,62.4,pourcentage pour les metriques exprimees en taux
qwen3-32b,quebec,1h,"Expression quebecoise : reconnaitre le sens d'une expression, hors contexte",accuracy_hors_abstention,performance,91.36,pourcentage pour les metriques exprimees en taux
qwen3-32b,quebec,1h,"Expression quebecoise : reconnaitre le sens d'une expression, hors contexte",chance_level,repere,20.0,pourcentage pour les metriques exprimees en taux
qwen3-32b,quebec,1h,"Expression quebecoise : reconnaitre le sens d'une expression, hors contexte",macro_f1,performance,59.79,pourcentage pour les metriques exprimees en taux
qwen3-32b,quebec,1h,"Expression quebecoise : reconnaitre le sens d'une expression, hors contexte",majority_class_rate,repere,0.3,pourcentage pour les metriques exprimees en taux
qwen3-32b,quebec,1h,"Expression quebecoise : reconnaitre le sens d'une expression, hors contexte",num_answered,effectif,683.0,pourcentage pour les metriques exprimees en taux
qwen3-32b,quebec,1h,"Expression quebecoise : reconnaitre le sens d'une expression, hors contexte",num_items,effectif,1000.0,pourcentage pour les metriques exprimees en taux
qwen3-32b,quebec,1h,"Expression quebecoise : reconnaitre le sens d'une expression, hors contexte",num_off_label,effectif,0.0,pourcentage pour les metriques exprimees en taux
qwen3-32b,quebec,1i,"Terme quebecois : reconnaitre le sens d'un terme, hors contexte",abstention_rate,performance,25.73,pourcentage pour les metriques exprimees en taux
qwen3-32b,quebec,1i,"Terme quebecois : reconnaitre le sens d'un terme, hors contexte",accuracy,performance,68.42,pourcentage pour les metriques exprimees en taux
qwen3-32b,quebec,1i,"Terme quebecois : reconnaitre le sens d'un terme, hors contexte",accuracy_hors_abstention,performance,92.13,pourcentage pour les metriques exprimees en taux
qwen3-32b,quebec,1i,"Terme quebecois : reconnaitre le sens d'un terme, hors contexte",chance_level,repere,20.0,pourcentage pour les metriques exprimees en taux
qwen3-32b,quebec,1i,"Terme quebecois : reconnaitre le sens d'un terme, hors contexte",macro_f1,performance,66.47,pourcentage pour les metriques exprimees en taux
qwen3-32b,quebec,1i,"Terme quebecois : reconnaitre le sens d'un terme, hors contexte",majority_class_rate,repere,0.58,pourcentage pour les metriques exprimees en taux
qwen3-32b,quebec,1i,"Terme quebecois : reconnaitre le sens d'un terme, hors contexte",num_answered,effectif,127.0,pourcentage pour les metriques exprimees en taux
qwen3-32b,quebec,1i,"Terme quebecois : reconnaitre le sens d'un terme, hors contexte",num_items,effectif,171.0,pourcentage pour les metriques exprimees en taux
qwen3-32b,quebec,1i,"Terme quebecois : reconnaitre le sens d'un terme, hors contexte",num_off_label,effectif,0.0,pourcentage pour les metriques exprimees en taux
qwen3-32b,quebec,1j,"Provenance : designer la phrase ecrite par une personne, contre une machine",accuracy,performance,41.1,pourcentage pour les metriques exprimees en taux
qwen3-32b,quebec,1j,"Provenance : designer la phrase ecrite par une personne, contre une machine",chance_level,repere,50.0,pourcentage pour les metriques exprimees en taux
qwen3-32b,quebec,1j,"Provenance : designer la phrase ecrite par une personne, contre une machine",macro_f1,performance,39.69,pourcentage pour les metriques exprimees en taux
qwen3-32b,quebec,1j,"Provenance : designer la phrase ecrite par une personne, contre une machine",majority_class_rate,repere,52.4,pourcentage pour les metriques exprimees en taux
qwen3-32b,quebec,1j,"Provenance : designer la phrase ecrite par une personne, contre une machine",num_answered,effectif,1000.0,pourcentage pour les metriques exprimees en taux
qwen3-32b,quebec,1j,"Provenance : designer la phrase ecrite par une personne, contre une machine",num_items,effectif,1000.0,pourcentage pour les metriques exprimees en taux
qwen3-32b,quebec,1j,"Provenance : designer la phrase ecrite par une personne, contre une machine",num_items_with_rules_choice,effectif,957.0,pourcentage pour les metriques exprimees en taux
qwen3-32b,quebec,1j,"Provenance : designer la phrase ecrite par une personne, contre une machine",num_off_label,effectif,0.0,pourcentage pour les metriques exprimees en taux
qwen3-32b,quebec,1j,"Provenance : designer la phrase ecrite par une personne, contre une machine",rules_baseline_accuracy,repere,50.26,pourcentage pour les metriques exprimees en taux
qwen3-32b,quebec,2a,Camp : gouvernement ou opposition,accuracy,performance,81.8,pourcentage pour les metriques exprimees en taux
qwen3-32b,quebec,2a,Camp : gouvernement ou opposition,attribution_verified_share,repere,0.0,pourcentage pour les metriques exprimees en taux
qwen3-32b,quebec,2a,Camp : gouvernement ou opposition,chance_level,repere,50.0,pourcentage pour les metriques exprimees en taux
qwen3-32b,quebec,2a,Camp : gouvernement ou opposition,macro_f1,performance,81.76,pourcentage pour les metriques exprimees en taux
qwen3-32b,quebec,2a,Camp : gouvernement ou opposition,majority_class_rate,repere,50.0,pourcentage pour les metriques exprimees en taux
qwen3-32b,quebec,2a,Camp : gouvernement ou opposition,num_items,effectif,1000.0,pourcentage pour les metriques exprimees en taux
qwen3-32b,quebec,2a,Camp : gouvernement ou opposition,num_off_label,effectif,0.0,pourcentage pour les metriques exprimees en taux
qwen3-32b,quebec,2a,Camp : gouvernement ou opposition,question_period_share,repere,2.6,pourcentage pour les metriques exprimees en taux
qwen3-32b,quebec,2b,"Parti : lequel, parmi ceux qui siegeaient a cette legislature",accuracy,performance,27.2,pourcentage pour les metriques exprimees en taux
qwen3-32b,quebec,2b,"Parti : lequel, parmi ceux qui siegeaient a cette legislature",attribution_verified_share,repere,100.0,pourcentage pour les metriques exprimees en taux
qwen3-32b,quebec,2b,"Parti : lequel, parmi ceux qui siegeaient a cette legislature",macro_f1,performance,23.46,pourcentage pour les metriques exprimees en taux
qwen3-32b,quebec,2b,"Parti : lequel, parmi ceux qui siegeaient a cette legislature",majority_class_rate,repere,20.0,pourcentage pour les metriques exprimees en taux
qwen3-32b,quebec,2b,"Parti : lequel, parmi ceux qui siegeaient a cette legislature",mean_options,effectif,4.884,pourcentage pour les metriques exprimees en taux
qwen3-32b,quebec,2b,"Parti : lequel, parmi ceux qui siegeaient a cette legislature",num_items,effectif,1000.0,pourcentage pour les metriques exprimees en taux
qwen3-32b,quebec,2b,"Parti : lequel, parmi ceux qui siegeaient a cette legislature",num_off_label,effectif,0.0,pourcentage pour les metriques exprimees en taux
qwen3-32b,quebec,2b,"Parti : lequel, parmi ceux qui siegeaient a cette legislature",question_period_share,repere,1.1,pourcentage pour les metriques exprimees en taux
salamandra-7b,quebec,1a,"Quebecisme : reperer un terme dans un echange, puis en donner le sens",definition_accuracy,performance,34.62,pourcentage pour les metriques exprimees en taux
salamandra-7b,quebec,1a,"Quebecisme : reperer un terme dans un echange, puis en donner le sens",detection_accuracy,performance,10.53,pourcentage pour les metriques exprimees en taux
salamandra-7b,quebec,1a,"Quebecisme : reperer un terme dans un echange, puis en donner le sens",num_definitions_scored,effectif,52.0,pourcentage pour les metriques exprimees en taux
salamandra-7b,quebec,1a,"Quebecisme : reperer un terme dans un echange, puis en donner le sens",num_detected,effectif,56.0,pourcentage pour les metriques exprimees en taux
salamandra-7b,quebec,1a,"Quebecisme : reperer un terme dans un echange, puis en donner le sens",num_items,effectif,532.0,pourcentage pour les metriques exprimees en taux
salamandra-7b,quebec,1a,"Quebecisme : reperer un terme dans un echange, puis en donner le sens",num_no_term,effectif,0.0,pourcentage pour les metriques exprimees en taux
salamandra-7b,quebec,1b,Terminologie parlementaire : reconnaitre le sens d'un terme de procedure,abstention_rate,performance,0.19,pourcentage pour les metriques exprimees en taux
salamandra-7b,quebec,1b,Terminologie parlementaire : reconnaitre le sens d'un terme de procedure,accuracy,performance,71.83,pourcentage pour les metriques exprimees en taux
salamandra-7b,quebec,1b,Terminologie parlementaire : reconnaitre le sens d'un terme de procedure,accuracy_hors_abstention,performance,71.96,pourcentage pour les metriques exprimees en taux
salamandra-7b,quebec,1b,Terminologie parlementaire : reconnaitre le sens d'un terme de procedure,chance_level,repere,20.0,pourcentage pour les metriques exprimees en taux
salamandra-7b,quebec,1b,Terminologie parlementaire : reconnaitre le sens d'un terme de procedure,macro_f1,performance,65.15,pourcentage pour les metriques exprimees en taux
salamandra-7b,quebec,1b,Terminologie parlementaire : reconnaitre le sens d'un terme de procedure,majority_class_rate,repere,2.24,pourcentage pour les metriques exprimees en taux
salamandra-7b,quebec,1b,Terminologie parlementaire : reconnaitre le sens d'un terme de procedure,num_answered,effectif,535.0,pourcentage pour les metriques exprimees en taux
salamandra-7b,quebec,1b,Terminologie parlementaire : reconnaitre le sens d'un terme de procedure,num_items,effectif,536.0,pourcentage pour les metriques exprimees en taux
salamandra-7b,quebec,1b,Terminologie parlementaire : reconnaitre le sens d'un terme de procedure,num_off_label,effectif,0.0,pourcentage pour les metriques exprimees en taux
salamandra-7b,quebec,1c,Reference institutionnelle : produire l'expansion d'un sigle,abstention_rate,performance,0.0,pourcentage pour les metriques exprimees en taux
salamandra-7b,quebec,1c,Reference institutionnelle : produire l'expansion d'un sigle,accuracy,performance,9.8,pourcentage pour les metriques exprimees en taux
salamandra-7b,quebec,1c,Reference institutionnelle : produire l'expansion d'un sigle,containment_verbosity,performance,1.5714285714285714,pourcentage pour les metriques exprimees en taux
salamandra-7b,quebec,1c,Reference institutionnelle : produire l'expansion d'un sigle,num_items,effectif,1000.0,pourcentage pour les metriques exprimees en taux
salamandra-7b,quebec,1c,Reference institutionnelle : produire l'expansion d'un sigle,span_containment,performance,10.5,pourcentage pour les metriques exprimees en taux
salamandra-7b,quebec,1d,Norme lexicale : retrouver le mot employe par un locuteur quebecois,abstention_rate,performance,0.0,pourcentage pour les metriques exprimees en taux
salamandra-7b,quebec,1d,Norme lexicale : retrouver le mot employe par un locuteur quebecois,accuracy,performance,34.49,pourcentage pour les metriques exprimees en taux
salamandra-7b,quebec,1d,Norme lexicale : retrouver le mot employe par un locuteur quebecois,accuracy_hors_abstention,performance,38.82,pourcentage pour les metriques exprimees en taux
salamandra-7b,quebec,1d,Norme lexicale : retrouver le mot employe par un locuteur quebecois,chance_level,repere,20.0,pourcentage pour les metriques exprimees en taux
salamandra-7b,quebec,1d,Norme lexicale : retrouver le mot employe par un locuteur quebecois,macro_f1,performance,23.03,pourcentage pour les metriques exprimees en taux
salamandra-7b,quebec,1d,Norme lexicale : retrouver le mot employe par un locuteur quebecois,majority_class_rate,repere,4.18,pourcentage pour les metriques exprimees en taux
salamandra-7b,quebec,1d,Norme lexicale : retrouver le mot employe par un locuteur quebecois,num_answered,effectif,255.0,pourcentage pour les metriques exprimees en taux
salamandra-7b,quebec,1d,Norme lexicale : retrouver le mot employe par un locuteur quebecois,num_items,effectif,287.0,pourcentage pour les metriques exprimees en taux
salamandra-7b,quebec,1d,Norme lexicale : retrouver le mot employe par un locuteur quebecois,num_off_label,effectif,32.0,pourcentage pour les metriques exprimees en taux
salamandra-7b,quebec,1e,Acceptabilite : juger si une phrase est du francais quebecois acceptable,accuracy,performance,75.4,pourcentage pour les metriques exprimees en taux
salamandra-7b,quebec,1e,Acceptabilite : juger si une phrase est du francais quebecois acceptable,macro_f1,performance,61.12,pourcentage pour les metriques exprimees en taux
salamandra-7b,quebec,1e,Acceptabilite : juger si une phrase est du francais quebecois acceptable,majority_class_rate,repere,69.3,pourcentage pour les metriques exprimees en taux
salamandra-7b,quebec,1e,Acceptabilite : juger si une phrase est du francais quebecois acceptable,num_answered,effectif,1000.0,pourcentage pour les metriques exprimees en taux
salamandra-7b,quebec,1e,Acceptabilite : juger si une phrase est du francais quebecois acceptable,num_items,effectif,1000.0,pourcentage pour les metriques exprimees en taux
salamandra-7b,quebec,1e,Acceptabilite : juger si une phrase est du francais quebecois acceptable,num_off_label,effectif,0.0,pourcentage pour les metriques exprimees en taux
salamandra-7b,quebec,1f,"Paire minimale : preferer la phrase grammaticale, contre un plafond humain",accuracy,performance,67.75,pourcentage pour les metriques exprimees en taux
salamandra-7b,quebec,1f,"Paire minimale : preferer la phrase grammaticale, contre un plafond humain",chance_level,repere,50.0,pourcentage pour les metriques exprimees en taux
salamandra-7b,quebec,1f,"Paire minimale : preferer la phrase grammaticale, contre un plafond humain",human_ceiling,repere,87.42,pourcentage pour les metriques exprimees en taux
salamandra-7b,quebec,1f,"Paire minimale : preferer la phrase grammaticale, contre un plafond humain",macro_f1,performance,65.6,pourcentage pour les metriques exprimees en taux
salamandra-7b,quebec,1f,"Paire minimale : preferer la phrase grammaticale, contre un plafond humain",majority_class_rate,repere,51.72,pourcentage pour les metriques exprimees en taux
salamandra-7b,quebec,1f,"Paire minimale : preferer la phrase grammaticale, contre un plafond humain",num_answered,effectif,524.0,pourcentage pour les metriques exprimees en taux
salamandra-7b,quebec,1f,"Paire minimale : preferer la phrase grammaticale, contre un plafond humain",num_items,effectif,524.0,pourcentage pour les metriques exprimees en taux
salamandra-7b,quebec,1f,"Paire minimale : preferer la phrase grammaticale, contre un plafond humain",num_items_with_ceiling,effectif,524.0,pourcentage pour les metriques exprimees en taux
salamandra-7b,quebec,1f,"Paire minimale : preferer la phrase grammaticale, contre un plafond humain",num_off_label,effectif,0.0,pourcentage pour les metriques exprimees en taux
salamandra-7b,quebec,1h,"Expression quebecoise : reconnaitre le sens d'une expression, hors contexte",abstention_rate,performance,0.1,pourcentage pour les metriques exprimees en taux
salamandra-7b,quebec,1h,"Expression quebecoise : reconnaitre le sens d'une expression, hors contexte",accuracy,performance,47.1,pourcentage pour les metriques exprimees en taux
salamandra-7b,quebec,1h,"Expression quebecoise : reconnaitre le sens d'une expression, hors contexte",accuracy_hors_abstention,performance,47.15,pourcentage pour les metriques exprimees en taux
salamandra-7b,quebec,1h,"Expression quebecoise : reconnaitre le sens d'une expression, hors contexte",chance_level,repere,20.0,pourcentage pour les metriques exprimees en taux
salamandra-7b,quebec,1h,"Expression quebecoise : reconnaitre le sens d'une expression, hors contexte",macro_f1,performance,33.11,pourcentage pour les metriques exprimees en taux
salamandra-7b,quebec,1h,"Expression quebecoise : reconnaitre le sens d'une expression, hors contexte",majority_class_rate,repere,0.3,pourcentage pour les metriques exprimees en taux
salamandra-7b,quebec,1h,"Expression quebecoise : reconnaitre le sens d'une expression, hors contexte",num_answered,effectif,999.0,pourcentage pour les metriques exprimees en taux
salamandra-7b,quebec,1h,"Expression quebecoise : reconnaitre le sens d'une expression, hors contexte",num_items,effectif,1000.0,pourcentage pour les metriques exprimees en taux
salamandra-7b,quebec,1h,"Expression quebecoise : reconnaitre le sens d'une expression, hors contexte",num_off_label,effectif,0.0,pourcentage pour les metriques exprimees en taux
salamandra-7b,quebec,1i,"Terme quebecois : reconnaitre le sens d'un terme, hors contexte",abstention_rate,performance,0.0,pourcentage pour les metriques exprimees en taux
salamandra-7b,quebec,1i,"Terme quebecois : reconnaitre le sens d'un terme, hors contexte",accuracy,performance,55.56,pourcentage pour les metriques exprimees en taux
salamandra-7b,quebec,1i,"Terme quebecois : reconnaitre le sens d'un terme, hors contexte",accuracy_hors_abstention,performance,55.88,pourcentage pour les metriques exprimees en taux
salamandra-7b,quebec,1i,"Terme quebecois : reconnaitre le sens d'un terme, hors contexte",chance_level,repere,20.0,pourcentage pour les metriques exprimees en taux
salamandra-7b,quebec,1i,"Terme quebecois : reconnaitre le sens d'un terme, hors contexte",macro_f1,performance,49.03,pourcentage pour les metriques exprimees en taux
salamandra-7b,quebec,1i,"Terme quebecois : reconnaitre le sens d'un terme, hors contexte",majority_class_rate,repere,0.58,pourcentage pour les metriques exprimees en taux
salamandra-7b,quebec,1i,"Terme quebecois : reconnaitre le sens d'un terme, hors contexte",num_answered,effectif,170.0,pourcentage pour les metriques exprimees en taux
salamandra-7b,quebec,1i,"Terme quebecois : reconnaitre le sens d'un terme, hors contexte",num_items,effectif,171.0,pourcentage pour les metriques exprimees en taux
salamandra-7b,quebec,1i,"Terme quebecois : reconnaitre le sens d'un terme, hors contexte",num_off_label,effectif,1.0,pourcentage pour les metriques exprimees en taux
salamandra-7b,quebec,1j,"Provenance : designer la phrase ecrite par une personne, contre une machine",accuracy,performance,47.1,pourcentage pour les metriques exprimees en taux
salamandra-7b,quebec,1j,"Provenance : designer la phrase ecrite par une personne, contre une machine",chance_level,repere,50.0,pourcentage pour les metriques exprimees en taux
salamandra-7b,quebec,1j,"Provenance : designer la phrase ecrite par une personne, contre une machine",macro_f1,performance,33.74,pourcentage pour les metriques exprimees en taux
salamandra-7b,quebec,1j,"Provenance : designer la phrase ecrite par une personne, contre une machine",majority_class_rate,repere,52.4,pourcentage pour les metriques exprimees en taux
salamandra-7b,quebec,1j,"Provenance : designer la phrase ecrite par une personne, contre une machine",num_answered,effectif,1000.0,pourcentage pour les metriques exprimees en taux
salamandra-7b,quebec,1j,"Provenance : designer la phrase ecrite par une personne, contre une machine",num_items,effectif,1000.0,pourcentage pour les metriques exprimees en taux
salamandra-7b,quebec,1j,"Provenance : designer la phrase ecrite par une personne, contre une machine",num_items_with_rules_choice,effectif,957.0,pourcentage pour les metriques exprimees en taux
salamandra-7b,quebec,1j,"Provenance : designer la phrase ecrite par une personne, contre une machine",num_off_label,effectif,0.0,pourcentage pour les metriques exprimees en taux
salamandra-7b,quebec,1j,"Provenance : designer la phrase ecrite par une personne, contre une machine",rules_baseline_accuracy,repere,50.26,pourcentage pour les metriques exprimees en taux
salamandra-7b,quebec,2a,Camp : gouvernement ou opposition,accuracy,performance,50.2,pourcentage pour les metriques exprimees en taux
salamandra-7b,quebec,2a,Camp : gouvernement ou opposition,attribution_verified_share,repere,0.0,pourcentage pour les metriques exprimees en taux
salamandra-7b,quebec,2a,Camp : gouvernement ou opposition,chance_level,repere,50.0,pourcentage pour les metriques exprimees en taux
salamandra-7b,quebec,2a,Camp : gouvernement ou opposition,macro_f1,performance,33.78,pourcentage pour les metriques exprimees en taux
salamandra-7b,quebec,2a,Camp : gouvernement ou opposition,majority_class_rate,repere,50.0,pourcentage pour les metriques exprimees en taux
salamandra-7b,quebec,2a,Camp : gouvernement ou opposition,num_items,effectif,1000.0,pourcentage pour les metriques exprimees en taux
salamandra-7b,quebec,2a,Camp : gouvernement ou opposition,num_off_label,effectif,0.0,pourcentage pour les metriques exprimees en taux
salamandra-7b,quebec,2a,Camp : gouvernement ou opposition,question_period_share,repere,2.6,pourcentage pour les metriques exprimees en taux
salamandra-7b,quebec,2b,"Parti : lequel, parmi ceux qui siegeaient a cette legislature",accuracy,performance,21.9,pourcentage pour les metriques exprimees en taux
salamandra-7b,quebec,2b,"Parti : lequel, parmi ceux qui siegeaient a cette legislature",attribution_verified_share,repere,100.0,pourcentage pour les metriques exprimees en taux
salamandra-7b,quebec,2b,"Parti : lequel, parmi ceux qui siegeaient a cette legislature",macro_f1,performance,9.71,pourcentage pour les metriques exprimees en taux
salamandra-7b,quebec,2b,"Parti : lequel, parmi ceux qui siegeaient a cette legislature",majority_class_rate,repere,20.0,pourcentage pour les metriques exprimees en taux
salamandra-7b,quebec,2b,"Parti : lequel, parmi ceux qui siegeaient a cette legislature",mean_options,effectif,4.884,pourcentage pour les metriques exprimees en taux
salamandra-7b,quebec,2b,"Parti : lequel, parmi ceux qui siegeaient a cette legislature",num_items,effectif,1000.0,pourcentage pour les metriques exprimees en taux
salamandra-7b,quebec,2b,"Parti : lequel, parmi ceux qui siegeaient a cette legislature",num_off_label,effectif,1.0,pourcentage pour les metriques exprimees en taux
salamandra-7b,quebec,2b,"Parti : lequel, parmi ceux qui siegeaient a cette legislature",question_period_share,repere,1.1,pourcentage pour les metriques exprimees en taux
